"Identifier","SourceString","Comment","DE","FR","NL","ES","PL","IT","RU"
"1","Reorder IDs","46:./templates2/ocstyle/translate.tpl","ID's neu sortieren","Réorganiser des IDs","ID's opnieuw sorteren","Reordenar IDs","","Reorder IDs",""
"2","The database could not be reconnected.","60:./templates2/ocstyle/error.tpl","Die Verbindung mit der Datenbank konnte nicht wiederhergestellt werden.","La base de données n'a pas pu être connecté.","De verbinding met de database kon niet hersteld worden.","La base de datos no se pudo conectar.","","The database could not be reconnected.",""
"3","Testing – please do not login","188:./templates2/ocstyle/sys_main.tpl","Testbetrieb - bitte nicht einloggen","En cours de test - Ne vous connectez pas, s'il vous plaît","Test - niet inloggen alstublieft","Testing – please do not login","Test - proszę nie logować się","Testing – please do not login",""
"4","User","21:./templates2/ocstyle/adoptcache.tpl","Benutzer","Utilisateur","Gebruiker","Usuario/a","Użytkownik","User",""
"5","(empty)","","(leer)","(vide)","(leeg)","(vacío)","","(empty)",""
"6","Logged in as","2245:./templates2/ocstyle/map2.tpl","Eingeloggt als","Connecté en tant que","Ingelogd als","Conectado como","Zalogowany jako","Logged in as","Вы вошли как"
"7","Logout","2245:./templates2/ocstyle/map2.tpl","Abmelden","Déconnexion","Uitloggen","Cerrar sesión","Wyloguj","Logout","Выход"
"8","Waypoint search:","217:./templates2/ocstyle/sys_main.tpl","Wegpunkt-Suche:","Recherche par Waypoint :","Zoek op waypoint:","Waypoint search:","Szukaj-Waypoint:","Waypoint search:",""
"9","Page timing:","300:./templates2/ocstyle/sys_main.tpl","Seitenberechnung:","Durée page&nbsp;:","Pagina gegenereerd in:","Página de sincronización:","","Page timing:",""
"10","sec","10
310:./lang/de/ocstyle/main.tpl.php
Time to built this page in seconds","sek","seconde","sec","seg","","sec",""
"11","Page cached:","11
302:./templates2/ocstyle/sys_main.tpl
When was this page cached (DateTime).","Zwischengespeichert:","Page en cache&nbsp;:","Cachegeheugen:","Página cargando:","","Page cached:",""
"12","DB connected:","305:./templates2/ocstyle/sys_main.tpl","Datenbankverbindung:","DB connecté&nbsp;:","Database verbonden:","Conectado a la Base de Datos:","Połącznie z Bazą","DB connected:",""
"13","Created at:","116:./templates2/ocstyle/adminreports.tpl","Erstellt am:","Créé à&nbsp;:","Gemaakt op:","Creado el:","","Created at:",""
"14","Privacy statement","332:./lang/de/ocstyle/main.tpl.php","Datenschutzerklärung","Déclaration de confidentialité","Privacyverklaring","Protección de datos","Ochrona danych osobowych","Privacy statement","О конфиденциальности"
"15","Legal information","99:./templates2/ocstyle/sys_oc404.tpl","Impressum","Informations légales","Juridische informatie","Información legal","Imprint","Legal information","О конфиденциальности"
"16","Contact","332:./lang/de/ocstyle/main.tpl.php","Kontakt","Contact","Contact","Contactar","Kontakt","Contact","Контакты"
"17","Sitemap","262:./lang/de/ocstyle/lib/menu.php","Seiten Übersicht","Plan du site","Sitemap","Mapa del Sitio","Sitemap","Sitemap","Карта сайта"
"18","Register","60:./lang/de/ocstyle/login.tpl.php","Registrieren","Inscription","Registreren","Registrar","Rejestracja","Register","Регистрация"
"19","New user registered","10:./templates2/ocstyle/register.tpl","Neuer Benutzer wurde registriert","Nouvel utilisateur inscrit","Nieuwe gebruiker geregistreerd","Nuevo/a usuario/a registrado/a","","New user registered","Новый пользователь зарегистрирован"
"20","Note","107:./templates2/ocstyle/picture.tpl","Hinweis","Note","Opmerking","Nota","Komentarz","Note",""
"21","Vietnamese","0:table:languages;field=name","Vietnamesisch","Vietnamien","Vietnamees","Vietnamita","","Vietnamese",""
"22","Username","10:./templates2/mail/register.tpl","Benutzername","Nom d'utilisateur","Gebruikersnaam","Usuario/a","Użytkownik","Username","Пользователь"
"23","E-mail","","E-Mail","Email","E-mail","E-mail","","E-mail","Электронный адрес"
"24","First name","12:./templates2/mail/register.tpl","Vorname","Prénom","Voornaam","Nombre","Imie","First name","Имя"
"25","Last name","14:./templates2/mail/register.tpl","Nachname","Nom de famille","Achternaam","Apellido","Nazwisko","Last name","Фамилия"
"26","Country","16:./templates2/mail/register.tpl","Land","Pays","Land","País","Kraj","Country","Страна"
"27","Register new user","54:./templates2/ocstyle/register.tpl","Neuen Benutzer registrieren","Créer nouvel utilisateur","Nieuwe gebruiker registreren","Registrar nuevo usuario","Rejestracja nowego użytkownika","Register new user","Регистрация"
"29","The username contains invalid characters.","32:./templates2/ocstyle/myprofile.tpl","Der Benutzername enthält ungültige Zeichen.","Le nom d'utilisateur n'est pas valide.","De gebruikersnaam bevat ongeldige tekens.","El nombre de usuario/a contiene caracteres no válidos.","","The username contains invalid characters.","Недопустимое имя пользователя."
"31","The last name is not valid.","62:./templates2/ocstyle/myprofile.tpl","Der Nachname enthält ungültige Zeichen.","Le dernier nom n'est pas valide.","De achternaam bevat ongeldige tekens.","El apellido no es válido.","","The last name is not valid.",""
"32","The first name is not valid.","48:./templates2/ocstyle/myprofile.tpl","Der Vorname enthält ungültige Zeichen.","Le premier nom n'est pas valide.","De voornaam bevat ongeldige tekens.","El nombre no es válido.","","The first name is not valid.",""
"33","Not specified","254:./templates2/ocstyle/log_cache.tpl","Keine Angabe","Non spécifié","Niet gespecificeerd","No especificado","","Not specified","Не указана"
"34","Show all","23:./lang/de/ocstyle/editcache.inc.php","alle anzeigen","Montre tout","Toon alles","Mostrar todo","pokaż wszystkie","Show all","Показать все"
"35","The e-mail address is not valid.","46:./templates2/ocstyle/newemail.tpl","Die E-Mail-Adresse ist nicht gültig.","L'adresse e-mail n'est pas valide.","Het e-mailadres is niet geldig.","La dirección de correo electrónico no es válida.","","The e-mail address is not valid.","Недопустимый адрес электронной почты."
"36","Turkish","0:table:languages;field=name","Türkisch","Turc","Turks","Turco","","Turkish","Турецкий"
"37","Your password:","133:./templates2/ocstyle/register.tpl","Dein Passwort:","Votre mot de passe&nbsp;:","Jouw wachtwoord:","Tu contraseña:","Twoje hasło:","Your password:","Пароль:"
"39","The passwords do not match.","109:./templates2/ocstyle/newpw.tpl","Die beiden Passwörter sind nicht identisch.","Les mots de passe ne correspondent pas.","Beide wachtwoorden komen niet overeen.","La contraseña no coincide.","","The passwords do not match.","Пароли не совпадают."
"41","* mandatory field","159:./templates2/ocstyle/register.tpl","* Pflichtangabe","* Champ obligatoire","* zijn verplichte velden","* Campo obligatorio","pola zaznaczone * są wymagane","* mandatory field","Звёздочкой (*) отмечены поля, обязательные для заполнения."
"42","Swedish","0:table:languages;field=name","Schwedisch","Suédois","Zweeds","Sueco","","Swedish","Шведский"
"43","Slovenian","0:table:languages;field=name","Slowenisch","Slovène","Sloveens","Esloveno","","Slovenian","Словенский"
"45","at least 4 different characters","11:./templates2/ocstyle/res_passworderror.tpl","mindestens 4 unterschiedliche Zeichen","au moins 4 caractères différents","ten minste 4 verschillende tekens","al menos 4 caracteres diferentes","","at least 4 different characters","Использованы, как минимум, 4 разные символа"
"48","Slovak","0:table:languages;field=name","Slowakisch","Slovaque","Slovaaks","Eslovaco","","Slovak",""
"49","Russian","0:table:languages;field=name","Russisch","Russe","Russisch","Ruso","","Russian","Русский"
"51","Reset","24:./lang/de/expressions.inc.php","Zurücksetzen","Réinitialiser","Herstellen","Restablecer","Wyczyść","Reset","Очистить форму"
"52","Recommendations","190:./lang/de/ocstyle/lib/menu.php","Empfohlene Caches","Recommandations","Aanbevelingen","Recomendaciones","","Recommendations",""
"54","Index","84:./templates2/ocstyle/tops.tpl","Index","Index","Index","Indice","","Index",""
"55","Recommendations","151:./lang/de/ocstyle/lib/menu.php","Empfehlungen","Recommandations","Aanbevelingen","Recomendaciones","Rekomendacje","Recommendations","Золотые ярлыки"
"56","Found","152:./templates2/ocstyle/myhome.tpl","gefunden","trouvé","Gevonden","Encontrado","Znaleziona","Found","Найден"
"57","by","26:./templates2/ocstyle/adminhistory.tpl","von","par","door","por","założona przez","by",""
"59","Romanian","0:table:languages;field=name","Rumänisch","Roumain","Roemeens","Rumano","","Romanian","Румынский"
"60","Step 1","21:./templates2/ocstyle/newemail.tpl","Schritt 1","Step 1","Stap 1","Paso 1","","Step 1","Шаг 1"
"63","Step 2","64:./templates2/ocstyle/newemail.tpl","Schritt 2","Step 2","Stap 2","Paso 2","","Step 2","Шаг 2"
"64","Portuguese","0:table:languages;field=name","Portugiesisch","Portuguese","Portugees","Portugués","","Portuguese","Португальский"
"65","Back","64:./templates2/ocstyle/restorecaches.tpl","Zurück","Back","Terug","Volver","","Back",""
"70","News","9:./templates2/ocstyle/news.tpl","Aktuelles","News","Nieuws","Noticias","Nowości","News","Новости"
"71","Latest caches","","Neueste Caches","Latest caches","Nieuwste caches","Últimos cachés","Najnowsze skrzynki","Latest caches","Новые тайники"
"73","Latest log entries","","Neueste Logeinträge","Latest log entries","Laatste logs","Registros más recientes","Najnowsze logi","Latest log entries","Новые отчёты"
"74","Polish","0:table:languages;field=name","Polnisch","Polish","Pools","Polaco","Polski","Polish","Польский"
"75","Norwegian","0:table:languages;field=name","Norwegisch","Norwegian","Noors","Noruego","","Norwegian","Норвежский"
"76","Latvian","0:table:languages;field=name","Lettisch","Latvian","Lets","Letón","","Latvian","Латвийский"
"77","Lithuanian","0:table:languages;field=name","Litauisch","Lithuanian","Litouws","Lituano","","Lithuanian","Литовский"
"78","Italian","0:table:languages;field=name","Italienisch","Italian","Italiaans","Italiano","","Italian","Итальянский"
"79","Icelandic","0:table:languages;field=name","Isländisch","Icelandic","Ijslands","Islandés","","Icelandic","Исландский"
"80","Home","43:./lang/de/ocstyle/lib/menu.php","Startseite","Home","Startpagina","Inicio","","Home","Начало"
"82","On this page you will find Geocaches from all over the world, with focus on Germany, Austria, Switzerland, Italy and Spain. We also offer information on miscellaneous geocaching topics and a forum (message board).</p><p class=""startmessage"">If you would like to propagate geocaching in your own country, you may run your own Opencaching site in your own language, using our <a href=""https://github.com/OpencachingDeutschland/oc-server3"" target=""_blank"">software</a> and known-how. The long-term plan is to form a global geocaching network out of all Opencaching sites. Please contact us in our <a href=""http://forum.opencaching.de/index.php?board=24.0"" target=""_blank"">international forum</a> for more information.","28:./index.php","Auf dieser Website findest du Geocaches aus der ganzen Welt, mit Schwerpunkt Deutschland, &Ouml;sterreich, Schweiz, Italien und Spanien. Au&szlig;erdem gibt es das <a href=""http://wiki.opencaching.de"">Opencaching-Wiki</a> mit Anleitungen und Informationen rund um Opencaching und Geocaching, und ein <a href=""http://forum.opencaching.de"">Diskussionsforum</a>.","On this page you will find Geocaches from all over the world, with focus on Germany, Austria, Switzerland, Italy and Spain. We also offer information on miscellaneous geocaching topics and a forum (message board).</p><p class=""startmessage"">If you would like to propagate geocaching in your own country, you may run your own Opencaching site in your own language, using our <a href=""https://github.com/OpencachingDeutschland/oc-server3"" target=""_blank"">software</a> and known-how. The long-term plan is to form a global geocaching network out of all Opencaching sites. Please contact us in our <a href=""http://forum.opencaching.de/index.php?board=24.0"" target=""_blank"">international forum</a> for more information.","Op deze website kun je caches vinden over de hele wereld, met focus op Duitsland, Oostenrijk Zwitserland, Italië en Spanje. We bieden ook informatie over diverse geocaching onderwerpen en een forum.</p><p class=""startmessage"">Wanneer je een Opencaching site in jouw land wil beginnen, kan deze vertaald worden via <a href=""https://github.com/OpencachingDeutschland/oc-server3"" target=""_blank"">software</a> Op langere termijn is de bedoeling een groot netwerk te realiseren met alle Opencaching sites. Neem contact op in ons <a href=""http://forum.opencaching.de/index.php?board=24.0"" target=""_blank"">internationaal forum</a>voor meer informatie.","On this page you will find Geocaches from all over the world, with focus on Germany, Austria, Switzerland, Italy and Spain. We also offer information on miscellaneous geocaching topics and a forum (message board).</p><p class=""startmessage"">If you would like to propagate geocaching in your own country, you may run your own Opencaching site in your own language, using our <a href=""https://github.com/OpencachingDeutschland/oc-server3"" target=""_blank"">software</a> and known-how. The long-term plan is to form a global geocaching network out of all Opencaching sites. Please contact us in our <a href=""http://forum.opencaching.de/index.php?board=24.0"" target=""_blank"">international forum</a> for more information.","Na tej stronie znajdziesz wszystko co dotyczy Geocachingu w Niemczech.","On this page you will find Geocaches from all over the world, with focus on Germany, Austria, Switzerland, Italy and Spain. We also offer information on miscellaneous geocaching topics and a forum (message board).</p><p class=""startmessage"">If you would like to propagate geocaching in your own country, you may run your own Opencaching site in your own language, using our <a href=""https://github.com/OpencachingDeutschland/oc-server3"" target=""_blank"">software</a> and known-how. The long-term plan is to form a global geocaching network out of all Opencaching sites. Please contact us in our <a href=""http://forum.opencaching.de/index.php?board=24.0"" target=""_blank"">international forum</a> for more information.","Всё, что нужно для геокешинга…"
"83","The file was not uploaded correctly.","89:./templates2/ocstyle/picture.tpl","Bei der Dateiübertragung ist ein Fehler aufgetreten.","The file was not uploaded correctly.","Bij de dataoverdracht is een fout opgetreden.","El archivo no se ha subido correctamente.","","The file was not uploaded correctly.",""
"84","The file was too big. The maximum file size is %1 KB.","22:./templates2/ocstyle/picture.tpl","Die Datei war zu groß. Es sind maximal %1 KB erlaubt.","The file was too big. The maximum file size is %1 KB.","Het bestand is te groot. De maximale grootte is %1 KB.","El archivo era demasiado grande. Se permite un máximo de %1 KB.","","The file was too big. The maximum file size is %1 KB.",""
"85","No picture file given.","85:./templates2/ocstyle/picture.tpl","Kein Bild angegeben.","No picture file given.","Geen afbeelding opgegeven.","No hay imagen de archivo determinado.","","No picture file given.",""
"86","same type","527:./templates2/ocstyle/viewcache.tpl","gleiche Cacheart","same type","zelfde cache soort","mismo tipo","","same type","того же типа"
"90","%1 active caches and %2 founds by %3 users total","147:./templates2/ocstyle/start.tpl","Insgesamt %1 aktive Caches und %2 Funde von %3 Benutzern","%1 active caches and %2 founds by %3 users total","%1 actieve Caches en %2 keer gevonden door %3 gebruikers in totaal","%1 active caches and %2 founds by %3 users total","Liczba aktywnych skrzynek: %1 | Liczba odkryć skrzynek: %2 | Liczba aktywnych użytkowników: %3","%1 active caches and %2 founds by %3 users total",""
"91","Hungarian","0:table:languages;field=name","Ungarisch","Hungarian","Hongaars","Húngaro","","Hungarian",""
"92","Croatian","0:table:languages;field=name","Kroatisch","Croatian","Kroatisch","Croata","","Croatian","Хорватский"
"93","Finnish","0:table:languages;field=name","Finnisch","Finnish","Fins","Finlandés","","Finnish","Финский"
"94","Yes","25:./lang/de/expressions.inc.php","Ja","Oui","Ja","Sí","Tak","Yes","Да"
"95","No","26:./lang/de/expressions.inc.php","Nein","Non","Nee","No","Nie","No","Нет"
"96","Hello","6:./templates2/mail/sys_main.tpl","Hallo","Salut","Hallo","Hola","Witaj","Hello",""
"99","This e-mail was generated by the %2 website, because an account with your e-mail address has been created. If you don't want to receive further e-mails, please contact us via %1.","13:./templates2/mail/sys_main.tpl","Diese E-Mail wurde von der %2-Webseite generiert, weil ein Benutzeraccount mit dieser E-Mail-Adresse angemeldet wurde. Falls du in Zukunft keine E-Mails mehr von %1 erhalten möchtest oder der falsche Empfänger bist, schreib uns bitte eine E-Mail an %1.","This e-mail was generated by the %2 website, because an account with your e-mail address has been created. If you don't want to receive further e-mails, please contact us via %1.","Deze e-mail werd gegenereerd door de %2 website, omdat een gebruikersaccount met dit e-mail adres aangemaakt is. Indien er geen e-mails meer ontvangen mogen worden, neem dan contact op met %1.","This e-mail was generated by the %2 website, because an account with your e-mail address has been created. If you don't want to receive further e-mails, please contact us via %1.","","This e-mail was generated by the %2 website, because an account with your e-mail address has been created. If you don't want to receive further e-mails, please contact us via %1.",""
"100","Basque","0:table:languages;field=name","Baskisch","Basque","Baskisch","Euskera","","Basque",""
"101","Estonian","0:table:languages;field=name","Estnisch","Estonian","Estlands","Estonio","","Estonian","Эстонский"
"102","Esperanto","0:table:languages;field=name","Esperanto","Esperanto","Esperanto","Esperanto","","Esperanto","Эсперанто"
"103","Greek","0:table:languages;field=name","Griechisch","Greek","Grieks","Griego","","Greek","Греческий"
"104","Danish","0:table:languages;field=name","Dänisch","Danish","Deens","Danés","","Danish","Датский"
"105","An unknown error occurred.","20:./templates2/ocstyle/error.tpl","Ein unbekannter Fehler ist aufgetreten.","An unknown error occurred.","Een onbekende fout is opgetreden.","An unknown error occurred.","","An unknown error occurred.",""
"106","Template does not exist.","22:./templates2/ocstyle/error.tpl","Das Template existiert nicht.","Template does not exist.","De Template bestaat niet.","La plantilla no existe.","","Template does not exist.",""
"107","Sorry, you are not allowed to view this page.","26:./templates2/ocstyle/error.tpl","Entschuldigung, aber diese Seite darfst du nicht sehen.","Sorry, you are not allowed to view this page.","Sorry, Je bent niet gemachtigd om deze pagina te bekijken.","Lo sentimos, pero no te está permitido ver esta página.","","Sorry, you are not allowed to view this page.",""
"108","Sorry, the requested cache does not exist.","28:./templates2/ocstyle/error.tpl","Entschuldigung, aber der angeforderte Cache existiert nicht.","Sorry, the requested cache does not exist.","Sorry, de gevraagde cache bestaat niet.","Lo sentimos, el caché solicitado no existe.","","Sorry, the requested cache does not exist.",""
"109","Sorry, the requested operation cannot be performed.","32:./templates2/ocstyle/error.tpl","Entschuldigung, aber der angeforderte Vorgang konnte nicht ausgeführt werden.","Sorry, the requested operation cannot be performed.","Sorry, de gevraagde handeling kan niet uitgevoerd worden.","Lo sentimos, la operación solicitada no pudo ser ejecutada.","","Sorry, the requested operation cannot be performed.",""
"110","Please log in to continue:","66:./lang/de/ocstyle/varset.inc.php","Melde dich an, um fortzufahren:","Please log in to continue:","Log in om verder te gaan:","Please log in to continue:","","Please log in to continue:",""
"111","Sorry, the requested user does not exist.","36:./templates2/ocstyle/error.tpl","Entschuldigung, aber der angeforderte Benutzer existiert nicht.","Sorry, the requested user does not exist.","Sorry, de gevraagde gebruiker bestaat niet.","Lo sentimos, el/la usuario/a solicitado/a no existe.","","Sorry, the requested user does not exist.",""
"112","Mail template does not exist.","46:./templates2/ocstyle/error.tpl","Das E-Mail Template existiert nicht.","Mail template does not exist.","E-mail adres bestaat niet.","La plantilla de correo no existe.","","Mail template does not exist.",""
"113","HTML Tags","174:./lang/de/ocstyle/lib/menu.php","Erlaubte HTML-Tags","HTML Tags","Toegestane HTML Tags","Etiquetas HTML","","HTML Tags",""
"114","Description","168:./lang/de/ocstyle/lib/menu.php","Beschreibung","Description","Beschrijving","Descripción","","Description","Описание"
"115","Hide a cache","160:./lang/de/ocstyle/lib/menu.php","Verstecken","Hide a cache","Verstop een cache","Hide a cache","Nowa skrzynka","Hide a cache","Создать тайник"
"116","Admin","220:./lang/de/ocstyle/lib/menu.php","Administrator","Admin","Admin","Administrador","","Admin","Admin"
"117","Information","","Informationen","Information","Informatie","Information","","Information",""
"118","Caches","57:./lang/de/ocstyle/lib/menu.php","Caches","Caches","Caches","Cachés","Caches","Caches","Тайники"
"119","My profile","49:./lang/de/ocstyle/lib/menu.php","Mein Profil","Mon profil","Mijn profiel","Mi Perfil","Moje konto","My profile","Профиль"
"120","Latest logs","0:table:sys_menu;field=menustring","Neueste Logs","Latest logs","Laatste logs","Latest logs","Najnowsze logi","Latest logs","Новые отчёты"
"122","New caches","0:table:sys_menu;field=menustring","Neueste Caches","New caches","Nieuwste caches","Nuevos cachés","Najnowsze skrzynki","New caches","Новые тайники"
"123","About geocaching","0:table:sys_menu;field=menustring","Über Geocaching","À propos du géocaching","Over Geocaching","About geocaching","Co to jest Geocaching?","About geocaching","Об игре"
"124","New item","0:table:sys_menu;field=menustring","Neuer Eintrag","Nouvel élément","Nieuw item","New item","","New item",""
"125","Search","65:./lang/de/ocstyle/lib/menu.php","Suchen","Chercher","Zoeken","Buscar","","Search","Выбор"
"126","Translation","0:table:sys_menu;field=menustring","Übersetzung","Traduction","Vertaling","Traducción","","Translation",""
"127","Activation","0:table:sys_menu;field=menustring","Aktivierung","Activation","Activatie","Activación","Aktywacja","Activation","Активация"
"128","Userprofile","0:table:sys_menu;field=menustring","Benutzerprofil","Profil de l'utilisateur","Gebruikersprofiel","Perfil del usuario/a","Dane użytkownika","Userprofile",""
"129","An error occurred while processing the page.","9:./templates2/ocstyle/error.tpl","Beim Aufruf der Seite ist ein Fehler aufgetreten.","Une erreur est survenue lors du traitement de la page.","Er is een fout opgetreden bij het laden van de pagina.","An error occurred while processing the page.","","An error occurred while processing the page.",""
"130","An error occurred while processing the page. If you have called this page by a hyperlink on our site and this error persists for some time, please contact us via e-mail. ","13:./templates2/ocstyle/error.tpl","Bei dem Versuch die Seite zu erstellen ist ein Fehler aufgetreten. Sollten Sie durch einen Link auf unserer Seite hierher gekommen sein und dieses Problem längere Zeit bestehen, weisen Sie uns bitte per E-Mail darauf hin. ","Une erreur est survenue lors du traitement de la page. Si vous avez appelé cette page d'un lien hypertexte sur notre site et cette erreur persiste un certain temps, s'il vous plaît nous contacter par e-mail. ","Er is een fout opgetreden bij het laden van de pagina. Indien deze pagina via een link bezocht is en de fout blijft zich voordoen gelieve ons een e-mail te sturen. ","An error occurred while processing the page. If you have called this page by a hyperlink on our site and this error persists for some time, please contact us via e-mail. ","","An error occurred while processing the page. If you have called this page by a hyperlink on our site and this error persists for some time, please contact us via e-mail. ",""
"131","The following error occurred:","24:./lang/de/ocstyle/error.tpl.php","Der folgende Fehler ist aufgetreten:","L'Erreur suivante est survenue :","De volgende fout is opgetreden:","The following error occurred:","","The following error occurred:",""
"133","Error message","27:./lang/de/ocstyle/error.tpl.php","Fehlermeldung","Indication d'erreur","Foutmelding","Mensaje de error","","Error message",""
"134","%2 found %1","156:./templates2/ocstyle/newlogs.tpl","%2 hat %1 gefunden","%2 a trouvé %1","%2 heeft %1 gevonden","%2 encontrados %1","%2 znaleziona przez %1","%2 found %1",""
"135","%2 didn't find %1","158:./templates2/ocstyle/newlogs.tpl","%2 hat %1 nicht gefunden","%2 ne pas trouvé %1","%2 heeft %1 niet gevonden","%2 no encontrados %1","%2 nie znaleziona przez %1","%2 didn't find %1",""
"136","%2 wrote a note for %1","160:./templates2/ocstyle/newlogs.tpl","%2 hat %1 kommentiert","%2 ont écrit une note de %1","%2 kreeg een opmerking van %1","%2 ha escrito una nota para %1","%2 komentarz %1","%2 wrote a note for %1",""
"137","%2 visited %1","162:./templates2/ocstyle/newlogs.tpl","%2 hat %1 besucht","%2 ont visité %1","%2 heeft %1 bezocht","%2 visitados %1","%2 uczestniczył %1","%2 visited %1",""
"138","%2 wants to visit %1","164:./templates2/ocstyle/newlogs.tpl","%2 möchte %1 besuchen","%2 veulent visiter %1","%2 wil %1 bezoeken","%2 wants to visit %1","%2 zamierza uczesticzyć %1","%2 wants to visit %1",""
"139","Registration confirmation","748:./lib2/logic/user.class.php","Registrierungsbestätigung","Confirmation de l'inscription","Registratie bevestiging","Confirmación de registro","","Registration confirmation",""
"140","welcome at %1!","6:./templates2/mail/register.tpl","Herzlich willkommen bei %1!","bienvenue à %1!","hartelijk welkom op %1!","¡Bienvenido a %1!","","welcome at %1!",""
"141","The following data has been stored for your account:","8:./templates2/mail/register.tpl","Folgende Daten wurden für dich eingetragen:","Les données suivantes ont été stockées pour votre compte :","De volgende gegevens zijn opgeslagen:","Los siguientes datos han sido almacenados para tu cuenta:","","The following data has been stored for your account:",""
"142","Slave","307:./templates2/ocstyle/sys_main.tpl","Slawisch","Esclave","Slavisch","Eslavo","","Slave",""
"144","If you don't login within the next 14 days, your account will be deleted.","27:./templates2/mail/register.tpl","Solltest du dich innerhalb der nächsten 14 Tage nicht einloggen, wird der Benutzeraccount wieder gelöscht.","Si vous ne vous connectez pas au cours des 14 prochains jours, votre compte sera supprimé.","Als je niet inlogt binnen de 14 dagen, zal jouw account worden verwijderd.","If you don't login within the next 14 days, your account will be deleted.","","If you don't login within the next 14 days, your account will be deleted.",""
"145","Czech","0:table:languages;field=name","Tschechisch","Tchèque","Tsjechisch","Checo","","Czech","Чешский"
"146","Bulgarian","0:table:languages;field=name","Bulgarisch","Bulgare","Bulgaars","Búlgaro","","Bulgarian","Болгарский"
"147","User profile of %1","12:./templates2/ocstyle/viewprofile.tpl","Benutzerprofil von %1","Profil de l'utilisateur %1","Gebruikersprofiel van %1","User profile of %1","Profil użytkownika %1","User profile of %1",""
"148","Send e-mail","17:./templates2/ocstyle/viewprofile.tpl","E-Mail senden","Envoyer un e-mail","E-mail versturen","Send e-mail","Wyślij E-mail","Send e-mail",""
"149","Others","318:./lang/de/ocstyle/editcache.tpl.php","Sonstiges","Divers","Overige","Otros","Inne","Others",""
"150","I'm taking a PMR walkie-talkie on channel 2 with me.","83:./templates2/ocstyle/viewprofile.tpl","Ich nehme ein PMR-Funkgerät auf Kanal 2 mit zum Geocaching.","Je prends une talkie-walkie PMR sur le canal 2 avec moi.","Ik neem een PMR zender mee op kanaal 2.","I'm taking a PMR walkie-talkie on channel 2 with me.","","I'm taking a PMR walkie-talkie on channel 2 with me.",""
"151","Registered&nbsp;since:","42:./templates2/ocstyle/viewprofile.tpl","Registriert&nbsp;seit:","Enregistré&nbsp;depuis&nbsp;:","Geregistreerd&nbsp;sinds:","Registrado&nbsp;desde:","Zarejstrowany&nbsp;od:","Registered&nbsp;since:","Дата&nbsp;регистрации:"
"152","Caches hidden:","10:./templates2/ocstyle/res_userstats.tpl","Versteckte Geocaches:","Caches cachés :","Gemaakte caches:","Caches hidden:","Ukryte skrzynki:","Caches hidden:",""
"153","Caches found:","36:./templates2/ocstyle/res_userstats.tpl","Gefundene Geocaches:","Caches trouvé&nbsp;:","Gevonden caches:","Cachés encontrados:","Znalezione skrzynki:","Caches found:",""
"154","%1 of %2 possible","109:./templates2/ocstyle/res_userstats.tpl","%1 von %2 möglichen","%1 de %2 possible","%1 van %2 mogelijk","%1 of %2 possible","%1 z możliwych %2","%1 of %2 possible",""
"155","Dutch","0:table:languages;field=name","Niederländisch","Néerlandais","Nederlands","Dutch","","Dutch",""
"156","Japanese","0:table:languages;field=name","Japanisch","Japonais","Japans","Japanese","","Japanese","Японский"
"157","Spanish","0:table:languages;field=name","Spanisch","Espagnol","Spaans","Spanish","","Spanish","Испанский"
"158","French","0:table:languages;field=name","Französisch","Français","Frans","French","","French","Французский"
"159","English","0:table:languages;field=name","Englisch","Anglais","Engels","English","","English","Английский"
"160","German","0:table:languages;field=name","Deutsch","Allemand","Duits","German","","German","Немецкий"
"161","Attention: If you are using this option, don't forget to log out before other persons have access to your computer. Otherwise, they may use and modify your personal data.","176:./templates2/ocstyle/myprofile.tpl","Vorsicht: Wenn du diese Option verwenden, vergiss niemals auf Logout zu klicken, wenn du dich von einem PC aus angemeldet hast der auch Fremden zugänglich ist. Ansonsten könnte ein Fremder deine persönlichen Account-Daten auslesen und ändern.","Attention : Si vous utilisez cette option, n'oubliez pas de vous déconnecter avant que d'autres personnes utilisent votre ordinateur. Sinon, ils peuront utiliser et modifier vos données personnelles.","Attentie: Indien je deze optie gebruikt, vergeet dan niet uit te loggen om te voorkomen dat anderen gegevens zouden kunnen veranderen van jouw account.","Attention: If you are using this option, don't forget to log out before other persons have access to your computer. Otherwise, they may use and modify your personal data.","","Attention: If you are using this option, don't forget to log out before other persons have access to your computer. Otherwise, they may use and modify your personal data.",""
"162","Zimbabwe","0:table:countries;field=name","Simbabwe","Zimbabwe","Zimbabwe","Zimbabwe","","Zimbabwe","Зимбабве"
"163","Zambia","0:table:countries;field=name","Sambia","Zambie","Zambia","Zambia","","Zambia","Замбия"
"164","South Africa","0:table:countries;field=name","Südafrika","Afrique Du Sud","Zuid Afrika","South Africa","","South Africa","ЮАР"
"165","Mayotte","0:table:countries;field=name","Mayotte","Mayotte","Mayotte","Mayotte","","Mayotte","Майотта"
"166","The activation code was sent to you by e-mail.<br /> Please follow the instructions in the e-mail.","15:./templates2/ocstyle/register.tpl","Der Aktivierungscode wurde per E-Mail versendet.<br />Für den Abschluss der Registrierung folge bitte den weiteren Anweisungen in der E-Mail.","Le code d'activation vous a été envoyé par e-mail.<br />Veuillez s'il vous plaît suivre les instructions de l'e-mail.","De activeringscode werd per e-mail verzonden.<br />Volg de aanwijzingen in deze e-mail.","The activation code was sent to you by e-mail.<br /> Please follow the instructions in the e-mail.","","The activation code was sent to you by e-mail.<br /> Please follow the instructions in the e-mail.","На ваш адрес выслано письмо с кодом активации. Пожалуйста, следуйте инструкциям в письме."
"168","An account with that e-mail address already exists. It is not possible to create a second account with the same e-mail address.","53:./templates2/ocstyle/newemail.tpl","Es ist bereits ein Account mit dieser E-Mail-Adresse vorhanden. Es ist nicht möglich, einen zweiten Account auf diese E-Mail-Adresse zu registrieren.","Il existe déjà un compte avec cette adresse e-mail. Il n'est pas possible d'enregistrer un deuxième compte avec la même adresse e-mail.","Er bestaat al een account met dit e-mailadres. Het is niet mogelijk om een tweede account met hetzelfde e-mailadres te maken.","An account with that e-mail address already exists. It is not possible to create a second account with the same e-mail address.","","An account with that e-mail address already exists. It is not possible to create a second account with the same e-mail address.",""
"172","Yemen","0:table:countries;field=name","Jemen","Yémen","Jemen","Yemen","","Yemen","Йемен"
"173","Samoa","0:table:countries;field=name","Samoa","Samoa","Samoa","Samoa","","Samoa","Самоа"
"174","Go","222:./lang/de/ocstyle/main.tpl.php","Los","Aller","Ga","Go","","Go",""
"175","Developer system – testing only","186:./templates2/ocstyle/sys_main.tpl","Entwicklersystem - nur Testdaten","Développeur système - tests uniquement","Ontwikkelaar systeem – alleen testen","Developer system – testing only","","Developer system – testing only",""
"179","Wallis And Futuna Islands","0:table:countries;field=name","Wallis und Futuna","Wallis-et-Futuna","Wallis en Futuna","Wallis And Futuna Islands","","Wallis And Futuna Islands","Уоллис и Футуна"
"180","Create a news entry","","Neuen Newseintrag erstellen","Créer une nouvelle entrée","Nieuws toevoegen","Create a news entry","","Create a news entry","Опубликовать новость"
"181","Vanuatu","0:table:countries;field=name","Vanuatu","Vanuatu","Vanuatu","Vanuatu","","Vanuatu","Вануату"
"182","Viet Nam","0:table:countries;field=name","Vietnam","Viet Nam","Vietnam","Viet Nam","","Viet Nam","Вьетнам"
"183","Virgin Islands (U.S.)","0:table:countries;field=name","Amerikanische Jungferninseln","Virgin Islands (U.S.)","Amerikaanse Maagdeneilanden","Virgin Islands (U.S.)","","Virgin Islands (U.S.)","Американские Виргинские острова"
"184","Virgin Islands (British)","0:table:countries;field=name","Britische Jungferninseln","Virgin Islands (British)","Britse Maagdeneilanden","Virgin Islands (British)","","Virgin Islands (British)","Британские Виргинские острова"
"185","Venezuela","0:table:countries;field=name","Venezuela","Venezuela","Venezuela","Venezuela","","Venezuela","Венесуэла"
"186","Select target language:","8:./templates2/ocstyle/translate.tpl","Zu übersetzende Sprache auswählen:","Select target language:","Selecteer gewenste taal:","Select target language:","","Select target language:",""
"187","Show new translations","40:./templates2/ocstyle/translate.tpl","Neue Übersetzungen anzeigen","Show new translations","Laat nieuwe vertalingen zien","Show new translations","","Show new translations",""
"188","Clear smarty cache","45:./templates2/ocstyle/translate.tpl","Smarty-Cache löschen","Clear smarty cache","Smarty-Cache wissen","Clear smarty cache","","Clear smarty cache",""
"189","Not defined","75:./templates2/ocstyle/myprofile.tpl","keine Angabe","Not defined","Niet aangegeven","Not defined","","Not defined",""
"190","Show translations no longer referenced","42:./templates2/ocstyle/translate.tpl","Übersetzung ohne Referenz anzeigen","Show translations no longer referenced","Toon vertalingen zonder referentie","Show translations no longer referenced","","Show translations no longer referenced",""
"191","Show all translations","41:./templates2/ocstyle/translate.tpl","Alle Übersetzungen anzeigen","Show all translations","Toon alle vertalingen","Show all translations","","Show all translations",""
"192","Saint Vincent And The Grenadines","0:table:countries;field=name","St. Vincent und die Grenadinen","Saint Vincent And The Grenadines","Saint Vincent en de Grenadines","Saint Vincent And The Grenadines","","Saint Vincent And The Grenadines","Сент-Винсент и Гренадины"
"193","Vatican City State (Holy See)","0:table:countries;field=name","Vatikan (Heiliger Stuhl)","Vatican City State (Holy See)","Vaticaanstad","Vatican City State (Holy See)","","Vatican City State (Holy See)","Ватикан"
"194","Uzbekistan","0:table:countries;field=name","Usbekistan","Uzbekistan","Oezbekistan","Uzbekistan","","Uzbekistan","Узбекистан"
"195","Use existing translations:","123:./templates2/ocstyle/translate.tpl","Vorhandene Übersetzungen verwenden:","Use existing translations:","Gebruik bestaande vertalingen:","Use existing translations:","","Use existing translations:",""
"196","All translations:","73:./templates2/ocstyle/translate.tpl","Alle Übersetzung:","All translations:","Alle vertalingen:","All translations:","","All translations:",""
"197","New translations:","63:./templates2/ocstyle/translate.tpl","Neue Übersetzungen:","New translations:","Nieuwe vertalingen:","New translations:","","New translations:",""
"198","Translations no longer referenced:","65:./templates2/ocstyle/translate.tpl","Übersetzung ohne Referenz:","Translations no longer referenced:","Vertalingen zonder referentie:","Translations no longer referenced:","","Translations no longer referenced:",""
"199","Languages:","14:./templates2/ocstyle/translate.tpl","Sprachen:","Languages:","Talen:","Languages:","Języki:","Languages:","Языки:"
"201","Uruguay","0:table:countries;field=name","Uruguay","Uruguay","Uruguay","Uruguay","","Uruguay","Уругвай"
"202","Activation code:","42:./templates2/ocstyle/activation.tpl","Aktivierungscode:","Activation code:","Activatiecode:","Activation code:","","Activation code:","Код активации:"
"203","United States","0:table:countries;field=name","Vereinigte Staaten","United States","Verenigde staten","United States","","United States","США"
"204","United States Minor Outlying Islands","0:table:countries;field=name","Amerikanisch-Ozeanien","United States Minor Outlying Islands","Kleine afgelegen eilanden van de Verenigde Staten","United States Minor Outlying Islands","","United States Minor Outlying Islands","Внешние малые острова США"
"206","total:","15:./templates2/ocstyle/event_attendance.tpl","insgesamt:","total:","totaal:","total:","","total:",""
"207","Login","35:./lang/de/ocstyle/lib/menu.php","Anmelden","Login","Inloggen","Login","Login","Login","Вход"
"208","Password","","Passwort","Mot de passe","Wachtwoord","Contraseña","Hasło","Password","Пароль"
"209","Uganda","0:table:countries;field=name","Uganda","Uganda","Oeganda","Uganda","","Uganda","Уганда"
"210","Ukraine","0:table:countries;field=name","Ukraine","Ukraine","Oekraïne","Ukraine","","Ukraine","Украина"
"211","Tanzania, United Republic Of","0:table:countries;field=name","Tansania","Tanzania, United Republic Of","Tanzania","Tanzania, United Republic Of","","Tanzania, United Republic Of","Танзания"
"212","Taiwan, Province Of China","0:table:countries;field=name","Taiwan","Taiwan, Province Of China","Taiwan","Taiwan, Province Of China","","Taiwan, Province Of China","Тайвань"
"213","Tuvalu","0:table:countries;field=name","Tuvalu","Tuvalu","Tuvalu","Tuvalu","","Tuvalu","Тувалу"
"214","Trinidad And Tobago","0:table:countries;field=name","Trinidad und Tobago","Trinidad And Tobago","Trinidad en Tobago","Trinidad And Tobago","","Trinidad And Tobago","Тринидад и Тобаго"
"215","Turkey","0:table:countries;field=name","Türkei","Turkey","Turkije","Turkey","","Turkey","Турция"
"216","Not registered?","60:./lang/de/ocstyle/login.tpl.php","Noch nicht registriert?","Not registered?","Nog niet geregistreerd?","Not registered?","Chcesz się zarejestrować?","Not registered?","Не зарегистрированы?"
"217","Forgot your password?","61:./lang/de/ocstyle/login.tpl.php","Passwort vergessen?","Forgot your password?","Wachtwoord vergeten?","Forgot your password?","Zapomniałeś swoje hasło?","Forgot your password?","Забыли пароль?"
"218","Forgot your e-mail address?","62:./lang/de/ocstyle/login.tpl.php","E-Mail-Adresse vergessen?","Forgot your e-mail address?","E-mailadres vergeten?","Forgot your e-mail address?","Zapomniałeś swój E-mail?","Forgot your e-mail address?","Забыли адрес электронной почты?"
"219","For more troubleshooting hints, see","65:./lang/de/ocstyle/login.tpl.php","Weitere Hilfestellungen findest du im","For more troubleshooting hints, see","Voor meer oplossingen, zie","For more troubleshooting hints, see","Czy masz:","For more troubleshooting hints, see",""
"221","Enter a new password","61:./lang/de/ocstyle/login.tpl.php","Neues Passwort eingeben","Enter a new password","Voer een nieuw wachtwoord in","Enter a new password","Nowe hasło","Enter a new password",""
"222","Send a reminder","62:./lang/de/ocstyle/login.tpl.php","Erinnerung schicken","Send a reminder","Herinnering sturen","Send a reminder","Przypomnij mi","Send a reminder",""
"223","Tonga","0:table:countries;field=name","Tonga","Tonga","Tonga","Tonga","","Tonga","Тонга"
"224","Please fill in username and password!","30:./templates2/ocstyle/login.tpl","Bitte die Felder Benutzername und Passwort ausfüllen!","Please fill in username and password!","Alstublieft Gebruikersnaam en Wachtwoord invullen!","Please fill in username and password!","","Please fill in username and password!","Укажите ваши имя пользователя и пароль."
"225","Logout was successful.","32:./templates2/ocstyle/login.tpl","Logout war erfolgreich.","Logout was successful.","Succesvol uitgelogd.","Logout was successful.","Wylogowanie z sukcesem.","Logout was successful.",""
"226","Login failed","21:./templates2/ocstyle/login.tpl","Der Login war nicht erfolgreich","Login failed","Inloggen mislukt","Login failed","","Login failed",""
"227","The entered username or password did not match.","22:./templates2/ocstyle/login.tpl","Der eingegebene Benutzername oder das Passwort war ungültig.","The entered username or password did not match.","De opgegeven gebruikersnaam of het wachtwoord komen niet overeen.","The entered username or password did not match.","","The entered username or password did not match.",""
"228","Your tried to login more than %1 times within the last hour. The next login will not be allowed before one hour since the first try has passed.","25:./templates2/ocstyle/login.tpl","Du hast versucht, dich in der letzten Stunde %1 mal einzuloggen. Weitere Loginversuche sind erst wieder möglich, wenn eine Stunde seit dem ersten Login vergangen ist.","Your tried to login more than %1 times within the last hour. The next login will not be allowed before one hour since the first try has passed.","In het laatste uur is er meer dan %1 keer proberen in te loggen. De volgende poging kan pas na een uur vanaf de eerste poging gedaan worden.","Your tried to login more than %1 times within the last hour. The next login will not be allowed before one hour since the first try has passed.","","Your tried to login more than %1 times within the last hour. The next login will not be allowed before one hour since the first try has passed.",""
"229","Your account is not acivated.","27:./templates2/ocstyle/login.tpl","Dein Account wurde noch nicht aktiviert oder wieder deaktiviert.","Your account is not acivated.","Jouw account is niet geactiveerd.","Your account is not acivated.","Twoje konto nie jest aktywowane","Your account is not acivated.",""
"230","&gt;<a href=""activation.php"">Here</a>&lt; you can activate your account.","28:./templates2/ocstyle/login.tpl","Du kannst deinen Account &gt;<a href=""activation.php"">hier</a>&lt; aktivieren.","&gt;<a href=""activation.php"">Here</a>&lt; you can activate your account.","Je kunt jouw account &gt;<a href=""activation.php"">hier</a>&lt; activeren.","&gt;<a href=""activation.php"">Here</a>&lt; you can activate your account.","","&gt;<a href=""activation.php"">Here</a>&lt; you can activate your account.",""
"231","Tunisia","0:table:countries;field=name","Tunesien","Tunisia","Tunesië","Tunisia","","Tunisia","Тунис"
"232","To complete the registration, you have to enter your e-mail address and activation code.","33:./templates2/ocstyle/activation.tpl","Um die Registrierung abzuschließen, musst du noch die E-Mail-Adresse und den Aktivierungscode eingeben und bestätigen.","To complete the registration, you have to enter your e-mail address and activation code.","Om de registratie te voltooien, dien je nog het E-mailadres en de verkregen activeringscode in te voeren.","To complete the registration, you have to enter your e-mail address and activation code.","","To complete the registration, you have to enter your e-mail address and activation code.","Для завершения регистрации введите код активации, который вы получили по электронной почте."
"233","Turkmenistan","0:table:countries;field=name","Turkmenistan","Turkmenistan","Turkmenistan","Turkmenistan","","Turkmenistan","Туркмения"
"234","Tokelau","0:table:countries;field=name","Tokelau","Tokelau","Tokelau-eilanden","Tokelau","","Tokelau","Токелау"
"235","Tajikistan","0:table:countries;field=name","Tadschikistan","Tajikistan","Tadzjikistan","Tajikistan","","Tajikistan","Таджикистан"
"236","Thailand","0:table:countries;field=name","Thailand","Thaïlande","Thailand","Thailand","","Thailand","Таиланд"
"237","Togo","0:table:countries;field=name","Togo","Togo","Togo","Togo","","Togo","Того"
"238","French Southern Territories","0:table:countries;field=name","Französische Süd- und Antarktisgebiete","Terres australes françaises","Franse Zuidelijke en Antarctische gebieden","French Southern Territories","","French Southern Territories","Французские Южные и Антарктические территории"
"239","Chad","0:table:countries;field=name","Tschad","Tchad","Tsjaad","Chad","","Chad","Чад"
"240","Turks And Caicos Islands","0:table:countries;field=name","Turks- und Caicosinseln","Îles Turques-Et-Caïques","Turks- en Caicoseilanden","Turks And Caicos Islands","","Turks And Caicos Islands","Тёркс и Кайкос"
"241","Name","75:./templates2/ocstyle/adminreports.tpl","Name","Nom","Naam","Name","Nazwa","Name","Название"
"242","Swaziland","0:table:countries;field=name","Swasiland","Swaziland","Swaziland","Swaziland","","Swaziland","Свазиленд"
"243","Syrian Arab Republic","0:table:countries;field=name","Syrien","République Arabe Syrienne","Syrië","Syrian Arab Republic","","Syrian Arab Republic","Сирия"
"244","Recommendations of <a href=""viewprofile.php?userid=%1"">%2</a>","9:./templates2/ocstyle/usertops.tpl","Empfehlungen von <a href=""viewprofile.php?userid=%1"">%2</a>","Recommandations de <a href=""viewprofile.php?userid=%1"">%2</a>","Aanbevelingen van <a href=""viewprofile.php?userid=%1"">%2</a>","Recommendations of <a href=""viewprofile.php?userid=%1"">%2</a>","","Recommendations of <a href=""viewprofile.php?userid=%1"">%2</a>",""
"245","by %1","26:./templates2/ocstyle/usertops.tpl","von %1","par %1","van %1","by %1","","by %1",""
"246","%1 has not recommended any geocache.","31:./templates2/ocstyle/usertops.tpl","%1 hat noch keinen Geocache empfohlen.","%1 n'a pas recommandé de géocache.","%1 heeft nog geen cache aanbevolen.","%1 has not recommended any geocache.","","%1 has not recommended any geocache.",""
"248","Show recommendations","0:table:sys_menu;field=menustring","Empfehlungen anzeigen","Afficher les recommandations","Aanbevelingen tonen","Show recommendations","Pokaż rekomendacje","Show recommendations",""
"249","El Salvador","0:table:countries;field=name","El Salvador","Le Salvador","El Salvador","El Salvador","","El Salvador","Сальвадор"
"250","Sao Tome And Principe","0:table:countries;field=name","Sao Tomé und Principe","Sao Tomé et Principe","Sao Tomé en Principe","Sao Tome And Principe","","Sao Tome And Principe","Сан-Томе и Принсипи"
"251","Suriname","0:table:countries;field=name","Surinam","Suriname","Suriname","Suriname","","Suriname","Суринам"
"252","Somalia","0:table:countries;field=name","Somalia","Somalie","Somalië","Somalia","","Somalia","Сомали"
"253","Unkown format of the given waypoint. The known formats are OCxxxxx and GCxxxxx, whereas x can be any number or char.","54:./templates2/ocstyle/error.tpl","Unbekanntes Wegpunkt-Format. Zulässig sind die Formate OCxxxxx und GCxxxxx, wobei x für beliebige Zahlen und Buchstaben steht.","Waypoint de format inconnu. Les formats suivants sont connus OCxxxxx et GCxxxxx, ""x"" peut être un nombre quelconque ou un charactère alphabétique.","Onbekend waypoint. Toegestane formaten zijn: OCxxxxx en GCxxxxx, waarbij de x elk cijfer en letter kan zijn.","Unkown format of the given waypoint. The known formats are OCxxxxx and GCxxxxx, whereas x can be any number or char.","","Unkown format of the given waypoint. The known formats are OCxxxxx and GCxxxxx, whereas x can be any number or char.",""
"254","More than one cache with the waypoint &quot;%1&quot; exists.","56:./templates2/ocstyle/error.tpl","Mehrere Caches mit dem Wegpunkt &quot;%1&quot; gefunden.","Il existe plus d'une géocache avec le waypoint &quot;%1&quot;.","Meerdere caches met waypoint &quot;%1&quot; gevonden.","More than one cache with the waypoint &quot;%1&quot; exists.","","More than one cache with the waypoint &quot;%1&quot; exists.",""
"255","The waypoint &quot;%1&quot; was not found.","58:./templates2/ocstyle/error.tpl","Kein Cache mit dem Wegpunkt &quot;%1&quot; gefunden.","Le waypoint &quot;%1&quot; n'est pas trouvé.","Geen cache met waipoint &quot;%1&quot; gevonden.","The waypoint &quot;%1&quot; was not found.","","The waypoint &quot;%1&quot; was not found.",""
"256","Senegal","0:table:countries;field=name","Senegal","Sénégal","Senegal","Senegal","","Senegal","Сенегал"
"257","San Marino","0:table:countries;field=name","San Marino","Saint-Marin","San Marino","San Marino","","San Marino","Сан-Марино"
"258","Sierra Leone","0:table:countries;field=name","Sierra Leone","Sierra Leone","Sierra Leone","Sierra Leone","","Sierra Leone","Сьерра-Леоне"
"259","Slovakia","0:table:countries;field=name","Slowakai","Slovaquie","Slowakije","Slovakia","","Slovakia","Словакия"
"260","Svalbard And Jan Mayen Islands","0:table:countries;field=name","Svalbard und Jan Mayen","Svalbard Et Jan Mayen","Spitsbergen en Jan Mayeneilanden","Svalbard And Jan Mayen Islands","","Svalbard And Jan Mayen Islands","Шпицберген и Ян-Майен"
"261","Slovenia","0:table:countries;field=name","Slowenien","Slovénie","Slovenië","Slovenia","","Slovenia","Словения"
"262","St. Helena","0:table:countries;field=name","St. Helena","Sainte-Hélène","Sint-Helena (eiland)","St. Helena","","St. Helena","Остров Святой Елены"
"263","Singapore","0:table:countries;field=name","Singapur","Singapour","Singapore","Singapore","","Singapore","Сингапур"
"264","Sweden","0:table:countries;field=name","Schweden","Suède","Zweden","Sweden","","Sweden","Швеция"
"265","Sudan","0:table:countries;field=name","Sudan","Soudan","Soedan","Sudan","","Sudan","Судан"
"266","Seychelles","0:table:countries;field=name","Seychellen","Seychelles","Seychellen","Seychelles","","Seychelles","Сейшелы"
"267","Solomon Islands","0:table:countries;field=name","Salomonen","Iles Salomon","Solomon Eilanden","Solomon Islands","","Solomon Islands","Соломоновы Острова"
"268","Saudi Arabia","0:table:countries;field=name","Saudi-Arabien","Arabie Saoudite","Saoedi-Arabië","Saudi Arabia","","Saudi Arabia","Саудовская Аравия"
"269","Rwanda","0:table:countries;field=name","Ruanda","Rwanda","Rwanda","Rwanda","","Rwanda","Руанда"
"270","Russian Federation","0:table:countries;field=name","Russische Föderation","Russie (Fédération Russe)","Russische Federatie","Russian Federation","","Russian Federation","Россия"
"271","Romania","0:table:countries;field=name","Rumänien","Roumanie","Roemenië","Romania","","Romania","Румыния"
"272","Reunion","0:table:countries;field=name","Réunion","Réunion","Réunion","Reunion","","Reunion","Реюньон"
"273","Qatar","0:table:countries;field=name","Katar","Qatar","Qatar","Qatar","","Qatar","Катар"
"274","Paraguay","0:table:countries;field=name","Paraguay","Paraguay","Paraguay","Paraguay","","Paraguay","Парагвай"
"275","Palau","0:table:countries;field=name","Palau","Palau","Palau","Palau","","Palau","Палау"
"276","Portugal","0:table:countries;field=name","Portugal","Portugal","Portugal","Portugal","","Portugal","Португалия"
"277","Puerto Rico","0:table:countries;field=name","Puerto Rico","Porto Rico","Puerto Rico","Puerto Rico","","Puerto Rico","Пуэрто-Рико"
"278","Pitcairn","0:table:countries;field=name","Pitcairninseln","Pitcairn","Pitcairneilanden","Pitcairn","","Pitcairn","Питкерн"
"279","St. Pierre And Miquelon","0:table:countries;field=name","St. Pierre und Miquelon","Saint-Pierre-et-Miquelon","St. Pierre en Miquelon","St. Pierre And Miquelon","","St. Pierre And Miquelon","Сен-Пьер и Микелон"
"280","Poland","0:table:countries;field=name","Polen","Pologne","Polen","Poland","","Poland","Польша"
"281","Pakistan","0:table:countries;field=name","Pakistan","Pakistan","Pakistan","Pakistan","","Pakistan","Пакистан"
"282","Philippines","0:table:countries;field=name","Philippinen","Philippines","Filipijnen","Philippines","","Philippines","Филиппины"
"283","Papua New Guinea","0:table:countries;field=name","Papua-Neuguinea","Papouasie Nouvelle Guinée","Papoea-Nieuw-Guinea","Papua New Guinea","","Papua New Guinea","Папуа — Новая Гвинея"
"284","French Polynesia","0:table:countries;field=name","Französisch-Polynesien","Polynésie française","Frans-Polynesië","French Polynesia","","French Polynesia","Французская Полинезия"
"285","Peru","0:table:countries;field=name","Peru","Pérou","Peru","Peru","","Peru","Перу"
"286","Panama","0:table:countries;field=name","Panama","Panama","Panama","Panama","","Panama","Панама"
"287","Oman","0:table:countries;field=name","Oman","Oman","Oman","Oman","","Oman","Оман"
"288","New Zealand","0:table:countries;field=name","Neuseeland","New Zealand","Nieuw Zeeland","New Zealand","","New Zealand","Новая Зеландия"
"289","Niue","0:table:countries;field=name","Niue","Niue","Niue","Niue","","Niue","Ниуэ"
"290","Nauru","0:table:countries;field=name","Nauru","Nauru","Nauru","Nauru","","Nauru","Науру"
"291","Nepal","0:table:countries;field=name","Nepal","Nepal","Nepal","Nepal","","Nepal","Непал"
"292","Norway","0:table:countries;field=name","Norwegen","Norway","Noorwegen","Norway","","Norway","Норвегия"
"293","Netherlands","0:table:countries;field=name","Niederlande","Netherlands","Nederland","Netherlands","","Netherlands","Нидерланды"
"294","Nicaragua","0:table:countries;field=name","Nicaraqua","Nicaragua","Nicaragua","Nicaragua","","Nicaragua","Никарагуа"
"295","Nigeria","0:table:countries;field=name","Nigeria","Nigeria","Nigeria","Nigeria","","Nigeria","Нигерия"
"296","Norfolk Island","0:table:countries;field=name","Norfolkinseln","Norfolk Island","Norfolk (eiland)","Norfolk Island","","Norfolk Island","Норфолк"
"297","Niger","0:table:countries;field=name","Niger","Niger","Niger","Niger","","Niger","Нигер"
"298","New Caledonia","0:table:countries;field=name","Neukaledonien","New Caledonia","Nieuw-Caledonië","New Caledonia","","New Caledonia","Новая Каледония"
"299","Namibia","0:table:countries;field=name","Namibia","Namibia","Namibië","Namibia","","Namibia","Намибия"
"300","Mozambique","0:table:countries;field=name","Mosambik","Mozambique","Mozambique","Mozambique","","Mozambique","Мозамбик"
"301","Malaysia","0:table:countries;field=name","Malaysia","Malaysia","Maleisië","Malaysia","","Malaysia","Малайзия"
"302","Mexico","0:table:countries;field=name","Mexiko","Mexico","Mexico","Mexico","","Mexico","Мексика"
"303","Malawi","0:table:countries;field=name","Malwai","Malawi","Malawi","Malawi","","Malawi","Малави"
"304","Maldives","0:table:countries;field=name","Malediven","Maldives","Maldiven","Maldives","","Maldives","Мальдивы"
"305","Mauritius","0:table:countries;field=name","Mauritius","Mauritius","Mauritius","Mauritius","","Mauritius","Маврикий"
"306","Malta","0:table:countries;field=name","Malta","Malta","Malta","Malta","","Malta","Мальта"
"307","Montserrat","0:table:countries;field=name","Montserrat","Montserrat","Montserrat","Montserrat","","Montserrat","Монтсеррат"
"308","Mauritania","0:table:countries;field=name","Mauretanien","Mauritania","Mauritanië","Mauritania","","Mauritania","Мавритания"
"309","Martinique","0:table:countries;field=name","Martinique","Martinique","Martinique","Martinique","","Martinique","Мартиника"
"310","Northern Mariana Islands","0:table:countries;field=name","Marianen","Northern Mariana Islands","Noordelijke Marianen eilanden","Northern Mariana Islands","","Northern Mariana Islands","Северные Марианские острова"
"311","Macau","0:table:countries;field=name","Macau","Macau","Macau","Macau","","Macau","Макао"
"312","Mongolia","0:table:countries;field=name","Mongolei","Mongolia","Mongolië","Mongolia","","Mongolia","Монголия"
"313","Myanmar","0:table:countries;field=name","Myanmar","Myanmar","Myanmar","Myanmar","","Myanmar","Мьянма"
"314","Mali","0:table:countries;field=name","Mali","Mali","Mali","Mali","","Mali","Мали"
"315","Macedonia, The Former Yugoslav Republic Of","0:table:countries;field=name","Mazedonien","Macedonia, The Former Yugoslav Republic Of","Macedonië","Macedonia, The Former Yugoslav Republic Of","","Macedonia, The Former Yugoslav Republic Of","Македония"
"316","Marshall Islands","0:table:countries;field=name","Marshallinseln","Marshall Islands","Marshalleilanden","Marshall Islands","","Marshall Islands","Маршалловы Острова"
"317","Madagascar","0:table:countries;field=name","Madagaskar","Madagascar","Madagaskar","Madagascar","","Madagascar","Мадагаскар"
"318","Moldova, Republic Of","0:table:countries;field=name","Moldau","Moldova, Republic Of","Moldavië","Moldova, Republic Of","","Moldova, Republic Of","Молдавия"
"319","Monaco","0:table:countries;field=name","Monaco","Monaco","Monaco","Monaco","","Monaco","Монако"
"320","Morocco","0:table:countries;field=name","Marokko","Morocco","Marokko","Morocco","","Morocco","Марокко"
"321","Libyan Arab Jamahiriya","0:table:countries;field=name","Libyen","Libyan Arab Jamahiriya","Libië","Libyan Arab Jamahiriya","","Libyan Arab Jamahiriya","Ливия"
"322","Latvia","0:table:countries;field=name","Lettland","Latvia","Letland","Latvia","","Latvia","Латвия"
"323","Luxembourg","0:table:countries;field=name","Luxemburg","Luxembourg","Luxemburg","Luxembourg","","Luxembourg","Люксембург"
"324","Lithuania","0:table:countries;field=name","Litauen","Lithuania","Litouwen","Lithuania","","Lithuania","Литва"
"325","Lesotho","0:table:countries;field=name","Lesotho","Lesotho","Lesotho","Lesotho","","Lesotho","Лесото"
"326","Liberia","0:table:countries;field=name","Liberia","Liberia","Liberië","Liberia","","Liberia","Либерия"
"327","Sri Lanka","0:table:countries;field=name","Sri Lanka","Sri Lanka","Sri Lanka","Sri Lanka","","Sri Lanka","Шри-Ланка"
"328","Liechtenstein","0:table:countries;field=name","Liechtenstein","Liechtenstein","Liechtenstein","Liechtenstein","","Liechtenstein","Лихтенштейн"
"329","Saint Lucia","0:table:countries;field=name","St. Lucia","Saint Lucia","Saint Lucia","Saint Lucia","","Saint Lucia","Сент-Люсия"
"330","Lebanon","0:table:countries;field=name","Libanon","Lebanon","Libanon","Lebanon","","Lebanon","Ливан"
"331","Lao People's Democratic Republic","0:table:countries;field=name","Laos","Lao People's Democratic Republic","Laos","Lao People's Democratic Republic","","Lao People's Democratic Republic","Лаос"
"332","Kazakhstan","0:table:countries;field=name","Kasachstan","Kazakhstan","Kazachstan","Kazakhstan","","Kazakhstan","Казахстан"
"333","Cayman Islands","0:table:countries;field=name","Kaimaninseln","Cayman Islands","Kaaiman eilanden","Cayman Islands","","Cayman Islands","Каймановы острова"
"334","Kuwait","0:table:countries;field=name","Kuwait","Kuwait","Koeweit","Kuwait","","Kuwait","Кувейт"
"335","Korea, Republic Of","0:table:countries;field=name","Republik Korea","Korea, Republic Of","Zuid-Korea","Korea, Republic Of","","Korea, Republic Of","Южная Корея"
"336","Korea, Democratic People's Republic Of","0:table:countries;field=name","Demokratische Volksrepublik Korea","Korea, Democratic People's Republic Of","Noord-Korea","Korea, Democratic People's Republic Of","","Korea, Democratic People's Republic Of","Северная Корея"
"337","Saint Kitts And Nevis","0:table:countries;field=name","St. Kitts und Nevis","Saint-Kitts-Et-Nevis","Saint Kitts en Nevis","Saint Kitts And Nevis","","Saint Kitts And Nevis","Сент-Китс и Невис"
"338","Comoros","0:table:countries;field=name","Komoren","Comores","Comoren","Comoros","","Comoros","Коморы"
"339","Kiribati","0:table:countries;field=name","Kiribati","Kiribati","Kiribati","Kiribati","","Kiribati","Кирибати"
"340","Cambodia","0:table:countries;field=name","Kambodscha","Cambodge","Cambodja","Cambodia","","Cambodia","Камбоджа"
"341","Kyrgyzstan","0:table:countries;field=name","Kirgistan","Kirghizstan","Kirgizië","Kyrgyzstan","","Kyrgyzstan","Киргизия"
"342","Kenya","0:table:countries;field=name","Kenia","Kenya","Kenia","Kenya","","Kenya","Кения"
"343","Japan","0:table:countries;field=name","Japan","Japon","Japan","Japan","","Japan","Япония"
"344","Jordan","0:table:countries;field=name","Jordanien","Jordanie","Jordanië","Jordan","","Jordan","Иордания"
"345","Jamaica","0:table:countries;field=name","Jamaika","Jamaïque","Jamaica","Jamaica","","Jamaica","Ямайка"
"346","Italy","0:table:countries;field=name","Italien","Italie","Italië","Italy","","Italy","Италия"
"347","Iceland","0:table:countries;field=name","Island","Islande","Ijsland","Iceland","","Iceland","Исландия"
"348","Iran (Islamic Republic Of)","0:table:countries;field=name","Iran","Iran (République islamique d ')","Iran","Iran (Islamic Republic Of)","","Iran (Islamic Republic Of)","Иран"
"349","Iraq","0:table:countries;field=name","Irak","Irak","Irak","Iraq","","Iraq","Ирак"
"350","British Indian Ocean Territory","0:table:countries;field=name","Britisches Territorium im Indischen Ozean","Territoire britannique de l'océan Indien","Brits Indische Oceaan territorium","British Indian Ocean Territory","","British Indian Ocean Territory","Британская территория в Индийском океане"
"351","India","0:table:countries;field=name","Indien","Inde","India","India","","India","Индия"
"352","Israel","0:table:countries;field=name","Israel","Israël","Israël","Israel","","Israel","Израиль"
"353","Ireland","0:table:countries;field=name","Irland","Irlande","Ierland","Ireland","","Ireland","Ирландия"
"354","Indonesia","0:table:countries;field=name","Indonesien","Indonésie","Indonesië","Indonesia","","Indonesia","Индонезия"
"355","Hungary","0:table:countries;field=name","Ungarn","Hongrie","Hongarije","Hungary","","Hungary","Венгрия"
"356","Haiti","0:table:countries;field=name","Haiti","Haïti","Haïti","Haiti","","Haiti","Гаити"
"357","Croatia","0:table:countries;field=name","Kroatien","Croatie","Kroatië","Croatia","","Croatia","Хорватия"
"358","Honduras","0:table:countries;field=name","Honduras","Honduras","Honduras","Honduras","","Honduras","Гондурас"
"359","Heard And Mc Donald Islands","0:table:countries;field=name","Heard und McDonaldinseln","Heard et Mc Donald Îles","Heardeiland en McDonaldeilanden","Heard And Mc Donald Islands","","Heard And Mc Donald Islands","Херд и Макдоналд"
"360","Hong Kong","0:table:countries;field=name","Honkong","Hong Kong","Hong Kong","Hong Kong","","Hong Kong","Гонконг"
"361","Guyana","0:table:countries;field=name","Guyana","Guyane","Guyana","Guyana","","Guyana","Гайана"
"362","Guinea-Bissau","0:table:countries;field=name","Guinea-Bissau","Guinée-Bissau","Guinee-Bissau","Guinea-Bissau","","Guinea-Bissau","Гвинея-Бисау"
"363","Guam","0:table:countries;field=name","Guam","Guam","Guam","Guam","","Guam","Гуам"
"364","Guatemala","0:table:countries;field=name","Guatemala","Guatemala","Guatemala","Guatemala","","Guatemala","Гватемала"
"365","South Georgia And The South Sandwich Islands","0:table:countries;field=name","Südgeorgien und die Südlichen Sandwichinseln","Géorgie du Sud et les îles Sandwich du Sud","Zuid-Georgia en de Zuidelijke Sandwicheilanden","South Georgia And The South Sandwich Islands","","South Georgia And The South Sandwich Islands","Южная Георгия и Южные Сандвичевы острова"
"366","Greece","0:table:countries;field=name","Griechenland","Grèce","Griekenland","Greece","","Greece","Греция"
"367","Guadeloupe","0:table:countries;field=name","Guadelope","Guadeloupe","Guadeloupe","Guadeloupe","","Guadeloupe","Гваделупа"
"368","Guinea","0:table:countries;field=name","Guinea","Guinée","Guinea","Guinea","","Guinea","Гвинея"
"369","Gambia","0:table:countries;field=name","Gambia","Gambie","Gambia","Gambia","","Gambia","Гамбия"
"370","Greenland","0:table:countries;field=name","Grönland","Groenland","Groenland","Greenland","","Greenland","Гренландия"
"371","Gibraltar","0:table:countries;field=name","Gibraltar","Gibraltar","Gibraltar","Gibraltar","","Gibraltar","Гибралтар"
"372","Ghana","0:table:countries;field=name","Ghana","Ghana","Ghana","Ghana","","Ghana","Гана"
"373","French Guiana","0:table:countries;field=name","Guayana","Guyane française","Frans-Guyana","French Guiana","","French Guiana","Французская Гвиана"
"374","Georgia","0:table:countries;field=name","Georgien","Géorgie","Georgië","Georgia","","Georgia","Грузия"
"375","Grenada","0:table:countries;field=name","Granada","Grenade","Grenada","Grenada","","Grenada","Гренада"
"376","United Kingdom","0:table:countries;field=name","Großbritannien","Royaume-Uni","Verenigd Koninkrijk","United Kingdom","","United Kingdom","Великобритания"
"377","Gabon","0:table:countries;field=name","Gabun","Gabon","Gabon","Gabon","","Gabon","Габон"
"378","France","0:table:countries;field=name","Frankreich","France","Frankrijk","France","","France","Франция"
"379","Faroe Islands","0:table:countries;field=name","Färöer (zu Dänemark)","Îles Féroé","Faeröer","Faroe Islands","","Faroe Islands","Фареры"
"380","Micronesia, Federated States Of","0:table:countries;field=name","Mikronesien","Micronésie, États fédérés de","Micronesia","Micronesia, Federated States Of","","Micronesia, Federated States Of","Микронезия"
"381","Falkland Islands (Malvinas)","0:table:countries;field=name","Falklandinseln","Îles Falkland (Malvinas)","Falklandeilanden","Falkland Islands (Malvinas)","","Falkland Islands (Malvinas)","Фолклендские острова"
"382","Fiji","0:table:countries;field=name","Fidschi","Fidji","Fiji","Fiji","","Fiji","Фиджи"
"383","Finland","0:table:countries;field=name","Finnland","Finlande","Finland","Finland","","Finland","Финляндия"
"384","Ethiopia","0:table:countries;field=name","Äthiopien","Ethiopie","Ethiopië","Ethiopia","","Ethiopia","Эфиопия"
"385","Spain","0:table:countries;field=name","Spanien","Espagne","Spanje","Spain","","Spain","Испания"
"386","Eritrea","0:table:countries;field=name","Eritrea","Erythrée","Eritrea","Eritrea","","Eritrea","Эритрея"
"387","Western Sahara","0:table:countries;field=name","Westsahara","Western Sahara","Westelijke Sahara","Western Sahara","","Western Sahara","Западная Сахара"
"388","Egypt","0:table:countries;field=name","Ägypten","Egypt","Egypte","Egypt","","Egypt","Египет"
"389","Estonia","0:table:countries;field=name","Estland","Estonia","Estland","Estonia","","Estonia","Эстония"
"390","Ecuador","0:table:countries;field=name","Equador","Ecuador","Ecuador","Ecuador","","Ecuador","Эквадор"
"391","Algeria","0:table:countries;field=name","Algerien","Algeria","Algerije","Algeria","","Algeria","Алжир"
"392","Dominican Republic","0:table:countries;field=name","Dominikanische Republik","Dominican Republic","Dominicaanse Republiek","Dominican Republic","","Dominican Republic","Доминиканская Республика"
"393","Denmark","0:table:countries;field=name","Dänemark","Denmark","Denemarken","Denmark","","Denmark","Дания"
"394","Djibouti","0:table:countries;field=name","Dschibuti","Djibouti","Djibouti","Djibouti","","Djibouti","Джибути"
"395","Germany","0:table:countries;field=name","Deutschland","Germany","Duitsland","Germany","","Germany","Германия"
"396","Czech Republic","0:table:countries;field=name","Tschechische Republik","Czech Republic","Tsjechische Republiek","Czech Republic","","Czech Republic","Чехия"
"397","Cyprus","0:table:countries;field=name","Zypern","Cyprus","Cyprus","Cyprus","","Cyprus","Кипр"
"398","Christmas Island","0:table:countries;field=name","Weihnachtsinseln","Christmas Island","Kersteiland","Christmas Island","","Christmas Island","Остров Рождества"
"399","Cape Verde","0:table:countries;field=name","Kapverden","Cape Verde","Kaapverdië","Cape Verde","","Cape Verde","Кабо-Верде"
"400","Cuba","0:table:countries;field=name","Kuba","Cuba","Cuba","Cuba","","Cuba","Куба"
"402","Costa Rica","0:table:countries;field=name","Costa Rica","Costa Rica","Costa Rica","Costa Rica","","Costa Rica","Коста-Рика"
"403","Colombia","0:table:countries;field=name","Kolumbien","Colombia","Colombia","Colombia","","Colombia","Колумбия"
"404","China","0:table:countries;field=name","Volksrepublik China","China","China","China","","China","Китай"
"405","Cameroon","0:table:countries;field=name","Kamerun","Cameroon","Kameroen","Cameroon","","Cameroon","Камерун"
"406","Chile","0:table:countries;field=name","Chile","Chile","Chili","Chile","","Chile","Чили"
"407","Cook Islands","0:table:countries;field=name","Cookinseln","Cook Islands","Cookeilanden","Cook Islands","","Cook Islands","Острова Кука"
"408","Cote d'Ivoire","0:table:countries;field=name","Elfenbeinküste","Cote d'Ivoire","Ivoorkust","Cote d'Ivoire","","Cote d'Ivoire","Кот-д’Ивуар"
"409","Switzerland","0:table:countries;field=name","Schweiz","Switzerland","Zwitserland","Switzerland","","Switzerland","Швейцария"
"410","Congo","0:table:countries;field=name","Kongo","Congo","Congo","Congo","","Congo","Конго"
"411","Central African Republic","0:table:countries;field=name","Zentralafrikanische Republik","Central African Republic","Centraal-Afrikaanse Republiek","Central African Republic","","Central African Republic","Центрально-Африканская Республика"
"412","Cocos (Keeling) Islands","0:table:countries;field=name","Kokosinseln","Cocos (Keeling) Islands","Cocoseilanden","Cocos (Keeling) Islands","","Cocos (Keeling) Islands","Кокосовые острова"
"413","Canada","0:table:countries;field=name","Kanada","Canada","Canada","Canada","","Canada","Канада"
"414","Belize","0:table:countries;field=name","Belize","Belize","Belize","Belize","","Belize","Белиз"
"415","Belarus","0:table:countries;field=name","Belarus (Weißrußland)","Belarus","Wit-Rusland","Belarus","","Belarus","Белоруссия"
"416","Botswana","0:table:countries;field=name","Botsuana","Botswana","Botswana","Botswana","","Botswana","Ботсвана"
"417","Bouvet Island","0:table:countries;field=name","Bouvetinsel","Bouvet Island","Bouvet","Bouvet Island","","Bouvet Island","Буве"
"418","Bhutan","0:table:countries;field=name","Bhutan","Bhutan","Bhutan","Bhutan","","Bhutan","Бутан"
"419","Bahamas","0:table:countries;field=name","Bahamas","Bahamas","Bahama's","Bahamas","","Bahamas","Багамы"
"420","Brazil","0:table:countries;field=name","Brasilien","Brazil","Brazilië","Brazil","","Brazil","Бразилия"
"421","Bolivia","0:table:countries;field=name","Bolivien","Bolivia","Bolivia","Bolivia","","Bolivia","Боливия"
"422","Brunei Darussalam","0:table:countries;field=name","Brunei","Brunei Darussalam","Brunei","Brunei Darussalam","","Brunei Darussalam","Бруней"
"423","Bermuda","0:table:countries;field=name","Bermuda","Bermuda","Bermuda","Bermuda","","Bermuda","Бермуды"
"424","Benin","0:table:countries;field=name","Benin","Benin","Menin","Benin","","Benin","Бенин"
"425","Burundi","0:table:countries;field=name","Burundi","Burundi","Burundi","Burundi","","Burundi","Бурунди"
"426","Bahrain","0:table:countries;field=name","Bahrain","Bahrain","Bahrein","Bahrain","","Bahrain","Бахрейн"
"427","Bulgaria","0:table:countries;field=name","Bulgarien","Bulgaria","Bulgarije","Bulgaria","","Bulgaria","Болгария"
"428","Burkina Faso","0:table:countries;field=name","Burkina Faso","Burkina Faso","Burkina Faso","Burkina Faso","","Burkina Faso","Буркина Фасо"
"429","Belgium","0:table:countries;field=name","Belgien","Belgium","België","Belgium","","Belgium","Бельгия"
"430","Bangladesh","0:table:countries;field=name","Bangladesch","Bangladesh","Bangladesh","Bangladesh","","Bangladesh","Бангладеш"
"431","Barbados","0:table:countries;field=name","Barbados","Barbados","Barbados","Barbados","","Barbados","Барбадос"
"432","Bosnia And Herzegowina","0:table:countries;field=name","Bosnien-Herzegowina","Bosnia And Herzegowina","Bosnië en Herzegovina","Bosnia And Herzegowina","","Bosnia And Herzegowina","Босния и Герцеговина"
"433","Azerbaijan","0:table:countries;field=name","Aserbaidschan","Azerbaijan","Azerbeidzjan","Azerbaijan","","Azerbaijan","Азербайджан"
"434","Aruba","0:table:countries;field=name","Aruba","Aruba","Aruba","Aruba","","Aruba","Аруба"
"435","Australia","0:table:countries;field=name","Australien","Australia","Australië","Australia","","Australia","Австралия"
"436","Austria","0:table:countries;field=name","Österreich","Austria","Oostenrijk","Austria","","Austria","Австрия"
"437","American Samoa","0:table:countries;field=name","Amerikanisch-Samoa","Samoa américaines","Amerikaans-Samoa","American Samoa","","American Samoa","Американское Самоа"
"438","Argentina","0:table:countries;field=name","Argentinien","Argentine","Argentinië","Argentina","","Argentina","Аргентина"
"439","Angola","0:table:countries;field=name","Angola","Angola","Angola","Angola","","Angola","Ангола"
"440","Netherlands Antilles","0:table:countries;field=name","Niederländische Antillen","Antilles Néerlandaises","Nederlandse Antillen","Netherlands Antilles","","Netherlands Antilles","Нидерландские Антильские острова"
"441","Armenia","0:table:countries;field=name","Armenien","Arménie","Armenië","Armenia","","Armenia","Армения"
"442","Albania","0:table:countries;field=name","Albanien","Albanie","Albanië","Albania","","Albania","Албания"
"443","Anguilla","0:table:countries;field=name","Anguilla","Anguilla","Anguilla","Anguilla","","Anguilla","Ангилья"
"444","Antigua And Barbuda","0:table:countries;field=name","Antigua und Barbuda","Antigua-Et-Barbuda","Antigua en Barbuda","Antigua And Barbuda","","Antigua And Barbuda","Антигуа и Барбуда"
"445","Afghanistan","0:table:countries;field=name","Afghanistan","Afghanistan","Afghanistan","Afghanistan","","Afghanistan","Афганистан"
"446","United Arab Emirates","0:table:countries;field=name","Vereinigte Arabische Emirate","Emirats Arabes Unis","Verenigde Arabische Emiraten","United Arab Emirates","","United Arab Emirates","ОАЭ"
"447","Andorra","0:table:countries;field=name","Andorra","Andorre","Andorra","Andorra","","Andorra","Андорра"
"448","Switching to db-root failed.","62:./templates2/ocstyle/error.tpl","Die Anmeldung an der Datenbank als root ist fehlgeschlagen.","Passage à db-root échoué.","De aanmelding aan de database als root is mislukt.","Switching to db-root failed.","","Switching to db-root failed.",""
"449","(before an export)","46:./templates2/ocstyle/translate.tpl","(vor einem Export)","(Avant l'exportation)","(voor een export)","(before an export)","","(before an export)",""
"452","News entry has been saved","","Newseintrag gespeichert","La nouvelle a été enregistrée","Nieuwsbericht opgeslagen","News entry has been saved","","News entry has been saved",""
"454","Submit a news entry","","Neuen Newseintrag erstellen","Soumettre une nouvelle","Een nieuwsbericht opstellen","Submit a news entry","","Submit a news entry","Опубликовать новость"
"455","Submit","70:./templates2/ocstyle/activation.tpl","Absenden","Soumettre","Verzenden","Submit","","Submit","Сохранить"
"456","The code did not match.","","Die Eingabe war nicht korrekt.","Le code ne correspond pas.","De code komt niet overeen.","El código no coincide","","The code did not match.",""
"457","And now fill in the spam protection code:","","... und jetzt bitte noch den Schutz gegen Spammer umgehen:","Et maintenant remplir le code de protection anti-spam :","... en nu de code invullen om te beschermen tegen spammers:","And now fill in the spam protection code:","","And now fill in the spam protection code:","Антиспамерский код:"
"458","What does this picture show?","","Was zeigt das Bild?","What does this picture show?","Wat laat het plaatje zien?","What does this picture show?","","What does this picture show?","Что изображено на рисунке?"
"459","E-mail address is not valid.","39:./templates2/ocstyle/activation.tpl","E-Mail-Adresse ungültig.","L'adresse e-mail n'est pas valide.","E-mailadres niet geldig.","E-mail address is not valid.","","E-mail address is not valid.",""
"460","Your e-mail address for queries:","","Deine E-Mail-Adresse für Rückfragen:","Votre e-mail pour les requêtes :","Jouw e-mailadres voor eventuele vragen:","Your e-mail address for queries:","","Your e-mail address for queries:","Электронный адрес:"
"462","The news entry was entered with HTML tags ","","Die Nachricht wurde als HTML-Code eingegeben ","L’entrée de nouvelles a été saisie avec les balises HTML ","Het nieuwsbericht is in HTML-code geschreven ","The news entry was entered with HTML tags ","","The news entry was entered with HTML tags ","В тексте присутствует HTML-разметка."
"463","News entry:","","Nachricht:","Nouvelle :","Nieuwsbericht:","News entry:","","News entry:","Текст:"
"464","Topic:","","Thema:","Sujet:","Thema","Tema:","","Topic:","Тема:"
"467","Hint","32:./templates2/ocstyle/activation.tpl","Hinweis","Indices","Hint","Hint","","Hint",""
"468","Activate account","12:./templates2/ocstyle/activation.tpl","Account aktivieren","Activer le compte","Account activeren","Activate account","","Activate account","Активация"
"469","Best regards,<br/>your Opencaching team","11:./templates2/ocstyle/sys_outofservice.tpl","Vielen Dank,<br/>das Opencaching-Team","Cordialement,<br/>votre équipe Opencaching","Hartelijk bedankt,<br/>het Opencaching-team","Best regards,<br/>your Opencaching team","","Best regards,<br/>your Opencaching team",""
"474","If this problem persists over a longer time, please contact us via <a href=""mailto:%1"">%1</a>.","35:./templates2/ocstyle/login.tpl","Sollte das Problem längere Zeit bestehen, wende dich bitte an <a href=""mailto:%1"">%1</a>.","Si ce problème persiste sur une longue période, merci de nous contacter à l'adresse <a href=""mailto:%1"">%1</a>.","Mocht het probleem langer aanhouden, neem dan contact met ons op via <a href=""mailto:%1"">%1</a>.","If this problem persists over a longer time, please contact us via <a href=""mailto:%1"">%1</a>.","","If this problem persists over a longer time, please contact us via <a href=""mailto:%1"">%1</a>.",""
"475","%1 is currently out of service","7:./templates2/ocstyle/sys_outofservice.tpl","%1 ist momentan außer Betrieb","%1 est actuellement hors service","%1 is momenteel buiten bedrijf","%1 is currently out of service","","%1 is currently out of service",""
"477","Total runtime:","345:./templates2/ocstyle/sys_sqldebugger.tpl","Gesamt:","Total runtime:","Totale runtime:","Total runtime:","","Total runtime:",""
"478","Business layer runtime:","341:./templates2/ocstyle/sys_sqldebugger.tpl","Businesslayer:","Business layer runtime:","Business layer runtime:","Business layer runtime:","","Business layer runtime:",""
"479","Framework runtime:","337:./templates2/ocstyle/sys_sqldebugger.tpl","Framework:","Framework runtime:","Framework runtime:","Framework runtime:","","Framework runtime:",""
"480","User runtime:","333:./templates2/ocstyle/sys_sqldebugger.tpl","Benutzer:","User runtime:","Gebruiker runtime:","User runtime:","","User runtime:","Пользователь:"
"481","SQL Debugger","11:./templates2/ocstyle/sys_sqldebugger.tpl","SQL-Debugger","SQL Debugger","SQL Debugger","SQL Debugger","","SQL Debugger",""
"482","%1 commands","334:./templates2/ocstyle/sys_sqldebugger.tpl","%1 Befehle","%1 des commandes","%1 commando's","%1 commands","","%1 commands",""
"483","Overview","0:table:sys_menu;field=menustring","Übersicht","Vue d'ensemble","Overzicht","Overview","","Overview",""
"484","Profile","0:table:sys_menu;field=menustring","Profildaten","Profil","Profiel","Profile","","Profile","Профиль"
"485","Stored queries","10:./templates2/ocstyle/query.tpl","Gespeicherte Suchen","Les requêtes stockées","Opgeslagen zoekopdrachten","Stored queries","","Stored queries",""
"486","Watched caches","0:table:sys_menu;field=menustring","Beobachtete Caches","Caches regardées","Gevolgde caches","Watched caches","","Watched caches",""
"487","Ignored caches","0:table:sys_menu;field=menustring","Ignorierte Caches","Caches ignorées","Genegeerd caches","Ignored caches","","Ignored caches","Чёрные метки"
"488","Settings","2268:./templates2/ocstyle/map2.tpl","Einstellungen","Paramètres","Instellingen","Settings","","Settings","Настройки"
"490","The notification radius must not be greater than 150 km. To deactivate notifications, set the radius to 0.","115:./templates2/ocstyle/myprofile.tpl","Der Radius darf maximal 150 km betragen. Zum Deaktivieren der Benachrichtigung setze den Umkreis auf den Wert 0.","Le rayon de notification ne doit pas être plus que 150 km. Pour désactiver des notifications, définir le rayon à 0.","De radius mag maximaal 150 km zijn. Om de notificaties uit te zetten, zet de radius op 0.","The notification radius must not be greater than 150 km. To deactivate notifications, set the radius to 0.","","The notification radius must not be greater than 150 km. To deactivate notifications, set the radius to 0.","Радиус не может превышать 150 км. Чтобы отменить уведомления, задайте 0."
"491","Change password","9:./templates2/ocstyle/newpw.tpl","Passwort ändern","Changer le mot de passe","Wachtwoord veranderen","Change password","","Change password","Сменить пароль"
"493","E-mail address","11:./templates2/mail/register.tpl","E-Mail-Adresse","Adresse e-mail","E-mailadres","E-mail address","","E-mail address","Сменить адрес"
"496","Archived","180:./templates2/ocstyle/adminreports.tpl","archiviert","archivé","Gearchiveerd","Archived","","Archived",""
"497","Not found","19:./templates2/ocstyle/res_logentry.tpl","nicht gefunden","pas trouvé","Niet gevonden","Not found","","Not found","Не найден"
"498","Attended","20:./templates2/ocstyle/event_attendance.tpl","teilgenommen","participation","Deelgenomen","Attended","","Attended",""
"499","Will attend","14:./templates2/ocstyle/event_attendance.tpl","möchte teilnehmen","sera présent","Wil deelnemen","Will attend","","Will attend",""
"500","Hello %1","62:./templates2/ocstyle/myhome.tpl","Herzlich willkommen %1","Bonjour %1","Hallo %1","Hello %1","","Hello %1",""
"501","Logs","82:./templates2/ocstyle/restorecaches.tpl","Logs","Logs","Logs","Logs","","Logs",""
"502","Finds: %1","70:./templates2/ocstyle/myhome.tpl","Funde: %1","Trouve&nbsp;: %1","Gevonden: %1","Finds: %1","","Finds: %1","Найдено тайников: %1"
"503","Your latest log entries","76:./templates2/ocstyle/myhome.tpl","Deine letzten Logeinträge","Your latest log entries","Je laatste logs","Your latest log entries","","Your latest log entries","Ваши последние отчёты"
"504","No entries found","93:./templates2/ocstyle/myhome.tpl","Keine Einträge gefunden","No entries found","Geen logs gevonden","No entries found","","No entries found","Нет отчётов"
"505","Geocaches hidden: %1","133:./templates2/ocstyle/myhome.tpl","Versteckte Caches: %1","Geocaches hidden: %1","Geplaatste caches: %1","Geocaches hidden: %1","","Geocaches hidden: %1","Спрятано тайников: %1"
"506","Your geocaches hidden","150:./templates2/ocstyle/myhome.tpl","Deine versteckten Caches","Your geocaches hidden","Jouw geplaatste caches","Your geocaches hidden","","Your geocaches hidden",""
"507","No geocaches hidden ","141:./templates2/ocstyle/myhome.tpl","Du hast noch keine Geocaches versteckt ","No geocaches hidden ","Geen geplaatste caches ","No geocaches hidden ","","No geocaches hidden ","Нет спрятанных тайников"
"508","Your pending geocaches:","179:./templates2/ocstyle/myhome.tpl","Deine noch nicht veröffentlichten Caches:","Your pending geocaches:","Jouw nog niet gepubliceerde caches:","Your pending geocaches:","","Your pending geocaches:",""
"512","Unknown Geocache","10:./templates2/ocstyle/res_cacheicon.tpl","Unbekannter Geocache","Unknown Geocache","Onbekende cache","Unknown Geocache","","Unknown Geocache",""
"513","Traditional Geocache","12:./templates2/ocstyle/res_cacheicon.tpl","Normaler Geocache","Traditional Geocache","Traditionele cache","Traditional Geocache","","Traditional Geocache",""
"514","Multicache","14:./templates2/ocstyle/res_cacheicon.tpl","Multicache","Multicache","Multi cache","Multicache","","Multicache",""
"515","Virtual Geocache","16:./templates2/ocstyle/res_cacheicon.tpl","Virtueller Geocache","Virtual Geocache","Virtuele cache","Virtual Geocache","","Virtual Geocache",""
"516","Webcam Geocache","18:./templates2/ocstyle/res_cacheicon.tpl","Webcam-Geocache","Webcam Geocache","Webcam cache","Webcam Geocache","","Webcam Geocache",""
"517","Event Geocache","34:./templates2/ocstyle/newcaches.tpl","Event-Geocache","Event Geocache","Evenement","Event Geocache","","Event Geocache",""
"518","Quiz Cache","22:./templates2/ocstyle/res_cacheicon.tpl","Rätselcache","Quiz Cache","Puzzel cache","Quiz Cache","","Quiz Cache",""
"519","Math/Physics Geocache","24:./templates2/ocstyle/res_cacheicon.tpl","Mathe/Physik-Geocache","Math/Physics Geocache","Wiskunde/natuurkunde cache","Math/Physics Geocache","","Math/Physics Geocache",""
"520","Moving Geocache","26:./templates2/ocstyle/res_cacheicon.tpl","Beweglicher Geocache","Moving Geocache","Bewegende cache","Moving Geocache","","Moving Geocache",""
"521","Drive-In Geocache","28:./templates2/ocstyle/res_cacheicon.tpl","Drive-In-Geocache","Drive-In Geocache","Drive-In cache","Drive-In Geocache","","Drive-In Geocache",""
"524","other size","403:./templates2/ocstyle/search.tpl","andere Größe","other size","andere grootte","other size","","other size",""
"525","micro","397:./templates2/ocstyle/search.tpl","mikro","micro","micro","micro","","micro",""
"526","small","398:./templates2/ocstyle/search.tpl","klein","small","klein","small","","small",""
"527","normal","399:./templates2/ocstyle/search.tpl","normal","normal","normaal","normal","","normal",""
"528","large","400:./templates2/ocstyle/search.tpl","groß","large","groot","large","","large",""
"529","very large","401:./templates2/ocstyle/search.tpl","extrem groß","very large","extra groot","very large","","very large",""
"530","no container","403:./templates2/ocstyle/search.tpl","kein Behälter","no container","geen behuizing","no container","","no container",""
"531","Available","176:./templates2/ocstyle/adminreports.tpl","kann gesucht werden","Available","Beschikbaar","Available","","Available",""
"532","Temporarily not available","178:./templates2/ocstyle/adminreports.tpl","momentan nicht verfügbar","Temporarily not available","Tijdelijk niet beschikbaar","Temporarily not available","","Temporarily not available",""
"533","Hidden by approvers to check","14:./templates2/ocstyle/res_cachestatus.tpl","von den Approvern entfernt, um geprüft zu werden","Hidden by approvers to check","Verborgen door approvers, om gecontroleerd te worden","Hidden by approvers to check","","Hidden by approvers to check",""
"534","Not yet published","16:./templates2/ocstyle/res_cachestatus.tpl","noch nicht veröffentlicht","Not yet published","Nog niet beschikbaar","Not yet published","","Not yet published",""
"535","Unknown cache type","0:table:cache_type;field=name","unbekannter Cachetyp","Unknown cache type","Onbekend cache soort","Unknown cache type","","Unknown cache type",""
"536","Traditional Cache","0:table:cache_type;field=name","normaler Cache","Traditional Cache","Traditionele cache","Traditional Cache","","Traditional Cache",""
"537","Virtual Cache","0:table:cache_type;field=name","virtueller Cache","Virtual Cache","Virtuele cache","Virtual Cache","","Virtual Cache",""
"538","Webcam Cache","0:table:cache_type;field=name","Webcam-Cache","Webcam Cache","Webcam cache","Webcam Cache","","Webcam Cache",""
"539","Event Cache","0:table:cache_type;field=name","Event-Cache","Event Cache","Evenement","Event Cache","","Event Cache",""
"540","Math/Physics Cache","0:table:cache_type;field=name","Mathe-/Physikcache","Math/Physics Cache","Wiskunde/natuurkunde cache","Math/Physics Cache","","Math/Physics Cache",""
"541","Moving Cache","0:table:cache_type;field=name","beweglicher Cache","Moving Cache","Bewegende cache","Moving Cache","","Moving Cache",""
"542","Drive-in Cache","0:table:cache_type;field=name","Drive-In-Cache","Drive-in Cache","Drive-In cache","Drive-in Cache","","Drive-in Cache",""
"544","I want to be notified about new geocaches within a radius of %1 km.","112:./templates2/ocstyle/myprofile.tpl","Ich möchte über neue Caches im Umkreis von %1 km benachrichtigt werden.","I want to be notified about new geocaches within a radius of %1 km.","Ik wil op de hoogte gehouden worden over nieuwe caches in een omtrek van %1 km.","I want to be notified about new geocaches within a radius of %1 km.","","I want to be notified about new geocaches within a radius of %1 km.","Присылать уведомления о новых тайниках в радиусе %1 км."
"545","BBCode for web forums:","29:./templates2/ocstyle/mystatpic.tpl","BBCode (für Foren):","BBCode for web forums:","BBCode voor forums:","BBCode for web forums:","","BBCode for web forums:","BBCode для форумов:"
"546","%1 statstics of %2","24:./templates2/ocstyle/mystatpic.tpl","%1-Statistik von %2","%1 statstics of %2","%1 statistieken van %2","%1 statstics of %2","","%1 statstics of %2",""
"547","Choose logo","9:./templates2/ocstyle/change_statpic.tpl","Statistikbild wählen","Choose logo","Kies logo","Choose logo","","Choose logo",""
"548","HTML code:","23:./templates2/ocstyle/mystatpic.tpl","HTML-Code:","HTML code:","HTML code:","HTML code:","","HTML code:","HTML:"
"549","Text displayed:","23:./templates2/ocstyle/change_statpic.tpl","Angezeigter Text:","Text displayed:","Getoonde tekst:","Text displayed:","","Text displayed:",""
"550","Text contains invalid characters!","28:./templates2/ocstyle/change_statpic.tpl","Ungültige Zeichen im Text!","Text contains invalid characters!","Ongeldige tekens in de tekst!","Text contains invalid characters!","","Text contains invalid characters!",""
"551","Available logos:","","Verfügbare Logos:","Available logos:","Beschikbare logo's:","Logos disponibles","","Available logos:",""
"552","Cancel","50:./templates2/ocstyle/addtolist.tpl","Abbrechen","Cancel","Annuleren","Cancel","","Cancel","Отменить"
"553","Save","17:./lang/de/ocstyle/editcache.inc.php","Speichern","Save","Opslaan","Guardar","","Save",""
"554","The following settings are stored for your logo:","17:./templates2/ocstyle/change_statpic.tpl","Folgende Einstellungen sind für dein Statistikbild gespeichert:","The following settings are stored for your logo:","De volgende instellingen voor uw statistiekenweergave zijn opgeslagen:","The following settings are stored for your logo:","","The following settings are stored for your logo:",""
"555","Show log entries","0:table:sys_menu;field=menustring","Logeinträge anzeigen","Show log entries","Toon logs","Show log entries","","Show log entries",""
"556","Statistics picture","9:./templates2/ocstyle/mystatpic.tpl","Statistikbild","Statistics picture","Statistieklogo","Statistics picture","","Statistics picture",""
"558","Don't use the HTML editor by default.","186:./templates2/ocstyle/myprofile.tpl","Als Vorgabe keinen HTML-Editor verwenden.","Don't use the HTML editor by default.","Als standaard geen HTML gebruiken.","Don't use the HTML editor by default.","","Don't use the HTML editor by default.",""
"559","Don't log me out after 60 minutes of inactivity.","173:./templates2/ocstyle/myprofile.tpl","Der automatische Logout 60 Minuten nach Verlassen der Webseite ist deaktiviert.","Ne pas me connecter après 60 minutes d’inactivité.","Niet automatisch uitloggen na 60 minuten inactiviteit.","Don't log me out after 60 minutes of inactivity.","","Don't log me out after 60 minutes of inactivity.",""
"560","I'm taking a PMR walkie talkie on channel 2 with me.","164:./templates2/ocstyle/myprofile.tpl","Ich nehme ein PMR-Funkgerät auf Kanal 2 mit zum Cachen.","Je prends un talkie-walkie PMR sur le canal 2 avec moi.","Ik neem een PMR zender mee op kanaal 2.","I'm taking a PMR walkie talkie on channel 2 with me.","","I'm taking a PMR walkie talkie on channel 2 with me.",""
"561","Others:","160:./templates2/ocstyle/myprofile.tpl","Sonstiges:","Autres&nbsp;:","Anders:","Others:","","Others:",""
"562","Notification about new geocaches is disabled.","133:./templates2/ocstyle/myprofile.tpl","Nicht über neue Caches benachrichtigen.","Les notifications de publication de nouvelles géocaches est désactivé.","Notificaties over nieuwe caches is uitgeschakeld.","Notification about new geocaches is disabled.","","Notification about new geocaches is disabled.",""
"563","Notify me about new geocaches within a radius of %1 km.","125:./templates2/ocstyle/myprofile.tpl","Über neue Caches im Umkreis von %1 km benachrichtigen.","Notifier moi sur les nouvelles géocaches dans un rayon de %1 km.","Notificatie over nieuwe caches binnen een straal van %1.","Notify me about new geocaches within a radius of %1 km.","","Notify me about new geocaches within a radius of %1 km.",""
"564","Notifications:","106:./templates2/ocstyle/myprofile.tpl","Benachrichtigung:","Notifications&nbsp;:","Notificaties:","Notifications:","","Notifications:","Уведомления:"
"565","Home coordinates:","94:./templates2/ocstyle/myprofile.tpl","Koordinaten:","Accueil Coordonnées&nbsp;:","Thuis coördinaten:","Home coordinates:","","Home coordinates:","Координаты:"
"566","Country:","185:./lang/de/ocstyle/editcache.tpl.php","Land:","Pays&nbsp;:","Land:","Country:","","Country:","Страна:"
"567","Last name:","83:./templates2/ocstyle/adminuser.tpl","Nachname:","Nom&nbsp;:","Achternaam:","Last name:","","Last name:","Фамилия:"
"568","First name:","79:./templates2/ocstyle/adminuser.tpl","Vorname:","Prénom&nbsp;:","Voornaam","First name:","","First name:","Имя:"
"569","Recommended","74:./templates2/ocstyle/newlogs.tpl","Empfohlen","Recommandé","Aanbevolen","Recommended","","Recommended",""
"570","%1 found the geocache","30:./templates2/ocstyle/res_logentry_logitem.tpl","%1 hat den Geocache gefunden","%1 trouvé la géocache","%1 heeft de cache gevonden","%1 found the geocache","","%1 found the geocache","%1 нашёл тайник"
"571","%1 did not find the geoacache","32:./templates2/ocstyle/res_logentry_logitem.tpl","%1 hat den Geocache nicht gefunden","%1 n’a pas trouvé la geoacache","%1 heeft de cache niet gevonden","%1 did not find the geoacache","","%1 did not find the geoacache",""
"572","%1 wrote a note","34:./templates2/ocstyle/res_logentry_logitem.tpl","%1 hat eine Bemerkung geschrieben","%1 a écrit une note","%1 heeft een notitie geschreven","%1 wrote a note","","%1 wrote a note",""
"573","%1 has visited the event","36:./templates2/ocstyle/res_logentry_logitem.tpl","%1 hat das Event besucht","%1 a visité l'événement","%1 heeft het evenement bezocht","%1 has visited the event","","%1 has visited the event",""
"574","%1 wants to visit the event","38:./templates2/ocstyle/res_logentry_logitem.tpl","%1 möchte das Event besuchen","%1 veut visiter l'événement","%1 wil het evenement bezoeken","%1 wants to visit the event","","%1 wants to visit the event",""
"575","%1","54:./templates2/ocstyle/res_logentry_logitem.tpl","%1","%1","%1","%1","","%1",""
"576","Edit","19:./lang/de/ocstyle/editcache.inc.php","Bearbeiten","Èditer","Bewerken","Editar","","Edit",""
"577","Delete","18:./lang/de/ocstyle/editcache.inc.php","Löschen","effacer","Verwijderen","Eliminar","","Delete",""
"578","Upload picture","73:./templates2/ocstyle/res_logentry_logitem.tpl","Bild hinzufügen","Ajouter une image","Afbeelding toevoegen","Upload picture","","Upload picture",""
"579","Pictures for this log entry: ","87:./templates2/ocstyle/res_logentry_logitem.tpl","Bilder für diesen Logeintrag: ","Photos pour ce log : ","Afbeeldingen voor deze log: ","Pictures for this log entry: ","","Pictures for this log entry: ",""
"580","Back to the geocache listing","36:./templates2/ocstyle/res_logentry.tpl","Zurück zum Geocache","Retour à la géocache","Terug naar de cachebeschrijving","Back to the geocache listing","","Back to the geocache listing",""
"581","E-mail address:","240:./templates2/ocstyle/myprofile.tpl","E-Mail-Adresse:","Adresse E-mail :","E-mailadres:","E-mail address:","","E-mail address:","Электронный адрес:"
"582","Log entries for %1","16:./templates2/ocstyle/res_logentry.tpl","Logeinträge für %1","Logs pour %1","Logs van %1","Log entries for %1","","Log entries for %1","Журнал"
"584","Picture selection for %1","31:./templates2/ocstyle/imagebrowser.tpl","Bilderauswahl für %1","Sélection de photos pour %1","Afbeeldingsselectie voor %1","Picture selection for %1","","Picture selection for %1",""
"585","There are no pictures for this geocache.","45:./templates2/ocstyle/imagebrowser.tpl","Für diesen Cache wurden noch keine Bilder hochgeladen.","Il n'y a pas d'images pour cette géocache.","Voor deze cache zijn nog geen afbeeldingen.","There are no pictures for this geocache.","","There are no pictures for this geocache.",""
"586","As preview picture","48:./templates2/ocstyle/imagebrowser.tpl","Vorschaubild einfügen","Comme l'image d'aperçu","Voorbeeld afbeelding toevoegen","As preview picture","","As preview picture",""
"587","My profile data","9:./templates2/ocstyle/myprofile.tpl","Profildaten","Mon profil de données","Mijn profiel","My profile data","","My profile data","Профиль"
"588","The following information is stored in your user profile:","19:./templates2/ocstyle/myprofile.tpl","Folgende Daten sind in deinem Benutzerprofil gespeichert:","Les informations suivantes sont stockées dans votre profil utilisateur :","De volgende informatie is opgeslagen in jouw gebruikersprofiel:","The following information is stored in your user profile:","","The following information is stored in your user profile:","Эта информация сохранена в вашем профиле:"
"590","Username:","37:./lang/de/ocstyle/login.tpl.php","Benutzername:","Nom d'utilisateur&nbsp;:","Gebruikersnaam:","Username:","","Username:","Пользователь:"
"591","The country is not valid.","84:./templates2/ocstyle/myprofile.tpl","Das Land ist nicht gültig.","Le pays n'est pas valide.","Het land is niet geldig.","The country is not valid.","","The country is not valid.",""
"592","The entered radius is not valid.","118:./templates2/ocstyle/myprofile.tpl","Der eingegebene Radius ist nicht gültig.","Le rayon n'est pas valide.","De opgegeven radius is niet geldig.","The entered radius is not valid.","","The entered radius is not valid.",""
"595","New password:","96:./templates2/ocstyle/newpw.tpl","Neues Passwort:","Nouveau mot de passe&nbsp;:","Nieuw wachtwoord:","New password:","","New password:","Новый пароль:"
"596","Request","40:./templates2/ocstyle/newemail.tpl","Anfordern","Demande","Verzoek","Request","","Request",""
"597","Change","93:./templates2/ocstyle/mydetails.tpl","Ändern","Changement","Veranderen","Change","","Change","Сохранить"
"598","Request code","39:./templates2/ocstyle/newpw.tpl","Anfordern","Code demandé","Code opvragen","Request code","","Request code","Получить код"
"599","New password code","622:./lib2/logic/user.class.php","Sicherheitscode für ein neues Passwort","Nouveau code de mot de passe","Nieuw wachtwoord code","New password code","","New password code",""
"600","on %1 you requested a security code to change your password.","6:./templates2/mail/newpw.tpl","Du hast am %1 einen Sicherheits-Code angefordert, um dein Passwort zu ändern.","le %1 vous avez demandé un code de sécurité afin de changer votre mot de passe.","je hebt op %1 een veiligheidscode opgevraagd om je wachtwoord te veranderen.","on %1 you requested a security code to change your password.","","on %1 you requested a security code to change your password.",""
"601","The following code has been generated: %1","8:./templates2/mail/newemail.tpl","Folgender Sicherheits-Code wurde generiert: %1","Le code suivant a été généré : %1","De volgende veiligheidscode werd gegenereerd: %1","The following code has been generated: %1","","The following code has been generated: %1",""
"602","This code is valid for 3 days.","9:./templates2/mail/newemail.tpl","Der Sicherheits-Code bleibt drei Tage gültig.","Ce code est valable pendant 3 jours.","Deze code blijft 3 dagen geldig.","This code is valid for 3 days.","","This code is valid for 3 days.",""
"603","You can enter your new password at %1newpw.php.","11:./templates2/mail/newpw.tpl","Dein neues Passwort kannst du unter %1newpw.php eingeben.","Vous pouvez entrer votre nouveau mot de passe à %1newpw.php.","Je nieuwe wachtwoord kun je op %1newpw.php invoeren.","You can enter your new password at %1newpw.php.","","You can enter your new password at %1newpw.php.",""
"605","This e-mail address is not registered with a valid username.","43:./templates2/ocstyle/newpw.tpl","Die E-Mail-Adresse gehört zu keinem gültigen Benutzer.","Cette adresse e-mail n’est pas associée avec un nom d’utilisateur valide.","Dit e-mailadres hoort niet bij een geregistreerde gebruiker.","This e-mail address is not registered with a valid username.","","This e-mail address is not registered with a valid username.",""
"606","An e-mail has been sent to you containing the security code.","48:./templates2/ocstyle/newemail.tpl","Dir wurde eine E-Mail mit dem Sicherheits-Code zugesandt.","Un e-mail a été vous envoyé avec le code de sécurité.","Er is een e-mail verzonden met je veiligheidscode.","An e-mail has been sent to you containing the security code.","","An e-mail has been sent to you containing the security code.",""
"607","An unknown error occurred. The security code could not be sent to you.","47:./templates2/ocstyle/newpw.tpl","Der Sicherheitscode konnte wegen eines Fehlers nicht gesendet werden.","Une erreur inconnue est survenue. Le code de sécurité n'a pas pu vous être envoyé.","Een onbekende fout is opgetreden. De veiligheidscode kon niet verzonden worden.","An unknown error occurred. The security code could not be sent to you.","","An unknown error occurred. The security code could not be sent to you.",""
"609","This user account has not been activated yet.","82:./templates2/ocstyle/newpw.tpl","Der angegebene Benutzer ist noch nicht aktiviert.","Ce compte utilisateur n’a pas encore été activé.","Dit gebruikersaccount is nog niet geactiveerd.","This user account has not been activated yet.","","This user account has not been activated yet.",""
"610","Security code:","87:./templates2/ocstyle/newemail.tpl","Sicherheitscode:","Code de sécurité&nbsp;:","Veiligheidscode:","Security code:","","Security code:","Защитный код:"
"611","The security code is expired. Please request a new one.","93:./templates2/ocstyle/newemail.tpl","Der Sicherheitscode ist abgelaufen. Fordere bitte einen neuen an.","Ce code de vérification est expiré, veuillez en demander un autre.","De veiligheidscode is verlopen. Vraag een nieuwe aan.","The security code is expired. Please request a new one.","","The security code is expired. Please request a new one.",""
"612","The security code does not match.","97:./templates2/ocstyle/newemail.tpl","Der Sicherheitscode stimmt nicht.","Le code de sécurité ne correspond pas.","De veiligheidscode komt niet overeen.","The security code does not match.","","The security code does not match.",""
"613","Please repeat:","105:./templates2/ocstyle/newpw.tpl","Passwort&nbsp;wiederholen:","S'il&nbsp;vous&nbsp;plaît&nbsp;répéter&nbsp;:","Wachtwoord herhalen:","Please repeat:","","Please repeat:","Повторите пароль:"
"614","The password has been changed.","13:./templates2/ocstyle/newpw.tpl","Das Passwort wurde geändert.","Le mot de passe a été changé.","Het wachtwoord is veranderd.","The password has been changed.","","The password has been changed.",""
"615","Security code for new e-mail address ","683:./lib2/logic/user.class.php","Sicherheitscode für eine neue E-Mail-Adresse ","Security code for new e-mail address ","Veiligheidscode voor een nieuw e-mail adres ","Security code for new e-mail address ","","Security code for new e-mail address ",""
"616","on %1 you requested a security code to change your e-mail address.","6:./templates2/mail/newemail.tpl","Du hast am %1 einen Sicherheits-Code angefordert, um dein Passwort zu ändern.","on %1 you requested a security code to change your e-mail address.","je hebt op %1 een veiligheidscode opgevraagd om je E-mail adres te veranderen.","on %1 you requested a security code to change your e-mail address.","","on %1 you requested a security code to change your e-mail address.",""
"617","You can verify your new e-mail address at %1newemail.php","11:./templates2/mail/newemail.tpl","Deine neue E-Mail-Adresse kannst du unter %1newemail.php aktivieren","You can verify your new e-mail address at %1newemail.php","Je nieuwe e-mailadres kun je op %1newemail.php bevestigen","You can verify your new e-mail address at %1newemail.php","","You can verify your new e-mail address at %1newemail.php",""
"618","Change e-mail address","9:./templates2/ocstyle/newemail.tpl","E-Mail-Adresse ändern","Change e-mail address","Verander E-mail adres","Change e-mail address","","Change e-mail address","Сменить адрес электронной почты"
"619","To change your e-mail address, you have to request a security code. It will be sent to your new e-mail address.","26:./templates2/ocstyle/newemail.tpl","Um die E-Mail-Adresse zu ändern, musst du zunächst einen Sicherheitscode anfordern, der an deine neue E-Mail-Adresse gesendet wird.","To change your e-mail address, you have to request a security code. It will be sent to your new e-mail address.","Om het e-mailadres te veranderen, moet je eerst een veiligheidscode opvragen die naar je nieuwe e-mailadres verstuurd wordt.","To change your e-mail address, you have to request a security code. It will be sent to your new e-mail address.","","To change your e-mail address, you have to request a security code. It will be sent to your new e-mail address.","Для смены пароля вы должны получить защитный код. Код высылается вам по электронной почте и действителен в течении трёх суток."
"620","New e-mail address:","32:./templates2/ocstyle/newemail.tpl","Neue E-Mail-Adresse:","New e-mail address:","Nieuwe e-mailadres:","New e-mail address:","","New e-mail address:","Новый электронный адрес:"
"621","This e-mail address is already assigned to your account.","44:./templates2/ocstyle/newemail.tpl","Dein Account ist bereits auf diese E-Mail-Adresse registriert.","This e-mail address is already assigned to your account.","Dit e-mailadres is al toegewezen aan jouw account.","This e-mail address is already assigned to your account.","","This e-mail address is already assigned to your account.",""
"622","Please enter the security code you received. The security code is valid for 3 days only. You have to request a new one if that period of time has elapsed.","69:./templates2/ocstyle/newemail.tpl","Gib bitte nun den Sicherheitscode hier ein, den du per E-Mail erhalten hast. Der Sicherheits-Code bleibt drei Tage gültig; danach musst du ihn ggf. erneut anfordern.","Please enter the security code you received. The security code is valid for 3 days only. You have to request a new one if that period of time has elapsed.","Vul de veiligheidscode in die je ontvangen hebt. De veiligheidscode is 3 dagen geldig. Na deze periode moet je een nieuwe aanvragen.","Please enter the security code you received. The security code is valid for 3 days only. You have to request a new one if that period of time has elapsed.","","Please enter the security code you received. The security code is valid for 3 days only. You have to request a new one if that period of time has elapsed.","Введите защитный код, который вы получили по почте."
"623","Please request a security code first.","78:./templates2/ocstyle/newemail.tpl","Zuerst Sicherheitscode anfordern.","Please request a security code first.","Eerst een veiligheidscode opvragen.","Please request a security code first.","","Please request a security code first.","Сначала получите защитный код."
"624","No new e-mail address has been stored. Please request a security code first.","95:./templates2/ocstyle/newemail.tpl","Es wurde noch keine neue E-Mail-Adresse hinterlegt. Fordere zuerst einen Sicherheitscode an.","No new e-mail address has been stored. Please request a security code first.","Er werd nog geen nieuw e-mail adres aangemaakt. Vraag eerst een veiligheidscode aan.","No new e-mail address has been stored. Please request a security code first.","","No new e-mail address has been stored. Please request a security code first.",""
"625","The e-mail address has been changed.","13:./templates2/ocstyle/newemail.tpl","Die E-Mail-Adresse wurde geändert.","The e-mail address has been changed.","Het e-mailadres is veranderd.","The e-mail address has been changed.","","The e-mail address has been changed.",""
"626","Download","19:./templates2/ocstyle/query.tpl","Herunterladen","Download","Download","Download","","Download",""
"627","No stored queries found","36:./templates2/ocstyle/query.tpl","Es sind keine gespeicherten Suchen vorhanden.","No stored queries found","Er zijn geen opgeslagen zoekopdrachten","No stored queries found","","No stored queries found",""
"628","By downloading you accept the Opencaching.de <a href=""articles.php?page=impressum#tos"">terms of use</a>.","41:./templates2/ocstyle/query.tpl","Mit dem Download werden die <a href=""articles.php?page=impressum#tos"">Nutzungsbedingungen</a> von Opencaching.de akzeptiert.","By downloading you accept the Opencaching.de <a href=""articles.php?page=impressum#tos"">terms of use</a>.","Met het downloaden worden de <a href=""articles.php?page=impressum#tos"">gebruikers voorwaarden</a> geaccepteerd.","By downloading you accept the Opencaching.de <a href=""articles.php?page=impressum#tos"">terms of use</a>.","","By downloading you accept the Opencaching.de <a href=""articles.php?page=impressum#tos"">terms of use</a>.",""
"629","Store query","61:./templates2/ocstyle/query.tpl","Suche speichern","Store query","Zoekopdracht opslaan","Store query","","Store query",""
"630","Store options as a new search","66:./templates2/ocstyle/query.tpl","Suchoptionen als neue Suche abspeichern","Store options as a new search","Bewaar zoekopties als nieuwe zoekopdracht","Store options as a new search","","Store options as a new search",""
"631","Name of the search:","69:./templates2/ocstyle/query.tpl","Name der Suche:","Name of the search:","Naam van zoekopdracht:","Name of the search:","","Name of the search:",""
"632","You have to enter a name for this search.","75:./templates2/ocstyle/query.tpl","Es muss ein Name der Suche angegeben werden.","You have to enter a name for this search.","Er moet een naam voor de zoekopdracht opgegeven worden.","You have to enter a name for this search.","","You have to enter a name for this search.",""
"633","A search with this name already exists.","77:./templates2/ocstyle/query.tpl","Es existiert bereits eine Suche unter diesem Namen.","A search with this name already exists.","Er bestaat al een zoekopdracht met deze naam.","A search with this name already exists.","","A search with this name already exists.",""
"634","Store","82:./templates2/ocstyle/query.tpl","Speichern","Store","Opslaan","Store","","Store",""
"635","Overwrite old search options","99:./templates2/ocstyle/query.tpl","Alte Suchoptionen überschreiben","Overwrite old search options","Oude zoekopties overschrijven","Overwrite old search options","","Overwrite old search options",""
"636","-- Select search to overwrite --","107:./templates2/ocstyle/query.tpl","-- Bitte zu überschreibende Suche auswählen --","-- Select search to overwrite --","Het over te schrijven zoekopdracht kiezen","-- Select search to overwrite --","","-- Select search to overwrite --",""
"637","-- no stored search found --","111:./templates2/ocstyle/query.tpl","-- noch keine Suchoptionen vorhanden --","-- no stored search found --","-- Nog geen zoekopties gevonden --","-- no stored search found --","","-- no stored search found --",""
"638","My recommendations","10:./templates2/ocstyle/mytop5.tpl","Meine Empfehlungen","My recommendations","Mijn aanbevelingen","My recommendations","","My recommendations","Золотые ярлыки"
"639","Your recommendation for ""<a href=""viewcache.php?wp=%1"">%2</a>"" has been removed!","15:./templates2/ocstyle/mytop5.tpl","Deine Empfehlung für ""<a href=""viewcache.php?wp=%1"">%2</a>"" wurde zurückgezogen.","Your recommendation for ""<a href=""viewcache.php?wp=%1"">%2</a>"" has been removed!","Jouw aanbeveling voor ""<a href=""viewcache.php?wp=%1"">%2</a>"" is teruggetrokken!","Your recommendation for ""<a href=""viewcache.php?wp=%1"">%2</a>"" has been removed!","","Your recommendation for ""<a href=""viewcache.php?wp=%1"">%2</a>"" has been removed!",""
"640","Remove recommendation","41:./templates2/ocstyle/mytop5.tpl","Empfehlung zurückziehen","Remove recommendation","Aanbeveling terugtrekken","Remove recommendation","","Remove recommendation",""
"641","You haven't recommended a geocache. ","44:./templates2/ocstyle/mytop5.tpl","Du hast noch keine Geocaches empfohlen. ","You haven't recommended a geocache. ","Je hebt nog geen caches aanbevolen. ","You haven't recommended a geocache. ","","You haven't recommended a geocache. ",""
"642","Ignored geocaches","10:./templates2/ocstyle/myignores.tpl","Ignorierte Geocaches","Ignored geocaches","Genegeerde caches","Ignored geocaches","","Ignored geocaches","Чёрные метки"
"643","remove","42:./templates2/ocstyle/res_cachelists.tpl","entfernen","remove","verwijderen","remove","","remove",""
"644","You do not ignore any geocaches now.","32:./templates2/ocstyle/myignores.tpl","Du ignorierst zurzeit keine Geocaches.","You do not ignore any geocaches now.","Geen genegeerde caches.","You do not ignore any geocaches now.","","You do not ignore any geocaches now.","Cписок пуст"
"645","Watched geocaches - settings","47:./templates2/ocstyle/mywatches.tpl","Beobachtete Caches - Einstellungen","Watched geocaches - settings","Gevolgde caches - Instellingen","Watched geocaches - settings","","Watched geocaches - settings",""
"646","Delivery:","53:./templates2/ocstyle/mywatches.tpl","Versandart:","Delivery:","Verzending:","Delivery:","","Delivery:",""
"647","Immediate","56:./templates2/ocstyle/mywatches.tpl","sofort","Immediate","Direct","Immediate","","Immediate",""
"648","Daily","57:./templates2/ocstyle/mywatches.tpl","täglich","Daily","Dagelijks","Daily","","Daily",""
"649","Weekly","58:./templates2/ocstyle/mywatches.tpl","wöchentlich","Weekly","Wekelijks","Weekly","","Weekly",""
"650","Send at:","65:./templates2/ocstyle/mywatches.tpl","Versenden um:","Send at:","Verzenden om:","Send at:","","Send at:",""
"651","&nbsp;","71:./templates2/ocstyle/mywatches.tpl","&nbsp;","&nbsp;","&nbsp;","&nbsp;","","&nbsp;",""
"652","Send on:","77:./templates2/ocstyle/mywatches.tpl","Versenden am:","Send on:","Verzenden op:","Send on:","","Send on:",""
"653","Sending time and day will only be used for daily or weekly delivery.","88:./templates2/ocstyle/mywatches.tpl","Versandstunde und -tag werden nur bei täglichem/wöchentlichem Versand berücksichtigt.","Sending time and day will only be used for daily or weekly delivery.","Verzendtijd en dag worden alleen bij dagelijks/wekelijks gebruikt.","Sending time and day will only be used for daily or weekly delivery.","","Sending time and day will only be used for daily or weekly delivery.",""
"654","Error while trying to save settings!","92:./templates2/ocstyle/mywatches.tpl","Fehler beim Speichern!","Error while trying to save settings!","Fout bij opslaan van gegevens!","Error while trying to save settings!","","Error while trying to save settings!",""
"655","Settings have been stored.","94:./templates2/ocstyle/mywatches.tpl","Die Einstellungen wurden gespeichert.","Settings have been stored.","De instellingen zijn opgeslagen.","Settings have been stored.","","Settings have been stored.",""
"656","Watched geocaches","119:./templates2/ocstyle/mywatches.tpl","Beobachtete Geocaches","Watched geocaches","Gevolgde caches","Watched geocaches","","Watched geocaches",""
"657","Last found","134:./templates2/ocstyle/mywatches.tpl","zuletzt gefunden","Last found","Laatst gevonden","Last found","","Last found",""
"658","No watched geocaches.","153:./templates2/ocstyle/mywatches.tpl","Keine beobachteten Geocaches gefunden.","No watched geocaches.","Geen gevolgde caches.","No watched geocaches.","","No watched geocaches.",""
"659","Remind e-mail address","0:table:sys_menu;field=menustring","E-Mail-Addresse erinnern","Remind e-mail address","E-mailadres herinnering","Remind e-mail address","","Remind e-mail address",""
"660","E-mail address reminder","10:./templates2/ocstyle/remindemail.tpl","E-Mail Erinnerung","E-mail address reminder","E-mailadres herinnering","E-mail address reminder","","E-mail address reminder",""
"661","Enter your username and we will send a reminder e-mail to your e-mail address.","17:./templates2/ocstyle/remindemail.tpl","Gibt hier deinen Benutzername ein; wir senden dir dann eine E-Mail an die E-Mail-Adresse, die du bei der Registrierung verwendet hast.","Enter your username and we will send a reminder e-mail to your e-mail address.","Vul je gebruikersnaam in en wij zenden een e-mail naar het e-mailadres dat bij de registratie opgegeven is.","Enter your username and we will send a reminder e-mail to your e-mail address.","","Enter your username and we will send a reminder e-mail to your e-mail address.",""
"662","Enter an username.","30:./templates2/ocstyle/remindemail.tpl","Gib deinen Benutzername ein.","Enter an username.","Vul je gebruikersnaam in.","Enter an username.","","Enter an username.",""
"663","Username does not exist.","32:./templates2/ocstyle/remindemail.tpl","Der Benutzername existiert nicht.","Username does not exist.","Gebruikersnaam bestaat niet.","Username does not exist.","","Username does not exist.",""
"664","The reminder e-mail has been sent.","36:./templates2/ocstyle/remindemail.tpl","Die Erinnerungsmail wurde gesendet.","The reminder e-mail has been sent.","De herinnering e-mail is verstuurd.","The reminder e-mail has been sent.","","The reminder e-mail has been sent.",""
"665","Reminder to your e-mail address","731:./lib2/logic/user.class.php","Erinnerung an deine E-Mail-Adresse","Rappel de votre adresse e-mail","Herinnering naar jouw e-mailadres","Reminder to your e-mail address","","Reminder to your e-mail address",""
"666","Your login e-mail address:","8:./templates2/mail/remindemail.tpl","Deine E-Mail-Adresse, mit der du dich einloggen kannst, ist:","Votre adresse e-mail de connection :","Jouw e-mailadres om in te loggen is:","Your login e-mail address:","","Your login e-mail address:",""
"667","you requested a reminder e-mail on %1 .","6:./templates2/mail/remindemail.tpl","du hast am %1 eine Erinnerung an deine E-Mail-Adresse angefordert.","vous avez demandé un e-mail de rappel le %1.","je had op %1 een herinnering van jouw e-mailadres opgevraagd.","you requested a reminder e-mail on %1 .","","you requested a reminder e-mail on %1 .",""
"668","Cache recommendations","9:./templates2/ocstyle/recommendations.tpl","Cache-Empfehlungen","Recommandations de cache","Cache aanbevelingen","Cache recommendations","","Cache recommendations",""
"669","Users that recommended %1 by %2 also recommended the following geocaches:","21:./templates2/ocstyle/recommendations.tpl","Benutzer, die %1 von %2 empfahlen, haben auch folgende Geocaches empfohlen:","Les utilisateurs qui ont recommandé %1 sur %2 ont également recommandé les géocaches suivantes :","Gebruikers die %1 van %2 aanbevelen hebben ook de volgende caches aanbevolen:","Users that recommended %1 by %2 also recommended the following geocaches:","","Users that recommended %1 by %2 also recommended the following geocaches:",""
"670","Quota","29:./templates2/ocstyle/recommendations.tpl","Trefferquote","Quota","Quota","Quota","","Quota",""
"671","No recommendations found.","44:./templates2/ocstyle/recommendations.tpl","Es können keine Empfehlungen gegeben werden, da keine weiteren Bewertungen vorliegen.","Pas de recommandations trouvées.","Geen aanbevelingen gevonden.","No recommendations found.","","No recommendations found.",""
"672","Database maintenance","9:./templates2/ocstyle/dbmaintain.tpl","Datenbankwartung","Maintenance de la base de données","Database onderhoud","Database maintenance","","Database maintenance",""
"673","DB maintenance","0:table:sys_menu;field=menustring","Datenbankwartung","Entretien de la DB","DB onderhoud","DB maintenance","","DB maintenance",""
"674","%1 corrected %2 entries ","27:./templates2/ocstyle/dbmaintain.tpl","%1 hat %2 Einträge korrigiert ","%1 à corrigé %2 entrées ","%1 heeft %2 logs bewerkt ","%1 corrected %2 entries ","","%1 corrected %2 entries ",""
"675","Execute","34:./templates2/ocstyle/dbmaintain.tpl","Ausführen","Exécuter","Uitvoeren","Execute","","Execute",""
"676","Send","100:./templates2/ocstyle/mailto.tpl","Senden","Envoyer","Verzenden","Send","","Send",""
"677","E-mail from","824:./lib2/logic/user.class.php","E-Mail von","E-Mail de","E-mail van","E-mail from","","E-mail from",""
"678","Sorry, the requested user account is deactivated.","38:./templates2/ocstyle/error.tpl","Entschuldigung, aber der Benutzer ist deaktiviert.","Désolé, le compte d'utilisateur demandé est désactivé.","Sorry, het opgevraagde gebruikersaccount is gedeactiveerd.","Sorry, the requested user account is deactivated.","","Sorry, the requested user account is deactivated.",""
"679","Sorry, there is no e-mail address for this user.","40:./templates2/ocstyle/error.tpl","Entschuldigung, für den angegebenen Benutzer ist keine E-Mail-Adresse hinterlegt.","Désolé, il n'y a pas d'adresse e-mail pour cet utilisateur.","Sorry, dat er is geen e-mail adres voor deze gebruiker.","Sorry, there is no e-mail address for this user.","","Sorry, there is no e-mail address for this user.",""
"680","An unknown error occurred and the e-mail was not sent.","94:./templates2/ocstyle/mailto.tpl","Die E-Mail konnte wegen eines unbekannten Fehlers nicht versendet werden.","Une erreur inconnue est survenue et l'e-mail n'a pas été envoyé.","Een onbekende fout opgetreden en het e-mailbericht is niet verzonden.","An unknown error occurred and the e-mail was not sent.","","An unknown error occurred and the e-mail was not sent.",""
"682","Subject:","19:./templates2/mail/usercontactmail.tpl","Betreff:","Objet&nbsp;:","Onderwerp:","Subject:","","Subject:",""
"683","All information will be handled confidential and will not be disclosed to third parties!","86:./templates2/ocstyle/mailto.tpl","Alle Daten werden selbstverständlich vertraulich behandelt und keinen Dritten zugänglich gemacht!","Toutes les informations seront traitées de façon confidentielle et se seront pas divulgués à des tiers !","Alle informatie zal vertrouwelijk behandeld worden en zal niet voor derden toegankelijk zijn!","All information will be handled confidential and will not be disclosed to third parties!","","All information will be handled confidential and will not be disclosed to third parties!",""
"685","E-mail to %1 has been sent.","13:./templates2/ocstyle/mailto.tpl","E-Mail an %1 versendet.","L'e-mail pour %1 a été envoyé.","E-mail aan %1 is verzonden.","E-mail to %1 has been sent.","","E-mail to %1 has been sent.",""
"686","Content:","24:./templates2/ocstyle/mailto.tpl","Inhalt:","Contenu:","Inhoud:","Content:","","Content:",""
"687","Send E-Mail to %1","36:./templates2/ocstyle/mailto.tpl","E-Mail an %1 schicken","Envoyer un e-mail à %1","E-mail aan %1 sturen","Send E-Mail to %1","","Send E-Mail to %1",""
"688","You have to enter a subject!","54:./templates2/ocstyle/mailto.tpl","Du musst einen Betreff angeben!","Vous devez entrer un sujet&nbsp;!","Je moet een onderwerp opgeven:","You have to enter a subject!","","You have to enter a subject!",""
"689","You have to enter a content!","67:./templates2/ocstyle/mailto.tpl","Du musst einen Inhalt eingeben!","Vous devez entrer un contenu&nbsp;!","Je moet een inhoud ingeven:","You have to enter a content!","","You have to enter a content!",""
"690","Send my e-mail address with this message","73:./templates2/ocstyle/mailto.tpl","Meine E-Mail-Adresse soll mit dieser E-Mail mitgesendet werden","Envoyer mon adresse e-mail avec ce message","Mijn e-mailadres met dit bericht meezenden","Send my e-mail address with this message","","Send my e-mail address with this message",""
"691","This enables the receiver to answer your e-mail directly using his e-mail client. You may enable this option by default in your <a href=""myprofile.php"">user profile</a>.","79:./templates2/ocstyle/mailto.tpl","Damit kennt der Empfänger deine E-Mail-Adresse und hat die Möglichkeit, direkt auf die E-Mail zu antworten. Diese Option kannst du in deinem <a href=""myprofile.php"">Benutzerprofil</a> standardmäßig einschalten.","Cela permet au destinataire de répondre à votre e-mail directement avec son client mail. Vous pouvez activer cette option par défaut dans votre <a href=""myprofile.php"">profil utilisateur</a>.","Hiermee weet de ontvanger jouw e-mailadres. Deze optie kan ingesteld worden in jouw <a href=""myprofile.php"">gebruikersprofiel</a>.","This enables the receiver to answer your e-mail directly using his e-mail client. You may enable this option by default in your <a href=""myprofile.php"">user profile</a>.","","This enables the receiver to answer your e-mail directly using his e-mail client. You may enable this option by default in your <a href=""myprofile.php"">user profile</a>.",""
"692","To protect you and us from abuse:","82:./templates2/ocstyle/mailto.tpl","Um Missbrauch zu verhindern, müssen wir zu eurem und auch unserem Schutz folgende Maßnahmen treffen:","Pour vous et nous protéger contre les abus&nbsp;:","Om misbruik te voorkomen moeten we voor jullie en onze veiligheid de volgende regels naleven:","To protect you and us from abuse:","","To protect you and us from abuse:",""
"693","Only e-mails concerning geocaching are allowed. Spamming is prohibited!","84:./templates2/ocstyle/mailto.tpl","Es dürfen nur Emails zum Thema versendet werden; jede Form nicht notwendiger Belästigung &ndash; z.B. Spam &ndash; ist nicht erlaubt!","Seulement les e-mails qui concernent géocaching sont autorisés. Le spam n'est pas autorisé !","Alleen e-mails betreffende geocaching zijn toegestaan. Spam is verboden!","Only e-mails concerning geocaching are allowed. Spamming is prohibited!","","Only e-mails concerning geocaching are allowed. Spamming is prohibited!",""
"694","All relevant information will be logged (date/time, sender/receiver and IP address).","85:./templates2/ocstyle/mailto.tpl","Es werden alle relevanten Informationen protokolliert (Datum/Uhrzeit, Absender/Empfänger und IP-Adresse).","Toutes les informations pertinentes seront enregistrées (date/heure, émetteur/récepteur et votre adresse IP).","Alle relevante informatie wordt geregistreerd (datum/tijd, zender/ontvanger en IP adressen).","All relevant information will be logged (date/time, sender/receiver and IP address).","","All relevant information will be logged (date/time, sender/receiver and IP address).",""
"696","Sorry, this geocache is not published.","42:./templates2/ocstyle/error.tpl","Entschuldigung, der Geocache ist noch nicht veröffentlicht.","Désolé, cette géocache n'est pas publiée.","Sorry, deze cache is niet gepubliceerd.","Sorry, this geocache is not published.","","Sorry, this geocache is not published.",""
"697","Show all log entries","580:./templates2/ocstyle/viewcache.tpl","Alle Logeinträge anzeigen","Afficher tous les logs","Toon alle logs","Show all log entries","","Show all log entries","Показать все отчёты"
"698","Show geocache","72:./lang/de/ocstyle/lib/menu.php","Geocache anzeigen","Afficher cette géocache","Toon cache","Show geocache","","Show geocache",""
"701","Difficulty:&nbsp;%1&nbsp;of&nbsp;5","40:./templates2/ocstyle/garmin.tpl","Schwierigkeit:&nbsp;%1&nbsp;von&nbsp;5","Difficulté&nbsp;:&nbsp;%1&nbsp;des&nbsp;5","Moeilijkheid:&nbsp;%1&nbsp;van&nbsp;5","Difficulty:&nbsp;%1&nbsp;of&nbsp;5","","Difficulty:&nbsp;%1&nbsp;of&nbsp;5",""
"702","Terrain:&nbsp;%1&nbsp;of&nbsp;5","42:./templates2/ocstyle/garmin.tpl","Gelände:&nbsp;%1&nbsp;von&nbsp;5","Terrain&nbsp;:&nbsp;%1&nbsp;des&nbsp;5","Terrein: %1&nbsp;van&nbsp;5","Terrain:&nbsp;%1&nbsp;of&nbsp;5","","Terrain:&nbsp;%1&nbsp;of&nbsp;5",""
"703","List of attendees","182:./templates2/ocstyle/viewcache.tpl","Teilnehmerliste","Liste des participants","Deelnemerslijst","List of attendees","","List of attendees",""
"704","Log this cache","349:./templates2/ocstyle/log_cache.tpl","Log eintragen","Enregistrer un log","Log deze cache","Log this cache","","Log this cache","Отчитаться"
"705","Don't watch","30:./templates2/ocstyle/search.result.caches.tpl","Nicht beobachten","Ne regardez pas","Niet volgen","Don't watch","","Don't watch",""
"706","Watch","29:./templates2/ocstyle/addtolist.tpl","Beobachten","Regardez","Volgen","Watch","","Watch","Наблюдать"
"707","Don't ignore","131:./templates2/ocstyle/viewcache.tpl","Nicht ignorieren","N'ignorez pas","Niet negeren","Don't ignore","","Don't ignore",""
"708","Ignore","133:./templates2/ocstyle/viewcache.tpl","Ignorieren","Ignorer","Negeren","Ignore","","Ignore","Чёрная метка"
"709","Print","288:./templates2/ocstyle/viewcache.tpl","Druckansicht","Vue d'impression","Afdruk voorbeeld","Print","","Print","Печать"
"710","Convert coordinates","220:./templates2/ocstyle/viewcache.tpl","andere Koordinatensysteme","Autres systèmes de coordonnées","Andere coördinaatstelsels","Convert coordinates","","Convert coordinates",""
"711","Size","","Größe","Taille","Grootte","Tamaño","","Size","Размер"
"712","Time required:","230:./templates2/ocstyle/viewcache.tpl","Zeitaufwand:","Temps nécessaire&nbsp;:","Benodigde tijd:","Time required:","","Time required:","Время на поиск:"
"713","Distance","485:./templates2/ocstyle/search.tpl","Entfernung","Distance","Afstand","Distance","","Distance",""
"715","Hidden on:","236:./templates2/ocstyle/viewcache.tpl","Versteckt am:","Caché en&nbsp;:","Verborgen op:","Hidden on:","","Hidden on:","Спрятан:"
"716","Listed since","145:./templates2/ocstyle/search.result.caches.tpl","Gelistet seit","Listé depuis","Gepubliceerd sinds","Listed since","","Listed since","Опубликован"
"717","Last update:","238:./templates2/ocstyle/viewcache.tpl","Letzte Änderung:","Dernière mise à jour&nbsp;:","Laatste verandering:","Last update:","","Last update:","Обновлён:"
"718","Waypoint","10:./templates2/ocstyle/coordinates.tpl","Wegpunkt","Waypoint","Waypoint","Waypoint","","Waypoint",""
"719","Also listed at:","242:./templates2/ocstyle/viewcache.tpl","Auch gelistet auf:","Aussi listé au&nbsp;:","Ook gepubliceerd op:","Also listed at:","","Also listed at:","Также опубликован:"
"720","Notes","90:./templates2/ocstyle/res_userstats.tpl","Bemerkungen","Remarques","Opmerkingen","Notes","","Notes","Заметок"
"721","Watchers","19:./templates2/ocstyle/res_cachelists.tpl","Beobachter","Watchers","Volgers","Watchers","","Watchers","Наблюдают"
"722","Ignorers","256:./templates2/ocstyle/viewcache.tpl","Ignorierer","Ignorers","Negeerders","Ignorers","","Ignorers","Чёрных меток"
"723","Page visits","257:./templates2/ocstyle/viewcache.tpl","Aufrufe","Page visits","Bekeken","Page visits","","Page visits","Просмотров"
"724","Cache attributes","245:./lang/de/ocstyle/editcache.tpl.php","Cacheattribute","Cache attributes","Cache attributen","Cache attributes","","Cache attributes","Атрибуты"
"725","Additional hint","434:./templates2/ocstyle/viewcache.tpl","Verschlüsselter Hinweis","Additional hint","Gecodeerde hint","Additional hint","","Additional hint","Подсказка"
"726","Decrypt","437:./templates2/ocstyle/viewcache.tpl","Entschlüsseln","Decrypt","Decoderen","Decrypt","","Decrypt","Показать"
"727","Pictures","282:./lang/de/ocstyle/editcache.tpl.php","Bilder","Pictures","Afbeeldingen","Pictures","","Pictures","Фотографии"
"728","Utilities","487:./templates2/ocstyle/viewcache.tpl","Hilfreiches","Utilities","Hulpmiddelen","Utilities","","Utilities","Полезности"
"729","Show cache recommendations from users that recommended this geocache: <a href=""recommendations.php?cacheid=%1"">all</a>","519:./templates2/ocstyle/viewcache.tpl","Cache-Empfehlungen von Benutzern, die diesen Geocache empfohlen haben: <a href=""recommendations.php?cacheid=%1"">alle</a>","Show cache recommendations from users that recommended this geocache: <a href=""recommendations.php?cacheid=%1"">all</a>","Toon cache aanbevelingen van gebruikers die deze cache aanbevolen hebben: <a href=""recommendations.php?cacheid=%1"">alle</a>","Show cache recommendations from users that recommended this geocache: <a href=""recommendations.php?cacheid=%1"">all</a>","","Show cache recommendations from users that recommended this geocache: <a href=""recommendations.php?cacheid=%1"">all</a>",""
"730","Search geocaches nearby:","524:./templates2/ocstyle/viewcache.tpl","Suche Caches im Umkreis:","Search geocaches nearby:","Zoek caches in de omgeving:","Search geocaches nearby:","","Search geocaches nearby:",""
"731","all","386:./templates2/ocstyle/search.tpl","alle","all","alle","all","","all","все"
"732","searchable","526:./templates2/ocstyle/viewcache.tpl","suchbare","searchable","beschikbaar","searchable","","searchable",""
"733","Download as file:","531:./templates2/ocstyle/viewcache.tpl","Download als Datei:","Download as file:","Download als bestand:","Download as file:","","Download as file:","Загрузить как:"
"734","GPS Exchange Format .gpx","201:./templates2/ocstyle/search.result.caches.tpl","GPS Exchange Format .gpx","GPS Exchange Format .gpx","GPS Exchange Format .gpx","GPS Exchange Format .gpx","","GPS Exchange Format .gpx",""
"735","Waypoint file .loc","202:./templates2/ocstyle/search.result.caches.tpl","Wegpunktdatei .loc","Waypoint file .loc","Waypoint bestand .loc","Waypoint file .loc","","Waypoint file .loc",""
"736","Google Earth .kml","203:./templates2/ocstyle/search.result.caches.tpl","Google Earth .kml","Google Earth .kml","Google Earth .kml","Google Earth .kml","","Google Earth .kml",""
"737","TomTom POI .ov2","204:./templates2/ocstyle/search.result.caches.tpl","TomTom POI .ov2","TomTom POI .ov2","TomTom POI .ov2","TomTom POI .ov2","","TomTom POI .ov2",""
"738","TOP50 Overlay .ovl","205:./templates2/ocstyle/search.result.caches.tpl","TOP50-Overlay .ovl","TOP50 Overlay .ovl","TOP50-Overlay .ovl","TOP50 Overlay .ovl","","TOP50 Overlay .ovl",""
"739","Text file .txt","206:./templates2/ocstyle/search.result.caches.tpl","Textdatei .txt","Text file .txt","Tekstbestand .txt","Text file .txt","","Text file .txt","Текстовый файл (.txt)"
"740","C O P Y","6:./templates2/mail/usercontactmail.tpl","K O P I E","C O P Y","K O P I E","C O P Y","","C O P Y",""
"741","Edit picture","234:./lang/de/ocstyle/lib/menu.php","Bild bearbeiten","Edit picture","Afbeelding bewerken","Edit picture","","Edit picture",""
"742","Sorry, the requested picture does not exist.","64:./templates2/ocstyle/error.tpl","Das angegebene Bild existiert nicht.","Sorry, the requested picture does not exist.","De opgevraagde afbeelding bestaat niet.","Sorry, the requested picture does not exist.","","Sorry, the requested picture does not exist.",""
"743","Sorry, the requested cachelog does not exist.","30:./templates2/ocstyle/error.tpl","Der angegebene Logeintrag existiert nicht.","Sorry, the requested cachelog does not exist.","De opgevraagde log bestaat niet.","Sorry, the requested cachelog does not exist.","","Sorry, the requested cachelog does not exist.",""
"744","Show statistics","0:table:profile_options;field=name","Statistikdetails anzeigen","Show statistics","Toon statistieken","Show statistics","","Show statistics",""
"745","Age","0:table:profile_options;field=name","Alter","Age","Leeftijd","Age","","Age",""
"747","Location","0:table:profile_options;field=name","Wohnort","Location","Locatie","Location","","Location",""
"748","MiniMap-Zoom","0:table:profile_options;field=name","MiniMap-Zoom","MiniMap-Zoom","MiniMap-Zoom","MiniMap-Zoom","","MiniMap-Zoom",""
"749","Report this cache","143:./templates2/ocstyle/viewcache.tpl","Cache melden","Report this cache","Cache melden","Report this cache","","Report this cache",""
"750","Reported caches","59:./templates2/ocstyle/adminreports.tpl","Gemeldete Geocaches","Reported caches","Gemelde caches","Reported caches","","Reported caches",""
"751","File:","78:./templates2/ocstyle/picture.tpl","Dateiname:","File:","Bestand:","File:","","File:",""
"752","Please name the picture!","14:./templates2/ocstyle/picture.tpl","Kein Titel angegeben!","Please name the picture!","Geef afbeelding een naam!","Please name the picture!","","Please name the picture!",""
"753","Add picture for geocache %1","52:./templates2/ocstyle/picture.tpl","Bild für Geocache %1 hinzufügen","Add picture for geocache %1","Afbeelding voor cache %1 toevoegen","Add picture for geocache %1","","Add picture for geocache %1",""
"754","Add picture for log entry %1","54:./templates2/ocstyle/picture.tpl","Bild für Logeintrag %1 hinzufügen","Add picture for log entry %1","Afbeelding voor log %1 toevoegen","Add picture for log entry %1","","Add picture for log entry %1",""
"755","Edit picture for geocache %1","58:./templates2/ocstyle/picture.tpl","Bild für Geocache %1 bearbeiten","Edit picture for geocache %1","Afbeelding voor cache %1 bewerken","Edit picture for geocache %1","","Edit picture for geocache %1",""
"756","Edit picture for log entry %1","60:./templates2/ocstyle/picture.tpl","Bild für Logeintrag %1 bearbeiten","Edit picture for log entry %1","Afbeelding voor log %1 bewerken","Edit picture for log entry %1","","Edit picture for log entry %1",""
"757","Name:","120:./lang/de/ocstyle/editcache.tpl.php","Name:","Name:","Naam:","Name:","","Name:","Название:"
"758","Name the picture!","72:./templates2/ocstyle/picture.tpl","Kein Titel angegeben!","Name the picture!","Geen titel opgegeven!","Name the picture!","","Name the picture!",""
"759","After clicking <i>upload</i>, it may take a while until the next page appears.","132:./templates2/ocstyle/picture.tpl","Nach dem <i>Bestätigen</i> kann der nächste Seitenaufbau je nach Bildgröße eine Weile dauern.","After clicking <i>upload</i>, it may take a while until the next page appears.","Na het klikken op <i>upload</i>, kan het even duren voordat de volgende pagina wordt weergegeven.","After clicking <i>upload</i>, it may take a while until the next page appears.","","After clicking <i>upload</i>, it may take a while until the next page appears.",""
"760","This picture is a spoiler - don't show a thumbnail.","100:./templates2/ocstyle/picture.tpl","Dieses Bild ist ein Spoiler - keine Vorschau anzeigen.","This picture is a spoiler - don't show a thumbnail.","Deze afbeelding is een spoiler - de miniatuur niet weergeven.","This picture is a spoiler - don't show a thumbnail.","","This picture is a spoiler - don't show a thumbnail.",""
"761","Upload","150:./templates2/ocstyle/picture.tpl","Hinzufügen","Upload","Uploaden","Upload","","Upload",""
"762","Only the following picture formats are allowed: %1. We recommend JPEG for photos.","130:./templates2/ocstyle/picture.tpl","Es sind nur die Bildformate %1 erlaubt; für Fotos wird JPEG empfohlen.","Only the following picture formats are allowed: %1. We recommend JPEG for photos.","Alleen de volgende beeldformaten zijn toegestaan: %1. Wij bevelen JPEG aan voor afbeeldingen.","Only the following picture formats are allowed: %1. We recommend JPEG for photos.","","Only the following picture formats are allowed: %1. We recommend JPEG for photos.",""
"763","The file size of the picture must not exeed %1 KB. We recommend 640x480 pixels picture size.","131:./templates2/ocstyle/picture.tpl","Außerdem ist eine maximale Dateigröße von %1 KB zu beachten. Als Bildgröße sind 640 Pixel Breite und 480 Pixel Höhe empfohlen.","The file size of the picture must not exeed %1 KB. We recommend 640x480 pixels picture size.","De bestandsgrootte van de afbeelding mag niet groter zijn dan %1 KB. Wij bevelen formaat 640 x 480 pixels aan.","The file size of the picture must not exeed %1 KB. We recommend 640x480 pixels picture size.","","The file size of the picture must not exeed %1 KB. We recommend 640x480 pixels picture size.",""
"764","Report for %1 has been submitted.","14:./templates2/ocstyle/reportcache.tpl","Meldebericht für %1 wurde eingetragen.","Report for %1 has been submitted.","Report for %1 has been submitted.","Report for %1 has been submitted.","","Report for %1 has been submitted.",""
"765","Reason:","127:./templates2/ocstyle/adminreports.tpl","Grund:","Reason:","Reden:","Reason:","","Reason:",""
"766","Comment:","134:./templates2/ocstyle/adminreports.tpl","Kommentar:","Comment:","Commentaar:","Comment:","","Comment:",""
"767","Report %1","38:./templates2/ocstyle/reportcache.tpl","%1 melden","Report %1","%1 melden","Report %1","","Report %1",""
"768","You have to select a reason for your report!","83:./templates2/ocstyle/reportcache.tpl","Es muss ein Grund angegeben werden!","You have to select a reason for your report!","Er moet een reden opgegeven worden!","You have to select a reason for your report!","","You have to select a reason for your report!",""
"769","Comment: (required)","87:./templates2/ocstyle/reportcache.tpl","Kommentar: (muss eingetragen werden)","Comment: (required)","Commentaar: (verplicht)","Comment: (required)","","Comment: (required)",""
"770","It is required to enter a comment for reporting a cache!","96:./templates2/ocstyle/reportcache.tpl","Es muss ein Kommentar eingetragen werden, um einen Geocache zu melden.","It is required to enter a comment for reporting a cache!","It is required to enter a comment for reporting a cache!","It is required to enter a comment for reporting a cache!","","It is required to enter a comment for reporting a cache!",""
"771","An unknown error occurred. Reporting failed.","102:./templates2/ocstyle/reportcache.tpl","Ein Fehler ist aufgetreten und der Meldebericht konnte nicht erstellt werden.","An unknown error occurred. Reporting failed.","An unknown error occurred. Reporting failed.","An unknown error occurred. Reporting failed.","","An unknown error occurred. Reporting failed.",""
"772","Report cache","0:table:sys_menu;field=menustring","Cache melden","Rapport caché","Cache melden","Report cache","","Report cache",""
"773","New","16:./templates2/ocstyle/search.result.caches.row.tpl","Neu","NOUVEAU","Nieuw","New","","New",""
"774","In progress","0:table:cache_report_status;field=name","In Arbeit","En cours","In behandeling","In progress","","In progress",""
"775","Done","0:table:cache_report_status;field=name","Erledigt","Terminé","Klaar","Done","","Done",""
"776","Cache on private property","0:table:cache_report_reasons;field=name","Cache auf Privatgrund","Cache sur une propriété privée","Cache op privégrond","Cache on private property","","Cache on private property",""
"777","Copyright violation","0:table:cache_report_reasons;field=name","Urheberrechtsverletzung","Une violation de copyright","Schending auteursrecht","Copyright violation","","Copyright violation",""
"778","Cache is gone","0:table:cache_report_reasons;field=name","Cache ist weg","Cache est parti","Cache is weg","Cache is gone","","Cache is gone",""
"779","Other reason","0:table:cache_report_reasons;field=name","Sonstiges","Autre raison","Andere reden","Other reason","","Other reason",""
"780","This report is already assigned to another admin! It must be at least two weeks old before you can assume it.","64:./templates2/ocstyle/adminreports.tpl","Der Bericht ist bereits einem anderen Admin zugeordnet! Du kannst ihn erst übernehmen, wenn er mindestens zwei Wochen alt ist.","Le rapport est déjà affecté à un autre administrateur ! Il doit être âgé d'au moins deux semaines avant de pouvoir l'assumer.","This report is already assigned to another admin! It must be at least two weeks old before you can assume it.","This report is already assigned to another admin! It must be at least two weeks old before you can assume it.","","This report is already assigned to another admin! It must be at least two weeks old before you can assume it.",""
"781","This report is already assigned to you! ","66:./templates2/ocstyle/adminreports.tpl","Der Bericht wurde dir bereits zugeordnet!","Ce rapport vous est déjà affecté !","This report is already assigned to you! ","This report is already assigned to you! ","","This report is already assigned to you! ",""
"782","You cannot work on this report, it is already assigned to another admin!","68:./templates2/ocstyle/adminreports.tpl","Du kannst diesen Bericht nicht bearbeiten, weil er bereits von einem anderen Admin bearbeitet wird!","Vous ne pouvez pas travailler sur ce rapport ! Il est déjà assigné à un autre administrateur.","You cannot work on this report, it is already assigned to another admin!","You cannot work on this report, it is already assigned to another admin!","","You cannot work on this report, it is already assigned to another admin!",""
"783","To work on a report you have to assign it to you!","70:./templates2/ocstyle/adminreports.tpl","Um einen Bericht zu bearbeiten, musst du ihn dir zuordnen!","Pour travailler sur un rapport vous devez l'attribuer à vous&nbsp;!","To work on a report you have to assign it to you!","To work on a report you have to assign it to you!","","To work on a report you have to assign it to you!",""
"784","No reported caches","94:./templates2/ocstyle/adminreports.tpl","Keine Meldeberichte vorhanden","Aucuns caches signalés","Geen gemelde caches","No reported caches","","No reported caches",""
"785","Details for report of ","104:./templates2/ocstyle/adminreports.tpl","Meldung von ","Détails pour rapport","Details for report of ","Details for report of ","","Details for report of ",""
"786"," by ","104:./templates2/ocstyle/adminreports.tpl","von"," par ","van"," by ",""," by ",""
"787","not assigned","","nicht zugeordnet","pas attribué","niet toegewezen","no asignado","","not assigned",""
"788","Assign to me","163:./templates2/ocstyle/adminreports.tpl","Mir zuordnen","Attribuer à moi","Aan mij toewijzen","Assign to me","","Assign to me",""
"789","Contact owner","165:./templates2/ocstyle/adminreports.tpl","E-Mail an Besitzer","Contacter le propriétaire","Contacteer eigenaar","Contact owner","","Contact owner",""
"792","Mark as done","165:./templates2/ocstyle/adminreports.tpl","Als erledigt markieren","Marquer comme terminé","Markeer als klaar","Mark as done","","Mark as done",""
"793","Action","157:./templates2/ocstyle/adminreports.tpl","Aktion","Action","Actie","Action","","Action",""
"794","Prior to reporting a cache to the Opencaching team, you should try to contact the owner and try to solve the presumed problems yourself. This does not apply for caches violating the Opencaching terms of use in a way that requires immediate action of an Opencaching administrator.","44:./templates2/ocstyle/reportcache.tpl","Bevor du einen Cache an das Opencaching-Team meldest, solltest du versuchen, Kontakt mit dem Owner aufzunehmen, um mögliche Probleme direkt untereinander zu klären. Davon ausgenommen sind Caches, die durch ihre Beschreibung oder das Versteck eine sofortige Archivierung notwendig machen.","Avant de signaler une géocache à l'équipe d'Opencaching vous devriez essayer de contacter le propriétaire pour résoudre les problèmes présumés directement d'utilisateur à utilisateur. Cela ne vaut pas pour les caches violant les termes d'utilisation d'Opencaching d'une manière qui exige une action immédiate d'un administrateur d'Opencaching.","Prior to reporting a cache to the Opencaching team, you should try to contact the owner and try to solve the presumed problems yourself. This does not apply for caches violating the Opencaching terms of use in a way that requires immediate action of an Opencaching administrator.","Prior to reporting a cache to the Opencaching team, you should try to contact the owner and try to solve the presumed problems yourself. This does not apply for caches violating the Opencaching terms of use in a way that requires immediate action of an Opencaching administrator.","","Prior to reporting a cache to the Opencaching team, you should try to contact the owner and try to solve the presumed problems yourself. This does not apply for caches violating the Opencaching terms of use in a way that requires immediate action of an Opencaching administrator.",""
"795","Do not separately display this picture (which is only used in HTML description etc.)","117:./templates2/ocstyle/picture.tpl","Dieses Bild nicht separat anzeigen (Hintergrundbild in HTML-Beschreibung o.ä.)","Ne pas afficher cette image séparément (utilisée uniaquement dans la description HTML, etc.)","Do not separately display this picture (which is only used in HTML description etc.)","Do not separately display this picture (which is only used in HTML description etc.)","","Do not separately display this picture (which is only used in HTML description etc.)",""
"796","No information on user details found.","81:./templates2/ocstyle/mydetails.tpl","Es wurden keine Benutzerdetails eingegeben.","Aucune information sur les détails de l'utilisateur trouvé.","Geen informatie over gebruiker gevonden.","No information on user details found.","","No information on user details found.",""
"797","Coordinates","124:./templates2/ocstyle/adminhistory.tpl","Koordinaten","Coordonnées","Coördinaten","Coordinates","","Coordinates","Координаты"
"798","Geokrets","554:./templates2/ocstyle/viewcache.tpl","GeoKrets","GeoKrety","Geokrets","Geokrets","","Geokrets",""
"799","Details","0:table:sys_menu;field=menustring","Details","Détails","Gegevens","Details","","Details",""
"801","User details","0:table:sys_menu;field=menustring","Benutzerdetails","Détails de l'utilisateur","Gebruikersgegevens","User details","","User details",""
"802","My profile details","10:./templates2/ocstyle/mydescription.tpl","Meine Details","Mes détails de profile","Mijn profiel","My profile details","","My profile details",""
"803","The following additional information is stored in your user profile:","18:./templates2/ocstyle/mydetails.tpl","Folgende weitere Informationen sind in deinem Benutzerprofil gespeichert:","Les informations supplémentaires suivantes sont stockées dans votre profil utilisateur :","De volgende informatie is opgeslagen in jouw gebruikersprofiel:","The following additional information is stored in your user profile:","","The following additional information is stored in your user profile:",""
"805","Error while saving.","25:./templates2/ocstyle/mydetails.tpl","Fehler beim Speichern.","Erreur lors de l'enregistrement.","Fout bij opslaan","Error while saving.","","Error while saving.",""
"806","Illegal characters found in","26:./templates2/ocstyle/mydetails.tpl","Ungültige Zeichen gefunden","Caractères illégaux trouvés dans","Ongeldige tekens gevonden","Illegal characters found in","","Illegal characters found in",""
"807","Field values too long in","27:./templates2/ocstyle/mydetails.tpl","Feldinhalt zu lang.","Les valeurs de champs trop longtemps dans","Veldinhoud te lang.","Field values too long in","","Field values too long in",""
"808","Original values have been restored.","28:./templates2/ocstyle/mydetails.tpl","Ursprüngliche Daten wurden wiederhergestellt.","Les valeurs d'origine ont été restaurés.","Oorspronkelijke waarden hersteld.","Original values have been restored.","","Original values have been restored.",""
"809","visible","69:./templates2/ocstyle/mydetails.tpl","Angezeigt","visible","zichtbaar","visible","","visible",""
"810","invisible","71:./templates2/ocstyle/mydetails.tpl","Nicht angezeigt","invisible","niet zichtbaar","invisible","","invisible",""
"811","internal","74:./templates2/ocstyle/mydetails.tpl","Intern","interne","Intern","internal","","internal",""
"812","(*) New reports","80:./templates2/ocstyle/adminreports.tpl","(*) Neue Meldungen","(*) Nouveaux rapports","(*) Nieuwe meldingen","(*) New reports","","(*) New reports",""
"814","User statistics","106:./templates2/ocstyle/viewprofile.tpl","Benutzerstatistik","Statistiques de l'utilisateur","Gebruikersstatistieken","User statistics","","User statistics",""
"815","show","17:./templates2/ocstyle/adminhistory.tpl","Anzeigen","Afficher","toon","show","","show",""
"817","This geocache has been locked by an administrator because it did not comply with the Opencaching terms of use. If you wish to unlock it, contact us using the ""report cache"" link. Please choose ""other"" as reason and explain briefly what you have changed to make the listing compliant with our terms of use. Thank you!","84:./templates2/ocstyle/viewcache.tpl","Der Geocache wurde durch einen Administrator gesperrt, weil er nicht den Nutzungsbedingungen von Opencaching.de entspricht. Wenn du die Sperrung aufheben möchtest, kontaktiere uns mit der 'Cache-melden'-Funktion. Bitte wähle Sonstiges als Ursache und beschreibe uns, was du geändert hast, um die Nutzungsbedingungen einzuhalten. Danke!","La géocache a été verrouillé par un administrateur parce qu'ille n'a pas respecté les termes d'utilisation d'Opencaching. Si vous souhaitez la déverrouiller, contacter nous en utilisant le lien « rapporter cette cache ». Veuillez choisissir « autre » comme raison et expliquer brièvement ce que vous avez changé pour rendre la liste conforme à nos conditions d'utilisation. Merci !","This geocache has been locked by an administrator because it did not comply with the Opencaching terms of use. If you wish to unlock it, contact us using the ""report cache"" link. Please choose ""other"" as reason and explain briefly what you have changed to make the listing compliant with our terms of use. Thank you!","This geocache has been locked by an administrator because it did not comply with the Opencaching terms of use. If you wish to unlock it, contact us using the ""report cache"" link. Please choose ""other"" as reason and explain briefly what you have changed to make the listing compliant with our terms of use. Thank you!","","This geocache has been locked by an administrator because it did not comply with the Opencaching terms of use. If you wish to unlock it, contact us using the ""report cache"" link. Please choose ""other"" as reason and explain briefly what you have changed to make the listing compliant with our terms of use. Thank you!",""
"819","Sorry, this geocache is locked and cannot be viewed.","44:./templates2/ocstyle/error.tpl","Entschuldigung, der Geocache wurde gesperrt und kann nicht angezeigt werden.","Désolé, la géocache est verrouillée et ne peut pas être consultée.","Sorry, de cache is geblokkeerd en kan niet bekeken worden.","Sorry, this geocache is locked and cannot be viewed.","","Sorry, this geocache is locked and cannot be viewed.",""
"821","Locked, visible","182:./templates2/ocstyle/adminreports.tpl","gesperrt","verrouillé, visible","Geblokkeerd, zichtbaar","Locked, visible","","Locked, visible",""
"822","Locked, invisible","184:./templates2/ocstyle/adminreports.tpl","gesperrt, versteckt","verrouillée, invisible","Geblokkeerd, niet zichtbaar","Locked, invisible","","Locked, invisible",""
"823","Last modified","48:./templates2/ocstyle/adminhistory.tpl","Zuletzt geändert","Dernière mise à jour","Laatste verandering","Last modified","","Last modified",""
"826","-- Please select --","48:./lang/de/ocstyle/newdesc.tpl.php","-- Bitte auswählen --","-- S'il vous plaît sélectionner ! --","-- Selecteren --","-- Please select --","","-- Please select --",""
"827","Adoptions","0:table:sys_menu;field=menustring","Adoptieren","Adoptions","Adopties","Adoptions","","Adoptions",""
"828","Date","94:./templates2/ocstyle/adminhistory.tpl","Datum","Date","Datum","Date","","Date",""
"829","Yes, I have read and will comply with the Opencaching.de <a href=""articles.php?page=impressum#tos"">terms of use</a>.","159:./templates2/ocstyle/adoptcache.tpl","Ja, ich habe die <a href=""articles.php?page=impressum#tos"">Nutzungsbedingungen</a> von Opencaching.de gelesen und werde sie befolgen.","Oui, je l'ai lu et je respecterai les <a href=""articles.php?page=impressum#tos"">termes d'utilisation</a> d'Opencaching.","Ja, ik heb de <a href=""articles.php?page=impressum#tos"">gebruikersovereenkomst</a> van Opencaching.de gelezen en geaccepteerd.","Yes, I have read and will comply with the Opencaching.de <a href=""articles.php?page=impressum#tos"">terms of use</a>.","","Yes, I have read and will comply with the Opencaching.de <a href=""articles.php?page=impressum#tos"">terms of use</a>.",""
"831","on %2, <strong>%1</strong> offered this geocache to you for adoption.","148:./templates2/ocstyle/adoptcache.tpl","<strong>%1</strong> hat dir diesen Geocache am %2 zur Adoption angeboten.","le %2, <strong>%1</strong> vous a ofert cette géocache pour adoption.","op %2, <strong>%1</strong> heeft jou deze cache aangeboden voor adoptie.","on %2, <strong>%1</strong> offered this geocache to you for adoption.","","on %2, <strong>%1</strong> offered this geocache to you for adoption.",""
"832","Thank you for adopting <strong>%1</strong>.","147:./templates2/ocstyle/adoptcache.tpl","Vielen Dank für die Adoption von <strong>%1</strong>.","Merci pour l'adoption de <strong>%1</strong>.","Bedankt voor het adopteren van <strong>%1</strong>.","Thank you for adopting <strong>%1</strong>.","","Thank you for adopting <strong>%1</strong>.",""
"833","Commit the adoption of %1","144:./templates2/ocstyle/adoptcache.tpl","Die Adoption von %1 bestätigen","Commit the adoption of %1","Commit the adoption of %1","Commit the adoption of %1","","Commit the adoption of %1",""
"834","There are no caches that can be adopted by you at the moment.","132:./templates2/ocstyle/adoptcache.tpl","Es werden dir derzeit keine Geocaches zur Adoption angeboten.","There are no caches that can be adopted by you at the moment.","Er zijn geen caches die je kunt adopteren op dit moment.","There are no caches that can be adopted by you at the moment.","","There are no caches that can be adopted by you at the moment.",""
"835","Adopt now","123:./templates2/ocstyle/adoptcache.tpl","Adoptieren","Adopt now","Adopteren","Adopt now","","Adopt now",""
"836","Geocaches which are offered to you for adoption","105:./templates2/ocstyle/adoptcache.tpl","Geocaches, die dir zur Adoption angeboten werden","Geocaches which are offered to you for adoption","Geocaches which are offered to you for adoption","Geocaches which are offered to you for adoption","","Geocaches which are offered to you for adoption",""
"837","Yes, I have read and understand the above and agree with it.","84:./templates2/ocstyle/adoptcache.tpl","Ja, ich habe obige Bedingungen gelesen, verstanden und bin damit einverstanden.","Yes, I have read and understand the above and agree with it.","Yes, I have read and understand the above and agree with it.","Yes, I have read and understand the above and agree with it.","","Yes, I have read and understand the above and agree with it.",""
"839","Offer <b>%1</b> for adoption","52:./templates2/ocstyle/adoptcache.tpl","<b>%1</b> zur Adoption anbieten","Offer <b>%1</b> for adoption","<b>%1</b> ter adoptie aanbieden","Offer <b>%1</b> for adoption","","Offer <b>%1</b> for adoption",""
"840","You have not invited any users to adopt this cache.","44:./templates2/ocstyle/adoptcache.tpl","Du hast diesen Geocache keinem Benutzer zur Adoption angeboten.","You have not invited any users to adopt this cache.","You have not invited any users to adopt this cache.","You have not invited any users to adopt this cache.","","You have not invited any users to adopt this cache.",""
"841","Reject adoption","125:./templates2/ocstyle/adoptcache.tpl","Adoption ablehnen","Reject adoption","Adoptie afwijzen","Reject adoption","","Reject adoption",""
"842","List of users you offered %1 for adoption","15:./templates2/ocstyle/adoptcache.tpl","Benutzer, denen du %1 zur Adoption angeboten hast","List of users you offered %1 for adoption","List of users you offered %1 for adoption","List of users you offered %1 for adoption","","List of users you offered %1 for adoption",""
"843","Username unknown","17:./templates2/ocstyle/adminuser.tpl","Benutzername unbekannt","Username unknown","Gebruikersnaam onbekend","Username unknown","","Username unknown",""
"844","You cannot adopt your own cache!","77:./templates2/ocstyle/adoptcache.tpl","Du kannst nicht deinen eigenen Geocache adoptieren!","You cannot adopt your own cache!","Je kunt geen eigen cache adopteren!","You cannot adopt your own cache!","","You cannot adopt your own cache!",""
"845","Sorry, you have to read and accept the above to proceed!","89:./templates2/ocstyle/adoptcache.tpl","Entschuldigung, du musst dies lesen und akzeptieren, um fortzufahren!","Sorry, you have to read and accept the above to proceed!","Sorry, you have to read and accept the above to proceed!","Sorry, you have to read and accept the above to proceed!","","Sorry, you have to read and accept the above to proceed!",""
"846","Sorry, you have to read and accept the terms of use to proceed!","164:./templates2/ocstyle/adoptcache.tpl","Entschuldigung, du musst die Nutzungsbedingungen lesen und akzeptieren, um fortzufahren!","Sorry, you have to read and accept the terms of use to proceed!","Sorry, you have to read and accept the terms of use to proceed!","Sorry, you have to read and accept the terms of use to proceed!","","Sorry, you have to read and accept the terms of use to proceed!",""
"847","This rules ensures that your password cannot be guessed by an automated script.","18:./templates2/ocstyle/res_passworderror.tpl","Durch diese Regeln ist dein Passwort sicher und kann nicht durch automatisierte Programme oder andere Benutzer erraten werden.","This rules ensures that your password cannot be guessed by an automated script.","This rules ensures that your password cannot be guessed by an automated script.","This rules ensures that your password cannot be guessed by an automated script.","","This rules ensures that your password cannot be guessed by an automated script.","Выполнение этих требований повышает стойкость вашего пароля."
"849","Not all characters are allowed. You may only use latin-european letters, 0-9 and .-_ @=)(/\&amp;*+~#.","16:./templates2/ocstyle/res_passworderror.tpl","Es sind nicht alle Zeichen erlaubt. Verwende nur lateinisch-europäische Buchstaben, 0-9 und .-_ @=)(/\&amp;*+~#.","Not all characters are allowed. You may only use latin-european letters, 0-9 and .-_ @=)(/\&amp;*+~#.","Not all characters are allowed. You may only use latin-european letters, 0-9 and .-_ @=)(/\&amp;*+~#.","Not all characters are allowed. You may only use latin-european letters, 0-9 and .-_ @=)(/\&amp;*+~#.","","Not all characters are allowed. You may only use latin-european letters, 0-9 and .-_ @=)(/\&amp;*+~#.",""
"850","Do not use dictionary words like 'master'.","14:./templates2/ocstyle/res_passworderror.tpl","Verwende keine Wörter aus dem Wörterbuch z.B. &bdquo;geheim&ldquo;.","Do not use dictionary words like 'master'.","Gebruik geen woordenboek woorden zoals 'meester'.","Do not use dictionary words like 'master'.","","Do not use dictionary words like 'master'.","Не используйте распространёные слова."
"851","Do not use common geocaching words.","13:./templates2/ocstyle/res_passworderror.tpl","Verwende keine Begriffe aus dem Geocaching.","Do not use common geocaching words.","Gebruik geen bekende geocaching woorden.","Do not use common geocaching words.","","Do not use common geocaching words.","Не используйте распространённые геокешерские слова."
"852","Do not use parts of your username, real name or e-mail address.","12:./templates2/ocstyle/res_passworderror.tpl","Verwende keine Teile deines Benutzernamen, deines Namens oder deiner E-Mail.","Do not use parts of your username, real name or e-mail address.","Gebruik geen delen van uw gebruikersnaam, echte naam of e-mailadres.","Do not use parts of your username, real name or e-mail address.","","Do not use parts of your username, real name or e-mail address.","Не используйте части вашего имени пользователя, настоящего имени или электронного адреса."
"853","Between 6 and 60 characters long","10:./templates2/ocstyle/res_passworderror.tpl","zwischen 6 und 60 Zeichen lang","Between 6 and 60 characters long","Tussen 6 en 60 tekens lang","Between 6 and 60 characters long","","Between 6 and 60 characters long","Длина от 6 до 60 символов."
"854","Please verify that your password matches the following criteria:","8:./templates2/ocstyle/res_passworderror.tpl","Überprüfe, dass dein Passwort folgende Kriterien erfüllt:","Please verify that your password matches the following criteria:","Please verify that your password matches the following criteria:","Please verify that your password matches the following criteria:","","Please verify that your password matches the following criteria:","Введите пароль, который удовлетворяет следующим критериям:"
"855","Your password did not pass our security check.","7:./templates2/ocstyle/res_passworderror.tpl","Dein Passwort hat unsere Sicherheitsprüfung nicht bestanden.","Your password did not pass our security check.","Your password did not pass our security check.","Your password did not pass our security check.","","Your password did not pass our security check.","Ваш пароль не прошёл проверку."
"856","Montenegro","0:table:countries;field=name","Montenegro","Montenegro","Montenegro","Montenegro","","Montenegro","Черногория"
"857","Serbia","0:table:countries;field=name","Serbien","Serbia","Servië","Serbia","","Serbia","Сербия"
"858","* If the user explicitly logged out after his last visit or more than<br /> 90 days have passed since last login, the last login cannot be determined. ","","* Wenn der Benutzer sich beim letzten Besuch abgemeldet hat oder <br /> der letzte Besuch mehr als 90 Tage zurückliegt, kann der letzte Login nicht bestimmt werden. ","* If the user explicitly logged out after his last visit or more than<br /> 90 days have passed since last login, the last login cannot be determined. ","* If the user explicitly logged out after his last visit or more than<br /> 90 days have passed since last login, the last login cannot be determined. ","* If the user explicitly logged out after his last visit or more than<br /> 90 days have passed since last login, the last login cannot be determined. ","","* If the user explicitly logged out after his last visit or more than<br /> 90 days have passed since last login, the last login cannot be determined. ",""
"859","Manage users","0:table:sys_menu;field=menustring","Benutzer verwalten","Manage users","Beheer gebruikers","Manage users","","Manage users",""
"860","Sure?","143:./templates2/ocstyle/adminuser.tpl","Sicher?","Sure?","Zeker?","Sure?","","Sure?",""
"861","Disable (and lock all geocaches owned)","124:./templates2/ocstyle/adminuser.tpl","Deaktivieren (und Geocaches sperren)","Disable (and lock all geocaches owned)","Disable (and lock all geocaches owned)","Disable (and lock all geocaches owned)","","Disable (and lock all geocaches owned)",""
"862","Unknown","106:./templates2/ocstyle/adminuser.tpl","unbekannt","Unknown","Onbekend","Unknown","","Unknown",""
"863","Last known login:","105:./templates2/ocstyle/adminuser.tpl","Letzter bekannter Login:","Last known login:","Laatst bekende login:","Last known login:","","Last known login:",""
"864","Active geocaches:","97:./templates2/ocstyle/adminuser.tpl","Aktive Geocaches:","Active geocaches:","Actieve caches:","Active geocaches:","","Active geocaches:",""
"865","Total hidden:","93:./templates2/ocstyle/adminuser.tpl","Insgesamt versteckt:","Total hidden:","Total hidden:","Total hidden:","","Total hidden:",""
"866","Log entries:","87:./templates2/ocstyle/adminuser.tpl","Logeinträge:","Log entries:","Log entries:","Log entries:","","Log entries:",""
"867","User active:","59:./templates2/ocstyle/adminuser.tpl","Benutzer aktiv:","User active:","User active:","User active:","","User active:",""
"868","Date created:","51:./templates2/ocstyle/adminuser.tpl","Datum erstellt:","Date created:","Gemaakt op:","Date created:","","Date created:",""
"869","View user account details","9:./templates2/ocstyle/adminuser.tpl","Benutzeraccount-Details anzeigen","View user account details","View user account details","View user account details","","View user account details",""
"870","User account details","34:./templates2/ocstyle/adminuser.tpl","Benutzeraccount-Details","User account details","User account details","User account details","","User account details",""
"871","E-mail:","38:./templates2/ocstyle/activation.tpl","E-Mail:","E-mail:","E-mail:","E-mail:","","E-mail:",""
"872","Waypoint download","45:./templates2/ocstyle/garmin.tpl","Wegpunkt-Download","Waypoint download","Waypoint download","Waypoint download","","Waypoint download",""
"873","News entries","","Newseinträge","News entries","Nieuwsberichten","News entries","","News entries",""
"874","Hide","","Ausblenden","Hide","Verbergen","Hide","","Hide",""
"875","Terrain","10:./templates2/ocstyle/res_oconly81.tpl","Gelände","Terrain","Terrein","Terrain","","Terrain",""
"876","Difficulty","27:./templates2/ocstyle/res_oconly81.tpl","Schwierigkeit","Difficulty","Moeilijkheid","Difficulty","","Difficulty",""
"877","Send this waypoint to GPS device:","530:./templates2/ocstyle/viewcache.tpl","Wegpunkt an GPS-Gerät senden:","Send this waypoint to GPS device:","Dit waypoint naar GPS zenden:","Send this waypoint to GPS device:","","Send this waypoint to GPS device:",""
"882","Current top ratings","97:./templates2/ocstyle/start.tpl","Aktuelle Empfehlungen","Current top ratings","Current top ratings","Current top ratings","","Current top ratings",""
"884","%1 recommendations within the last 30 days ","14:./templates2/ocstyle/res_newratings.tpl","%1 Empfehlungen innerhalb der letzten 30 Tage ","%1 recommendations within the last 30 days ","%1 aanbevelingen binnen de laatste 30 dagen ","%1 recommendations within the last 30 days ","","%1 recommendations within the last 30 days ",""
"885","You can find more recommendations &gt;<a href=""tops.php"">here</a>&lt;.","39:./templates2/ocstyle/res_newratings.tpl","Weitere Empfehlungen und besondere Geocaches findet ihr &gt;<a href=""tops.php"">hier</a>&lt;","You can find more recommendations &gt;<a href=""tops.php"">here</a>&lt;.","Je kunt &gt;<a href=""tops.php"">hier</a>&lt; meer aanbevelingen vinden.","You can find more recommendations &gt;<a href=""tops.php"">here</a>&lt;.","","You can find more recommendations &gt;<a href=""tops.php"">here</a>&lt;.",""
"887","Last&nbsp;login:","46:./templates2/ocstyle/viewprofile.tpl","Letzter&nbsp;Login:","Last&nbsp;login:","Last&nbsp;login:","Last&nbsp;login:","","Last&nbsp;login:",""
"888","Within the last month","48:./templates2/ocstyle/viewprofile.tpl","Innerhalb des letzten Monats","Within the last month","In de afgelopen maand","Within the last month","","Within the last month",""
"889","1 to 6 months ago","50:./templates2/ocstyle/viewprofile.tpl","vor 1&ndash;6 Monaten","1 to 6 months ago","1 tot 6 maanden geleden","1 to 6 months ago","","1 to 6 months ago",""
"890","6 to 12 months ago","52:./templates2/ocstyle/viewprofile.tpl","vor 6&ndash;12 Monaten","6 to 12 months ago","6 tot 12 maanden geleden","6 to 12 months ago","","6 to 12 months ago",""
"891","1 to 2 years ago","54:./templates2/ocstyle/viewprofile.tpl","vor 1&ndash;2 Jahren","Entre 1 et 2 ans","1 tot 2 jaar geleden","1 to 2 years ago","","1 to 2 years ago",""
"892","The user account has been disabled.","61:./templates2/ocstyle/viewprofile.tpl","Der Benutzeraccount wurde deaktiviert.","Le compte d'utilisateur a été désactivé.","Gebruikersaccount is uitgeschakeld.","The user account has been disabled.","","The user account has been disabled.",""
"893","A new activation mail has been sent.","75:./templates2/ocstyle/adminuser.tpl","Eine neue Aktivierungsmail wurde versendet.","Un nouveau message d'activation a été envoyé.","A new activation mail has been sent.","A new activation mail has been sent.","","A new activation mail has been sent.",""
"894","of","1190:./templates2/ocstyle/map2.tpl","von","de","van","of","","of",""
"900","Donations","263:./lang/de/ocstyle/main.tpl.php","Spenden","Les dons","Doneren","Donations","","Donations","Помощь сайту"
"902","Text","71:./lang/de/ocstyle/editdesc.tpl.php","Text","Texte","Tekst","Text","","Text",""
"905","OC waypoint","","OC-Wegpunkt","Waypoint OC","OC waypoint","OC waypoint","","OC waypoint",""
"906","Terms of use","0:table:sys_menu;field=menustring","Nutzungsbedingungen","Conditions d'utilisation","Gebruikers overeenkomst","Terms of use","","Terms of use","Условия использования"
"907","Our team","0:table:sys_menu;field=menustring","Unser Team","Notre équipe","Ons Team","Our team","","Our team",""
"914","Nature reserve","","Schutzgebiet","Réserve naturelle","Beschermd gebied","Nature reserve","","Nature reserve",""
"915","Scan complete","292:./templates2/ocstyle/translate.tpl","Suche beendet","Balayage complet","Scan voltooid","Scan complete","","Scan complete",""
"916","Current file:","257:./templates2/ocstyle/translate.tpl","Aktuelle Datei:","Fichier en cours&nbsp;:","Huidig bestand:","Current file:","","Current file:",""
"921","Info","499:./templates2/ocstyle/viewcache.tpl","Info","Infos","Info","Info","","Info",""
"922","EN","333:./lib2/OcSmarty.class.php","DE","FR","NL","ES","PL","IT","RU"
"923","The compilation of the template failed. This should be a temporary failure. Please try again in some minutes.","24:./templates2/ocstyle/error.tpl","Die Erstellung der Seite ist fehlgeschlagen. Dieser Fehler sollte nur kurzzeitig auftreten, bitte rufe die Seite in wenigen Minuten nochmals auf.","La compilation de ce modèle à échouée. Cela devrait être une érreur temporaire. Veuillez essayer de nouveau dans quelques minutes.","The compilation of the template failed. This should be a temporary failure. Please try again in some minutes.","The compilation of the template failed. This should be a temporary failure. Please try again in some minutes.","","The compilation of the template failed. This should be a temporary failure. Please try again in some minutes.",""
"933","Scan source codes","38:./templates2/ocstyle/translate.tpl","Quelltext durchsuchen","Scan codes source","Scan source codes","Scan source codes","","Scan source codes",""
"954","Default","75:./templates2/ocstyle/reportcache.tpl","Standard","Par défaut","Default","Default","","Default",""
"1059","An account with that username already exists.","34:./templates2/ocstyle/myprofile.tpl","Es ist bereits ein Account mit diesem Benutzername vorhanden.","Un compte avec ce nom d’utilisateur existe déjà.","An account with that username already exists.","An account with that username already exists.","","An account with that username already exists.",""
"1060","Opencaching Wiki","65:./lang/de/ocstyle/login.tpl.php","Opencaching-Wiki","Opencaching Wiki","Opencaching Wiki","Opencaching Wiki","","Opencaching Wiki",""
"1061","Terms of use and legal information","332:./lang/de/ocstyle/main.tpl.php","Impressum","Conditions d'utilisation et renseignements juridiques","Terms of use and legal information","Terms of use and legal information","","Terms of use and legal information","Условия использования"
"1062","Page performance:","310:./lang/de/ocstyle/main.tpl.php","Seitenberechnung:","Performance de la page&nbsp;:","Page performance:","Page performance:","","Page performance:",""
"1063","Page creation:","311:./lang/de/ocstyle/main.tpl.php","Seitenerstellung:","Création de la page&nbsp;:","Page creation:","Page creation:","","Page creation:",""
"1097","D/T","","D/T","D/T","M/T","D/T","","D/T",""
"1123","Cache&nbsp;name","84:./templates2/ocstyle/restorecaches.tpl","Cachename","Nom de géocache","Cache&nbsp;name","Cache&nbsp;name","","Cache&nbsp;name",""
"1141","N","166:./lang/de/ocstyle/editcache.tpl.php","N","N","N","N","","N",""
"1142","S","167:./lang/de/ocstyle/editcache.tpl.php","S","S","Z","S","","S",""
"1143","E","174:./lang/de/ocstyle/editcache.tpl.php","O","E","O","E","","E",""
"1144","W","175:./lang/de/ocstyle/editcache.tpl.php","W","O","W","W","","W",""
"1146","Kilometer","566:./templates2/ocstyle/search.tpl","Kilometer","Kilomètre","Kilometer","Kilometer","","Kilometer",""
"1164","Some more items found...","1822:./templates2/ocstyle/map2.tpl","Weitere Einträge gefunden...","Quelques autres articles trouvés ...","Some more items found...","Some more items found...","","Some more items found...",""
"1165","city, cachename or waypoint","85:./templates2/ocstyle/map2.tpl","Ort, Cachename oder Wegpunkt","ville, nom de cache ou waypoint","city, cachename or waypoint","city, cachename or waypoint","","city, cachename or waypoint",""
"1166","Show link to this map","2265:./templates2/ocstyle/map2.tpl","Link zu dieser Ansicht anzeigen","Afficher un lien vers cette carte","Show link to this map","Show link to this map","","Show link to this map",""
"1206","km","211:./lang/de/ocstyle/newcache.tpl.php","km","km","km","km","","km",""
"1208","h","208:./lang/de/ocstyle/newcache.tpl.php","Stunde","h","h","h","","h",""
"1269","map","213:./lang/de/ocstyle/lib/menu.php","Karte","carte","kaart","map","","map","Карта"
"1272","show fullscreen","2280:./templates2/ocstyle/map2.tpl","Vollbild anzeigen","passer en plein écran","show fullscreen","show fullscreen","","show fullscreen",""
"1275","Menu","235:./lang/de/ocstyle/main.tpl.php","Auswahl","Menu","Menu","Menu","","Menu","Меню"
"1278","Editor","67:./lang/de/ocstyle/editdesc.tpl.php","Editor","Éditeur","Editor","Editor","","Editor",""
"1279","&lt;html&gt;","69:./lang/de/ocstyle/editdesc.tpl.php","&lt; html &gt;","&lt;html&gt;","&lt;html&gt;","&lt;html&gt;","","&lt;html&gt;",""
"1292","Setting smilies is not supported.","59:./lang/de/ocstyle/editlog.tpl.php","Smilies werden nicht unterstützt.","Le réglage de smileys n'est pas pris en charge.","Setting smilies is not supported.","Setting smilies is not supported.","","Setting smilies is not supported.",""
"1296","Only the following picture formats are allowed: %1.","91:./templates2/ocstyle/picture.tpl","Nur die folgenden Dateiformate sind für Bilder erlaubt: %1.","Seulement les formats d'image suivants sont autorisés&nbsp;: %1.","Only the following picture formats are allowed: %1.","Only the following picture formats are allowed: %1.","","Only the following picture formats are allowed: %1.",""
"1297","am","10:./templates2/ocstyle/event_attendance.tpl","am","matin","op","am","","am",""
"1299","File upload failed!","739:./translate.php","Dateiupload fehlerhaft!","Téléchargement du fichier raté&nbsp;!","Bestand uploaden mislukt!","File upload failed!","","File upload failed!",""
"1300","XML file could not be loaded!","751:./translate.php","XML-Datei konnte nicht geladen werden!","Le fichier XML n'a pas pu être téléchargé&nbsp;!","XML file could not be loaded!","XML file could not be loaded!","","XML file could not be loaded!",""
"1301","SQL Export","47:./templates2/ocstyle/translate.tpl","SQL-Export","Export SQL","SQL Export","SQL Export","","SQL Export",""
"1302","XML Download","49:./templates2/ocstyle/translate.tpl","XML-Download","Télécharger XML","XML Download","XML Download","","XML Download",""
"1303","XML Import","50:./templates2/ocstyle/translate.tpl","XML-Import","Import XML","XML Import","XML Import","","XML Import",""
"1304","XML file containing the translations:","143:./templates2/ocstyle/translate.tpl","Die XML-Datei enthält folgende Übersetzungen:","Le fichier XML contient des traductions&nbsp;:","XML file containing the translations:","XML file containing the translations:","","XML file containing the translations:",""
"1305","Check the following languages in the XML file:","146:./templates2/ocstyle/translate.tpl","Folgende Sprachen in der XML-Datei prüfen:","Vérifiez les langues suivantes dans le fichier XML&nbsp;:","Check the following languages in the XML file:","Check the following languages in the XML file:","","Check the following languages in the XML file:",""
"1306","Scan file","154:./templates2/ocstyle/translate.tpl","Datei verarbeiten","Analyser le fichier","Scan file","Scan file","","Scan file",""
"1307","Source code changed, text no longer used","182:./templates2/ocstyle/translate.tpl","Sourcecode geändert, Text wird nicht mehr verwendet","Source code changed, text no longer used","Source code changed, text no longer used","Source code changed, text no longer used","","Source code changed, text no longer used",""
"1308","New translation","184:./templates2/ocstyle/translate.tpl","Neue Übersetzung","New translation","Nieuwe vertaling","New translation","","New translation",""
"1309","Modified translation","186:./templates2/ocstyle/translate.tpl","Geänderte Übersetzung","Modified translation","Bewerkte vertaling","Modified translation","","Modified translation",""
"1310","old","214:./templates2/ocstyle/translate.tpl","alt","old","oud","old","","old",""
"1311","Toggle all","232:./templates2/ocstyle/translate.tpl","Alle auswählen","Toggle all","Toggle all","Toggle all","","Toggle all",""
"1312","Commit","234:./templates2/ocstyle/translate.tpl","Senden","Commit","Verzenden","Commit","","Commit",""
"1315","Date:","","Datum:","Date:","Datum:","Fecha:","","Date:",""
"1316","Log-entry:","","Logeintrag:","Log-entry:","log:","Entrada de registro:","","Log-entry:",""
"1317","Passwort to log:","24:./lang/de/ocstyle/editlog.inc.php","Kennwort zum Loggen:","Passwort to log:","Logwachtwoord:","Passwort to log:","","Passwort to log:",""
"1319","Invalid password!","26:./lang/de/ocstyle/editlog.inc.php","Ungültiges Passwort!","Invalid password!","Ongeldig wachtwoord!","Invalid password!","","Invalid password!",""
"1322","New log-entry","","Neuer Logeintrag","New log-entry","Nieuwe log","Nuevo Registro","","New log-entry",""
"1323","Type of log-entry:","222:./templates2/ocstyle/log_cache.tpl","Art des Logeintrages:","Type of log-entry:","Log soort:","Type of log-entry:","","Type of log-entry:",""
"1326","Recommendations:","21:./lang/de/ocstyle/rating.inc.php","Empfehlung:","Recommendations:","Aanbevelingen:","Recommendations:","","Recommendations:",""
"1327","A recommendation can only be made with a ""found"" or ""attended"" log!","290:./templates2/ocstyle/log_cache.tpl","Eine Empfehlung kann nur bei einem Gefunden- oder Teilgenommen-Logeintrag vorgenommen werden!","A recommendation can only be made with a ""found"" or ""attended"" log!","Een aanbeveling kan alleen gegeven worden met een ""gevonden"" of deelgenomen"" log!","A recommendation can only be made with a ""found"" or ""attended"" log!","","A recommendation can only be made with a ""found"" or ""attended"" log!",""
"1328","This cache is one of my recommendations.","29:./lang/de/ocstyle/rating.inc.php","Dieser Cache gehört zu meinen Empfehlungen.","This cache is one of my recommendations.","This cache is one of my recommendations.","This cache is one of my recommendations.","","This cache is one of my recommendations.",""
"1329","Alternatively, you can withdraw a <a href=""mytop5.php"">existing recommendation</a>.","31:./lang/de/ocstyle/rating.inc.php","Alternativ kannst du eine <a href=""mytop5.php"">vorhandene Empfehlung</a> zurückziehen.","Alternatively, you can withdraw a <a href=""mytop5.php"">existing recommendation</a>.","Als alternatief kun je een <a href=""mytop5.php"">bestaande aanbeveling</a> intrekken.","Alternatively, you can withdraw a <a href=""mytop5.php"">existing recommendation</a>.","","Alternatively, you can withdraw a <a href=""mytop5.php"">existing recommendation</a>.",""
"1330","You have given %1 of %2 possible recommendations.","285:./templates2/ocstyle/log_cache.tpl","Du hast %1 von %2 möglichen Empfehlungen abgegeben.","You have given %1 of %2 possible recommendations.","Je hebt %1 van de %2 mogelijke aanbevelingen gegeven.","You have given %1 of %2 possible recommendations.","","You have given %1 of %2 possible recommendations.",""
"1331","Dangers","0:table:attribute_groups;field=name","Gefahren","Dangers","Gevaren","Dangers","","Dangers",""
"1332","Infrastructure","0:table:attribute_groups;field=name","Infrastruktur","Infrastructure","Infrastructuur","Infrastructure","","Infrastructure","Инфраструктура"
"1333","Waypoints","0:table:attribute_groups;field=name","Wegpunkte","Waypoints","Waypoints","Waypoints","","Waypoints",""
"1334","General","0:table:attribute_groups;field=name","Allgemein","General","Algemeen","General","","General",""
"1335","Time","0:table:attribute_groups;field=name","Zeitlich","Time","Tijd","Time","","Time","Время"
"1336","Seasonal","0:table:attribute_groups;field=name","Saisonbedingt","Seasonal","Seizoenen","Seasonal","","Seasonal","Сезонность"
"1337","Listing","240:./templates2/ocstyle/viewcache.tpl","Listing","Listing","Listing","Listing","","Listing",""
"1338","Tools needed","0:table:attribute_groups;field=name","Benötigt Werkzeug","Tools needed","Tools needed","Tools needed","","Tools needed","Снаряжение"
"1339","Preparation needed","0:table:attribute_groups;field=name","Benötigt Vorarbeit","Preparation needed","Preparation needed","Preparation needed","","Preparation needed","Подготовка"
"1340","Persons","0:table:attribute_groups;field=name","Personen","Persons","Personen","Persons","","Persons",""
"1341","Transportation","0:table:attribute_groups;field=name","Fortbewegung","Transportation","Vervoer","Transportation","","Transportation",""
"1342","Properties","0:table:attribute_categories;field=name","Eigenschaften","Properties","Eigenschappen","Properties","","Properties",""
"1343","Restrictions / Preconditions","0:table:attribute_categories;field=name","Einschränkungen / Voraussetzungen","Restrictions / Preconditions","Restrictions / Preconditions","Restrictions / Preconditions","","Restrictions / Preconditions",""
"1344","Recommendations / Prohibitions","0:table:attribute_categories;field=name","Empfehlungen / Verbote","Recommendations / Prohibitions","Recommendations / Prohibitions","Recommendations / Prohibitions","","Recommendations / Prohibitions",""
"1345","Only loggable at Opencaching","0:table:cache_attrib;field=name","Nur bei Opencaching logbar","Only loggable at Opencaching","Alleen bij Opencaching te loggen","Only loggable at Opencaching","","Only loggable at Opencaching",""
"1346","Time and effort (optional):","207:./lang/de/ocstyle/editcache.tpl.php","Aufwand (optional):","Time and effort (optional):","Time and effort (optional):","Time and effort (optional):","","Time and effort (optional):",""
"1347","Of course, this effort can only be estimated and can vary depending on enviromental influences. If you cannot make sufficiently detailed information, fill both fields up with a O (zero)","219:./lang/de/ocstyle/editcache.tpl.php","Der Aufwand kann natürlich nur geschätzt werden und kann auch je nach Umwelteinflüssen sehr verschieden sein. Solltest du keine ausreichend genauen Angaben machen können, schreibe in beide Felder 0 (Null).","Of course, this effort can only be estimated and can vary depending on enviromental influences. If you cannot make sufficiently detailed information, fill both fields up with a O (zero)","Of course, this effort can only be estimated and can vary depending on enviromental influences. If you cannot make sufficiently detailed information, fill both fields up with a O (zero)","Of course, this effort can only be estimated and can vary depending on enviromental influences. If you cannot make sufficiently detailed information, fill both fields up with a O (zero)","","Of course, this effort can only be estimated and can vary depending on enviromental influences. If you cannot make sufficiently detailed information, fill both fields up with a O (zero)",""
"1348","Waypoints (optional):","225:./lang/de/ocstyle/editcache.tpl.php","Wegpunkte (optional):","Waypoints (optional):","Waypoints (optioneel):","Waypoints (optional):","","Waypoints (optional):",""
"1349","If the cache was published at another geocaching website, enter the corresponding waypoint here.","235:./lang/de/ocstyle/editcache.tpl.php","Falls der Cache auch auf einer anderen Website veröffentlicht wurde, gib hier den entsprechenden Wegpunkt an.","If the cache was published at another geocaching website, enter the corresponding waypoint here.","If the cache was published at another geocaching website, enter the corresponding waypoint here.","If the cache was published at another geocaching website, enter the corresponding waypoint here.","","If the cache was published at another geocaching website, enter the corresponding waypoint here.",""
"1350","No data will be imported automatically from these listing services.","","Es werden keine Daten automatisch von diesen Cachedatenbanken übernommen.","No data will be imported automatically from these listing services.","No data will be imported automatically from these listing services.","No hay datos, se importarán de forma automática desde los servicios de listado.","","No data will be imported automatically from these listing services.",""
"1351","Descriptions","261:./lang/de/ocstyle/editcache.tpl.php","Beschreibungen","Descriptions","Beschrijvingen","Descriptions","","Descriptions",""
"1352","Add description in another language","263:./lang/de/ocstyle/editcache.tpl.php","Beschreibung in anderer Sprache hinzuf&uuml;gen","Add description in another language","Add description in another language","Add description in another language","","Add description in another language",""
"1353","Your description contains at least one link to a picture hosted on geocaching.com!","271:./lang/de/ocstyle/editcache.tpl.php","Deine Beschreibungen enthalten mindestens einen Link auf ein Bild, das bei geocaching.com gespeichert ist!","Your description contains at least one link to a picture hosted on geocaching.com!","Your description contains at least one link to a picture hosted on geocaching.com!","Your description contains at least one link to a picture hosted on geocaching.com!","","Your description contains at least one link to a picture hosted on geocaching.com!",""
"1354","To prevent any problems with geocaching.com, please upload all linked pictures to %1 as well and link the pictures in the HTML code to these on %1.","41:./lang/de/ocstyle/editcache.inc.php","Um etwaige Probleme mit geocaching.com zu vermeiden bitten wir dich, diese Bilder auch hier hochzuladen und zu verlinken.","To prevent any problems with geocaching.com, please upload all linked pictures to %1 as well and link the pictures in the HTML code to these on %1.","To prevent any problems with geocaching.com, please upload all linked pictures to %1 as well and link the pictures in the HTML code to these on %1.","To prevent any problems with geocaching.com, please upload all linked pictures to %1 as well and link the pictures in the HTML code to these on %1.","","To prevent any problems with geocaching.com, please upload all linked pictures to %1 as well and link the pictures in the HTML code to these on %1.",""
"1355","Upload a picture","284:./lang/de/ocstyle/editcache.tpl.php","Neues Bild hinzuf&uuml;gen","Upload a picture","Upload a picture","Upload a picture","","Upload a picture",""
"1356","Listed since:","1194:./templates2/ocstyle/map2.tpl","Gelistet seit:","Listed since:","Gepubliceerd sinds:","Listed since:","","Listed since:",""
"1357","This cache is yours","1198:./templates2/ocstyle/map2.tpl","Dies ist dein Cache","This cache is yours","Dit is jouw cache","This cache is yours","","This cache is yours",""
"1358","You found this cache","1201:./templates2/ocstyle/map2.tpl","Du hast diesen Cache gefunden","You found this cache","Je hebt deze cache gevonden","You found this cache","","You found this cache",""
"1359","You havn't found this cache, yet","1204:./templates2/ocstyle/map2.tpl","Du hast diesen Cache nicht gefunden","You havn't found this cache, yet","Je hebt deze cache nog niet gevonden","You havn't found this cache, yet","","You havn't found this cache, yet",""
"1360","This cache stores a GeoKrety","1210:./templates2/ocstyle/map2.tpl","In diesem Cache ist ein GeoKrety","This cache stores a GeoKrety","In deze cache zit een GeoKrety","This cache stores a GeoKrety","","This cache stores a GeoKrety",""
"1361","This cache has %1 recommandation(s)","1213:./templates2/ocstyle/map2.tpl","Dieser Cache hat %1 Empfehlung(en)","This cache has %1 recommandation(s)","Deze cache heeft %1 aanbeveling(en)","This cache has %1 recommandation(s)","","This cache has %1 recommandation(s)",""
"1362","Edit log entry for the cache %1","79:./lang/de/ocstyle/editlog.tpl.php","Logeintrag f&uuml;r den Cache %1 bearbeiten","Edit log entry for the cache %1","Bewerk je log voor cache %1","Edit log entry for the cache %1","","Edit log entry for the cache %1",""
"1363","Type of log entry","92:./lang/de/ocstyle/editlog.tpl.php","Art des Logeintrags:","Type of log entry","Soort log","Type of log entry","","Type of log entry",""
"1364","JavaScript is disabled in your browser, you can enter text only. To use HTML, or the editor, please enable JavaScript.","77:./lang/de/ocstyle/editdesc.tpl.php","JavaScript ist bei deinem Browser deaktiviert, du kannst nur Text eingeben. Um HTML oder den Editor zu verwenden, aktiviere bitte JavaScript.","JavaScript est désactivé dans votre navigateur, vous pouvez saisir du texte seulement. Pour utiliser HTML ou l'éditeur, s'il vous plaît activer JavaScript.","JavaScript is disabled in your browser, you can enter text only. To use HTML, or the editor, please enable JavaScript.","JavaScript is disabled in your browser, you can enter text only. To use HTML, or the editor, please enable JavaScript.","","JavaScript is disabled in your browser, you can enter text only. To use HTML, or the editor, please enable JavaScript.",""
"1365","New cache","","Neuer Cache","Noveau cache","Nieuwe cache","Nuevo caché","","New cache",""
"1366","Owner:","126:./lang/de/ocstyle/editcache.tpl.php","Besitzer:","Propriétaire&nbsp;:","Eigenaar:","Owner:","","Owner:",""
"1367","Cache&nbsp;type:","146:./lang/de/ocstyle/editcache.tpl.php","Cacheart:","Type de géocache :","Cache&nbsp;type:","Cache&nbsp;type:","","Cache&nbsp;type:",""
"1368","Size:","154:./lang/de/ocstyle/editcache.tpl.php","Gr&ouml;&szlig;e:","Taille&nbsp;:","Grootte:","Size:","","Size:","Размер контейнера:"
"1369","Coordinates:","163:./lang/de/ocstyle/editcache.tpl.php","Koordinaten:","Coordonnées&nbsp;:","Coördinaten","Coordinates:","","Coordinates:","Координаты:"
"1370","Rating:","195:./lang/de/ocstyle/editcache.tpl.php","Empfehlung:","Notation&nbsp;:","Waardering:","Rating:","","Rating:",""
"1371","Difficulty:","197:./lang/de/ocstyle/editcache.tpl.php","Schwierigkeit:","Difficulté&nbsp;:","Moeilijkheid:","Difficulty:","","Difficulty:",""
"1372","Terrain:","201:./lang/de/ocstyle/editcache.tpl.php","Gel&auml;nde:","Terrain&nbsp;:","Terrein:","Terrain:","","Terrain:",""
"1373","Time effort:","209:./lang/de/ocstyle/editcache.tpl.php","Zeitaufwand:","Effort de temps&nbsp;:","Time effort:","Time effort:","","Time effort:",""
"1374","Notice","218:./lang/de/ocstyle/editcache.tpl.php","Hinweis","Avis","Notice","Notice","","Notice",""
"1376","Hidden since:","325:./lang/de/ocstyle/editcache.tpl.php","Versteckt seit:","Invisible depuis&nbsp;:","Hidden since:","Hidden since:","","Hidden since:",""
"1377","(leave blank for no password)","342:./lang/de/ocstyle/editcache.tpl.php","(Leer lassen für kein Kennwort)","(Laisser vide pour aucun mot de passe)","(laat leeg voor geen wachtwoord)","(leave blank for no password)","","(leave blank for no password)",""
"1378","Please note the <a href=""articles.php?page=cacheinfo#logpw"" target=""_blank"">description</a>","347:./lang/de/ocstyle/editcache.tpl.php","Bitte die <a href=""articles.php?page=cacheinfo#logpw"" target=""_blank"">Beschreibung</a> beachten!","S'il vous plaît noter la <a href=""articles.php?page=cacheinfo#logpw"" target=""_blank"">description</a>","Please note the <a href=""articles.php?page=cacheinfo#logpw"" target=""_blank"">description</a>","Please note the <a href=""articles.php?page=cacheinfo#logpw"" target=""_blank"">description</a>","","Please note the <a href=""articles.php?page=cacheinfo#logpw"" target=""_blank"">description</a>",""
"1379","Less","2192:./templates2/ocstyle/map2.tpl","weniger","Moins","Minder","Less","","Less",""
"1380","Search for caches","356:./templates2/ocstyle/search.tpl","Cachesuche","Recherche de caches","Search for caches","Search for caches","","Search for caches","Выбор тайников"
"1381","JavaScript is not activated, you cannot use the above options (hide caches .. sort results) - basic search works nevertheless.","503:./templates2/ocstyle/search.tpl","JavaScript ist bei dir deaktiviert, daher kannst du die obenstehenden Optionen (Caches ausblenden .. Sortierung) nicht nutzen - die Suche funktioniert aber trotzdem.","Javascript est désactivé, vous ne pouvez pas utiliser les options ci-dessus (caches masquer .. résultats de tri) - recherche de base fonctionne néanmoins.","JavaScript is not activated, you cannot use the above options (hide caches .. sort results) - basic search works nevertheless.","JavaScript is not activated, you cannot use the above options (hide caches .. sort results) - basic search works nevertheless.","","JavaScript is not activated, you cannot use the above options (hide caches .. sort results) - basic search works nevertheless.",""
"1382","Sort results by:","482:./templates2/ocstyle/search.tpl","Ausgabe<br />sortieren nach:","Trier les résultats par :","Sorteer resultaten op:","Sort results by:","","Sort results by:",""
"1383","Last logs","153:./templates2/ocstyle/myhome.tpl","letztes Log","Derniers logs","Laatste logs","Last logs","","Last logs",""
"1384","Show caches recommended by other users first","494:./templates2/ocstyle/search.tpl","von anderen Benutzern empfohlene Caches zuerst anzeigen","Afficher les caches recommandées par d'autres utilisateurs en premier","Show caches recommended by other users first","Show caches recommended by other users first","","Show caches recommended by other users first",""
"1386","Hide these caches:","363:./templates2/ocstyle/search.tpl","Caches ausblenden:","Cacher les géocaches suivantes :","Verberg deze caches:","Hide these caches:","","Hide these caches:",""
"1387","My owned","365:./templates2/ocstyle/search.tpl","eigene","mes propriété","Mijn caches","My owned","","My owned",""
"1388","My finds","2496:./templates2/ocstyle/map2.tpl","gefundene","mes trouvailles","Mijn gevonden","My finds","","My finds",""
"1389","My ignored","2502:./templates2/ocstyle/map2.tpl","ignorierte","mes ignoré","Mijn genegeerde","My ignored","","My ignored",""
"1391","Inactive","172:./templates2/ocstyle/viewprofile.tpl","inaktive","inactif","Inactief","Inactive","","Inactive",""
"1392","Cache attributes:","468:./templates2/ocstyle/search.tpl","Cacheattribute:","Cache attributs&nbsp;:","Cache attributen:","Cache attributes:","","Cache attributes:","Атрибуты"
"1396","Miles","567:./templates2/ocstyle/search.tpl","Meilen","Milles","Mijlen","Miles","","Miles",""
"1397","Seamiles","568:./templates2/ocstyle/search.tpl","Seemeilen","Milles marins","Zeemijlen","Seamiles","","Seamiles",""
"1399","Postal code:","","Postleitzahl:","Code postal&nbsp;:","Postcode:","Código Postal:","","Postal code:",""
"1400","City:","","Ort:","Ville&nbsp;:","Plaats:","Población:","","City:",""
"1404","Logtype:","","Art des Logeintrags:","Type de log&nbsp;:","Logsoort:","Tipo de log:","","Logtype:",""
"1405","Error while loading the page","22:./lang/de/ocstyle/error.tpl.php","Fehler beim Aufruf der Seite","Erreur lors du chargement de la page","Error while loading the page","Error while loading the page","","Error while loading the page",""
"1406","In an attempt to create the page, an error has occurred. If you pass through a hyperlink on our side and the problem persists do not hesitate to contact us by email.","23:./lang/de/ocstyle/error.tpl.php","Bei dem Versuch, die Seite zu erstellen, ist ein Fehler aufgetreten. Solltest du durch einen Link auf unserer Seite hierher gekommen sein und dieses Problem l&auml;ngere Zeit bestehen, weise uns bitte per E-Mail darauf hin.","Dans une tentative de créer la page, une erreur est survenue. Si vous passez par un lien hypertexte sur notre page et si le problème persiste, ne pas hésiter à nous contacter par e-mail.","In an attempt to create the page, an error has occurred. If you pass through a hyperlink on our side and the problem persists do not hesitate to contact us by email.","In an attempt to create the page, an error has occurred. If you pass through a hyperlink on our side and the problem persists do not hesitate to contact us by email.","","In an attempt to create the page, an error has occurred. If you pass through a hyperlink on our side and the problem persists do not hesitate to contact us by email.",""
"1408","Page:","26:./lang/de/ocstyle/error.tpl.php","Seite:","Page&nbsp;:","Pagina:","Page:","","Page:",""
"1411","Are you sure that this log entry shall be removed?","23:./lang/de/ocstyle/removelog_cacheowner.tpl.php","Bist du sicher, dass dieser Logeintrag entfernt werden soll?","Êtes-vous sûr que cette entrée du journal doit être retirée ?","Are you sure that this log entry shall be removed?","Are you sure that this log entry shall be removed?","","Are you sure that this log entry shall be removed?",""
"1412","Do you want to send {log_user_name} a note? ","37:./lang/de/ocstyle/removelog_cacheowner.tpl.php","M&ouml;chtest du {log_user_name} eine Bemerkung dazu senden? ","Vous voulez envoyer une note à {log_user_name} ? ","Do you want to send {log_user_name} a note? ","Do you want to send {log_user_name} a note? ","","Do you want to send {log_user_name} a note? ",""
"1413","Remove log entry","48:./lang/de/ocstyle/removelog_cacheowner.tpl.php","Logeintrag entfernen","Retirer entrée du log","Log verwijderen","Remove log entry","","Remove log entry",""
"1414","Date is invalid","26:./lang/de/ocstyle/editcache.inc.php","ungültiges Datum","Date incorrecte","Datum is ongeldig","Date is invalid","","Date is invalid",""
"1415","only for found logs","24:./lang/de/ocstyle/editlog.inc.php","nur für Gefunden-Logs","seulement pour les logs trouvés","only for found logs","only for found logs","","only for found logs",""
"1416","Submit a new cache","119:./lang/de/ocstyle/newcache.tpl.php","Neuen Cache eintragen","Proposez une nouvelle cache","Submit a new cache","Submit a new cache","","Submit a new cache","Новый тайник"
"1417","If this is your first cache on %1, be sure to check out the <a href=""articles.php?page=cacheinfo"">description</a> of the individual fields.","17:./lang/de/ocstyle/newcache.inc.php","Falls dies dein erster Cache auf %1 sein sollte, lies bitte zuerst die <a href=""articles.php?page=cacheinfo"">Beschreibung</a> zu den einzelnen Feldern durch. Beachte auch die <a href=""http://wiki.opencaching.de/index.php/Wie_verstecke_ich_einen_Cache%3F"" target=""_blank"">Anleitung</a> zum Verstecken von Caches!","Si ceci est votre première cache sur %1, assurez-vous de vérifier la <a href=""articles.php?page=cacheinfo"">description</a> des champs individuels.","If this is your first cache on %1, be sure to check out the <a href=""articles.php?page=cacheinfo"">description</a> of the individual fields.","If this is your first cache on %1, be sure to check out the <a href=""articles.php?page=cacheinfo"">description</a> of the individual fields.","","If this is your first cache on %1, be sure to check out the <a href=""articles.php?page=cacheinfo"">description</a> of the individual fields.","Если это ваш первый тайник, прочитайте <a href=""articles.php?page=cacheinfo"">описание</a> отдельных полей."
"1418","Distance","212:./lang/de/ocstyle/editcache.tpl.php","Entfernung","Distance","Afstand","Distance","","Distance",""
"1419","The effort is of course only be estimated and can vary depending on environmental influences. If you can not make sufficiently detailed information, write 0 (zero) in both fields. (See also: <a href=""articles.php?page=cacheinfo#time"" target=""_blank"">description</a>)","217:./lang/de/ocstyle/newcache.tpl.php","Der Aufwand kann natürlich nur geschätzt werden und kann auch je nach Umwelteinflüssen sehr verschieden sein. Solltest du keine ausreichend genauen Angaben machen können, schreibe in beide Felder 0 (Null). (Siehe auch: <a href=""articles.php?page=cacheinfo#time"" target=""_blank"">Beschreibung</a>)","L'effort est seulement estimé et peut varier en fonction des influences de l'environnement. Si vous ne pouvez pas faire suffisamment d'informations détaillées, écrire 0 (zéro) dans les deux champs. (Voir aussi&nbsp;: <a href=""articles.php?page=cacheinfo#time"" target=""_blank"">Description</a>)","The effort is of course only be estimated and can vary depending on environmental influences. If you can not make sufficiently detailed information, write 0 (zero) in both fields. (See also: <a href=""articles.php?page=cacheinfo#time"" target=""_blank"">description</a>)","The effort is of course only be estimated and can vary depending on environmental influences. If you can not make sufficiently detailed information, write 0 (zero) in both fields. (See also: <a href=""articles.php?page=cacheinfo#time"" target=""_blank"">description</a>)","","The effort is of course only be estimated and can vary depending on environmental influences. If you can not make sufficiently detailed information, write 0 (zero) in both fields. (See also: <a href=""articles.php?page=cacheinfo#time"" target=""_blank"">description</a>)",""
"1420","Language:","45:./lang/de/ocstyle/editdesc.tpl.php","Sprache:","Langue&nbsp;:","Taal:","Language:","","Language:",""
"1421","You can add more descriptions in other languages publishing the cache.","274:./lang/de/ocstyle/newcache.tpl.php","Weitere Beschreibungen in anderen Sprachen können nach dem Veröffentlichen des Caches eingetragen werden.","Vous pouvez ajouter des descriptions dans d'autres langues en publiant le cache.","You can add more descriptions in other languages publishing the cache.","You can add more descriptions in other languages publishing the cache.","","You can add more descriptions in other languages publishing the cache.",""
"1422","Short description:","56:./lang/de/ocstyle/editdesc.tpl.php","Kurzbeschreibung:","Brève description&nbsp;:","Korte omschrijving:","Short description:","","Short description:",""
"1423","Description:","62:./lang/de/ocstyle/editdesc.tpl.php","Beschreibung:","Description&nbsp;:","Beschrijving:","Description:","","Description:","Описание:"
"1425","Additional note, will be shown encrypted:","311:./lang/de/ocstyle/newcache.tpl.php","Zusätzlicher Hinweis, wird verschlüsselt angezeigt:","Les notes additionnelles, seront montrés cryptées :","Additional note, will be shown encrypted:","Additional note, will be shown encrypted:","","Additional note, will be shown encrypted:",""
"1426","You can add additional pictures after creating the cache.","333:./lang/de/ocstyle/newcache.tpl.php","Bilder für diesen Cache können nach dem Anlegen des Caches hinzugefügt werden.","Vous pouvez ajouter des images supplémentaires après la création du cache.","You can add additional pictures after creating the cache.","You can add additional pictures after creating the cache.","","You can add additional pictures after creating the cache.",""
"1427","Publication:","61:./lang/de/ocstyle/editcache.inc.php","Veröffentlichung:","Publication&nbsp;:","Publication:","Publication:","","Publication:",""
"1428","Publish now","63:./lang/de/ocstyle/editcache.inc.php","sofort veröffentlichen","Publish now","Nu publiceren","Publish now","","Publish now",""
"1429","Publish on","64:./lang/de/ocstyle/editcache.inc.php","veröffentlichen am","Publish on","Publiceer op","Publish on","","Publish on",""
"1430","Do not publish now.","71:./lang/de/ocstyle/editcache.inc.php","noch nicht veröffentlichen","Do not publish now.","Nog niet publiceren.","Do not publish now.","","Do not publish now.",""
"1431","I have read and agree to the <a href=""articles.php?page=impressum#tos"" target=""_blank"">Opencaching.de Terms of Service</a> and <a href=""articles.php?page=impressum#datalicense"" target=""_blank"">Opencaching.de Data license</a>.","385:./lang/de/ocstyle/newcache.tpl.php","Die <a href=""articles.php?page=impressum#tos"" target=""_blank"">Opencaching.de-Nutzungsbedingungen</a> und -<a href=""articles.php?page=impressum#datalicense"" target=""_blank"">Datenlizenz</a> habe ich gelesen und bin damit einverstanden.","I have read and agree to the <a href=""articles.php?page=impressum#tos"" target=""_blank"">Opencaching.de Terms of Service</a> and <a href=""articles.php?page=impressum#datalicense"" target=""_blank"">Opencaching.de Data license</a>.","I have read and agree to the <a href=""articles.php?page=impressum#tos"" target=""_blank"">Opencaching.de Terms of Service</a> and <a href=""articles.php?page=impressum#datalicense"" target=""_blank"">Opencaching.de Data license</a>.","I have read and agree to the <a href=""articles.php?page=impressum#tos"" target=""_blank"">Opencaching.de Terms of Service</a> and <a href=""articles.php?page=impressum#datalicense"" target=""_blank"">Opencaching.de Data license</a>.","","I have read and agree to the <a href=""articles.php?page=impressum#tos"" target=""_blank"">Opencaching.de Terms of Service</a> and <a href=""articles.php?page=impressum#datalicense"" target=""_blank"">Opencaching.de Data license</a>.",""
"1432","Info: Your log entry has been removed by the cache owner.","25:./lang/de/ocstyle/removelog.inc.php","Info: Dein Logeintrag wurde vom Cachebesitzer entfernt.","Info: Your log entry has been removed by the cache owner.","Info: Your log entry has been removed by the cache owner.","Info: Your log entry has been removed by the cache owner.","","Info: Your log entry has been removed by the cache owner.",""
"1433","Selection of city","9:./templates2/ocstyle/search_selectlocid.tpl","Ortsauswahl","Selection of city","Selection of city","Selection of city","","Selection of city",""
"1434","Total of %1 cities matched","9:./templates2/ocstyle/search_selectlocid.tpl","Insgesamt %1 Ortschaften gefunden","Total of %1 cities matched","Total of %1 cities matched","Total of %1 cities matched","","Total of %1 cities matched",""
"1435","For the search criterion no clear result was found. Please choose the desired location:","12:./templates2/ocstyle/search_selectlocid.tpl","Für das Suchkriterium wurde kein eindeutiges Ergebnis gefunden. Bitte wähle die gewünschte Ortschaft aus:","For the search criterion no clear result was found. Please choose the desired location:","For the search criterion no clear result was found. Please choose the desired location:","For the search criterion no clear result was found. Please choose the desired location:","","For the search criterion no clear result was found. Please choose the desired location:",""
"1436","Add log-entry for the cache %1","191:./templates2/ocstyle/log_cache.tpl","Logeintrag f&uuml;r den Cache %1 hinzuf&uuml;gen","Add log-entry for the cache %1","Add log-entry for the cache %1","Add log-entry for the cache %1","","Add log-entry for the cache %1",""
"1437","Cachename is invalid","25:./lang/de/ocstyle/editcache.inc.php","Cachename ung&uuml;ltig","Cachename is invalid","Cachename is invalid","Cachename is invalid","","Cachename is invalid",""
"1438","The used coordinates are invalid.","27:./lang/de/ocstyle/editcache.inc.php","Die angegebene Koordinate ist ung&uuml;ltig.","The used coordinates are invalid.","The used coordinates are invalid.","The used coordinates are invalid.","","The used coordinates are invalid.",""
"1439","The entered time is invalid.","28:./lang/de/ocstyle/editcache.inc.php","Die eingebebene Zeit ist ung&uuml;ltig.","The entered time is invalid.","The entered time is invalid.","The entered time is invalid.","","The entered time is invalid.",""
"1440","The distance you have entered is invalid. Format aa.aaa","29:./lang/de/ocstyle/editcache.inc.php","Die eingegebene Strecke ist ungültig. Format aa.aaa","The distance you have entered is invalid. Format aa.aaa","The distance you have entered is invalid. Format aa.aaa","The distance you have entered is invalid. Format aa.aaa","","The distance you have entered is invalid. Format aa.aaa",""
"1441","The cache-status does not fit to your publishing options","31:./lang/de/ocstyle/editcache.inc.php","Der Cachestatus paßt nicht zu den Veröffentlichungsoptionen.","The cache-status does not fit to your publishing options","The cache-status does not fit to your publishing options","The cache-status does not fit to your publishing options","","The cache-status does not fit to your publishing options",""
"1442","Choose both valuations!","33:./lang/de/ocstyle/editcache.inc.php","Wähle beide Bewertungsangaben aus!","Choose both valuations!","Choose both valuations!","Choose both valuations!","","Choose both valuations!",""
"1443","No pictures available","36:./lang/de/ocstyle/editcache.inc.php","Keine Bilder vorhanden","No pictures available","Geen afbeeldingen beschikbaar","No pictures available","","No pictures available",""
"1444","%1 caches<span style=""%2""> matched</span>","59:./templates2/ocstyle/search.result.caches.tpl","%1 Caches<span style=""%2""> gefunden</span>","%1 caches<span style=""%2""> matched</span>","%1 caches<span style=""%2""> matched</span>","%1 caches<span style=""%2""> matched</span>","","%1 caches<span style=""%2""> matched</span>",""
"1445","Result %1 to %2 (as zip)","98:./templates2/ocstyle/search.result.caches.tpl","Einträge %1 bis %2 (als zip)","Result %1 to %2 (as zip)","Resultaat %1 tot %2 (als zip)","Result %1 to %2 (as zip)","","Result %1 to %2 (as zip)",""
"1446","This description was created on another Opencaching-webserver and can only be deleted there.","18:./lang/de/ocstyle/removedesc.inc.php","Diese Beschreibung wurde auf einem anderen Opencaching-Webserver erstellt und kann nur auf diesem gelöscht werden.","This description was created on another Opencaching-webserver and can only be deleted there.","This description was created on another Opencaching-webserver and can only be deleted there.","This description was created on another Opencaching-webserver and can only be deleted there.","","This description was created on another Opencaching-webserver and can only be deleted there.",""
"1447","The cache description has been deleted","20:./lang/de/ocstyle/removedesc.inc.php","Die Cache Beschreibung wurde gel&ouml;scht.","The cache description has been deleted","The cache description has been deleted","The cache description has been deleted","","The cache description has been deleted",""
"1448","Delete this cache description","21:./lang/de/ocstyle/removedesc.inc.php","Cachebeschreibung l&ouml;schen","Delete this cache description","Delete this cache description","Delete this cache description","","Delete this cache description",""
"1451","Please do not use any images that are hosted on geocaching.com. Upload your fotos instead on our server as well.","","Bitte verwende keine Bilder, die auf geocaching.com gehostet sind. Lade sie statt dessen auch auf unseren Server.","Please do not use any images that are hosted on geocaching.com. Upload your fotos instead on our server as well.","Please do not use any images that are hosted on geocaching.com. Upload your fotos instead on our server as well.","Por favor, no uses las imágenes que se alojan en geocaching.com. Sube tus fotos a nuestro servidor.","","Please do not use any images that are hosted on geocaching.com. Upload your fotos instead on our server as well.",""
"1452","Encrypted note:","88:./lang/de/ocstyle/editdesc.tpl.php","Verschlüsselter Hinweis:","Encrypted note:","Encrypted note:","Encrypted note:","","Encrypted note:",""
"1453","Do you really want to delete this description of your cache &quot;{cachename}&quot;","25:./lang/de/ocstyle/removedesc.tpl.php","Möchtest du wirklich diese Beschreibung deines Cache &quot;{cachename}&quot; löschen?","Do you really want to delete this description of your cache &quot;{cachename}&quot;","Do you really want to delete this description of your cache &quot;{cachename}&quot;","Do you really want to delete this description of your cache &quot;{cachename}&quot;","","Do you really want to delete this description of your cache &quot;{cachename}&quot;",""
"1454","Yes, delete cache description","26:./lang/de/ocstyle/removedesc.tpl.php","Ja, Cachebeschreibung l&ouml;schen","Yes, delete cache description","Ja, verwijder de cachebeschrijving","Yes, delete cache description","","Yes, delete cache description",""
"1455","Submit cache","19:./lang/de/ocstyle/newcache.inc.php","Cache&nbsp;senden","Submit cache","Submit cache","Submit cache","","Submit cache",""
"1456","Format: DD-MM-YYYY","25:./lang/de/ocstyle/newcache.inc.php","Format:&nbsp;TT-MM-JJJJ","Format: DD-MM-YYYY","Formaat: DD-MM-JJJJ","Format: DD-MM-YYYY","","Format: DD-MM-YYYY",""
"1457","Some errors occurred, please check the marked fields.","24:./lang/de/ocstyle/editcache.inc.php","Es sind Fehler aufgetreten, bitte unten markierte Fehler beheben!","Some errors occurred, please check the marked fields.","Some errors occurred, please check the marked fields.","Some errors occurred, please check the marked fields.","","Some errors occurred, please check the marked fields.",""
"1458","Your entered coordinates are invalid","28:./lang/de/ocstyle/newcache.inc.php","Die angegebenen Koordinaten sind ung&uuml;ltig.","Your entered coordinates are invalid","Your entered coordinates are invalid","Your entered coordinates are invalid","","Your entered coordinates are invalid",""
"1459","The entered distance is invalid, Format: aa.aaa","32:./lang/de/ocstyle/newcache.inc.php","Die eingegebene Strecke ist ungültig. Format aa.aaa","The entered distance is invalid, Format: aa.aaa","The entered distance is invalid, Format: aa.aaa","The entered distance is invalid, Format: aa.aaa","","The entered distance is invalid, Format: aa.aaa",""
"1460","Invalid date, format:&nbsp;DD-MM-JJJJ","33:./lang/de/ocstyle/newcache.inc.php","Datum nicht g&uuml;ltig,&nbsp;Format:&nbsp;TT-MM-JJJJ","Invalid date, format:&nbsp;DD-MM-JJJJ","Invalid date, format:&nbsp;DD-MM-JJJJ","Invalid date, format:&nbsp;DD-MM-JJJJ","","Invalid date, format:&nbsp;DD-MM-JJJJ",""
"1461","The cache can only be adopted if you agree our terms of use.","35:./lang/de/ocstyle/newcache.inc.php","Der Cache kann nur &uuml;bernommen werden, wenn unseren Nutzungsbedingungen zugestimmt wird.","The cache can only be adopted if you agree our terms of use.","The cache can only be adopted if you agree our terms of use.","The cache can only be adopted if you agree our terms of use.","","The cache can only be adopted if you agree our terms of use.",""
"1463","No cache-type is chosen.","36:./lang/de/ocstyle/newcache.inc.php","Kein Cachetyp ausgewählt!","No cache-type is chosen.","No cache-type is chosen.","No cache-type is chosen.","","No cache-type is chosen.",""
"1464","No cache-size is chosen.","37:./lang/de/ocstyle/newcache.inc.php","Keine Cachegröße ausgewählt!","No cache-size is chosen.","No cache-size is chosen.","No cache-size is chosen.","","No cache-size is chosen.",""
"1466","Your cache is successfully added to the database. You will be redirected to the cache page, now.","43:./lang/de/ocstyle/newcache.inc.php","Dein Cache wurde in der Datenbank eingetragen. Du wirst nun auf die Cacheseite weitergeleitet.","Your cache is successfully added to the database. You will be redirected to the cache page, now.","Your cache is successfully added to the database. You will be redirected to the cache page, now.","Your cache is successfully added to the database. You will be redirected to the cache page, now.","","Your cache is successfully added to the database. You will be redirected to the cache page, now.",""
"1467","Select","45:./lang/de/ocstyle/newcache.inc.php","wählen","Select","Selecteer","Select","","Select",""
"1468","(internal error) The description is not available.","21:./lang/de/ocstyle/editdesc.inc.php","(Interner Fehler) Die Beschreibung wurde nicht gefunden.","(internal error) The description is not available.","(internal error) The description is not available.","(internal error) The description is not available.","","(internal error) The description is not available.",""
"1469","(internal error) There already exists a description for this language.","22:./lang/de/ocstyle/editdesc.inc.php","(Interner Fehler) Es existiert bereits eine Beschreibung mit dieser Sprache.","(internal error) There already exists a description for this language.","(internal error) There already exists a description for this language.","(internal error) There already exists a description for this language.","","(internal error) There already exists a description for this language.",""
"1471","There already exists a description in this language.","21:./lang/de/ocstyle/newdesc.inc.php","Es existiert bereits eine Beschreibung in dieser Sprache.","There already exists a description in this language.","There already exists a description in this language.","There already exists a description in this language.","","There already exists a description in this language.",""
"1473","Are you sure to remove your log entry?","28:./lang/de/ocstyle/removelog_logowner.tpl.php","Bist du sicher, dass dein Logeintrag entfernt werden soll?","Are you sure to remove your log entry?","Are you sure to remove your log entry?","Are you sure to remove your log entry?","","Are you sure to remove your log entry?",""
"1475","A database command could not be performed.","68:./lang/de/ocstyle/varset.inc.php","Ein Datenbankbefehl konnte nicht ausgeführt werden.","A database command could not be performed.","A database command could not be performed.","A database command could not be performed.","","A database command could not be performed.",""
"1476","Edit cache <a href=""viewcache.php?cacheid={cacheid}"">{name}</a>","111:./lang/de/ocstyle/editcache.tpl.php","Cache <a href=""viewcache.php?cacheid={cacheid}"">{name}</a> bearbeiten","Edit cache <a href=""viewcache.php?cacheid={cacheid}"">{name}</a>","Edit cache <a href=""viewcache.php?cacheid={cacheid}"">{name}</a>","Edit cache <a href=""viewcache.php?cacheid={cacheid}"">{name}</a>","","Edit cache <a href=""viewcache.php?cacheid={cacheid}"">{name}</a>",""
"1477","offer for adoption","128:./lang/de/ocstyle/editcache.tpl.php","zur Adoption anbieten","offer for adoption","offer for adoption","offer for adoption","","offer for adoption",""
"1478","Status:","136:./lang/de/ocstyle/editcache.tpl.php","Status:","Status:","Status:","Status:","","Status:",""
"1479","Waypoint search","222:./lang/de/ocstyle/main.tpl.php","Wegpunkt-Suche:","Waypoint search","Waypoint search","Waypoint search","Szukaj-Waypoint","Waypoint search",""
"1480","Country sites","244:./lang/de/ocstyle/main.tpl.php","Länderseiten","Country sites","Sites per land","Country sites","","Country sites",""
"1482","Waypoints:","224:./lang/de/ocstyle/newcache.tpl.php","Wegpunkte:","Waypoints:","Waypoints:","Waypoints:","","Waypoints:",""
"1483","&nbsp;","70:./lang/de/ocstyle/editcache.inc.php","&nbsp;","&nbsp;","&nbsp;","&nbsp;","","&nbsp;",""
"1486","If your browser does not support automatic forwarding please click here.","59:./lang/de/ocstyle/redirect.tpl.php","Sollte dein Browser keine automatische Weiterleitung unterstützen, klicke bitte hier.","If your browser does not support automatic forwarding please click here.","If your browser does not support automatic forwarding please click here.","If your browser does not support automatic forwarding please click here.","","If your browser does not support automatic forwarding please click here.",""
"1489","EN","56:./lang/de/ocstyle/editcache.inc.php","DE","EN","EN","EN","","EN",""
"1490","Password:","41:./lang/de/ocstyle/login.tpl.php","Passwort:","Password:","Wachtwoord:","Password:","Hasło","Password:","Пароль"
"1491","edit cache description for <a href=""viewcache.php?cacheid={cacheid}"">{cachename}</a>","32:./lang/de/ocstyle/editdesc.tpl.php","Cachebeschreibung für <a href=""viewcache.php?cacheid={cacheid}"">{cachename}</a> bearbeiten","edit cache description for <a href=""viewcache.php?cacheid={cacheid}"">{cachename}</a>","edit cache description for <a href=""viewcache.php?cacheid={cacheid}"">{cachename}</a>","edit cache description for <a href=""viewcache.php?cacheid={cacheid}"">{cachename}</a>","","edit cache description for <a href=""viewcache.php?cacheid={cacheid}"">{cachename}</a>",""
"1494","Add","18:./lang/de/ocstyle/newdesc.inc.php","Hinzufügen","Add","Add","Add","","Add",""
"1495","Enter a name, please!","76:./templates2/ocstyle/search.tpl","Bitte im Namensfeld etwas eingeben!","Enter a name, please!","Enter a name, please!","Enter a name, please!","","Enter a name, please!",""
"1496","Fill out the text field, please!","87:./templates2/ocstyle/search.tpl","Bitte im Textfeld etwas eingeben!","Fill out the text field, please!","Fill out the text field, please!","Fill out the text field, please!","","Fill out the text field, please!",""
"1497","You have to check at least one field!","97:./templates2/ocstyle/search.tpl","Es muss mindestens ein Feld angekreuzt sein!","You have to check at least one field!","You have to check at least one field!","You have to check at least one field!","","You have to check at least one field!",""
"1498","Longitude must be a number!\nFormat: hh° mm.mmm","109:./templates2/ocstyle/search.tpl","Der Längengrad muss eine Zahl sein!\nFormat: hh° mm.mmm","Longitude must be a number!\nFormat: hh° mm.mmm","Longitude must be a number!\nFormat: hh° mm.mmm","Longitude must be a number!\nFormat: hh° mm.mmm","","Longitude must be a number!\nFormat: hh° mm.mmm",""
"1499","Latitude must be a number!\nFormat: hh° mm.mmm","115:./templates2/ocstyle/search.tpl","Der Breitengrad muss eine Zahl sein!\nFormat: hh° mm.mmm","Latitude must be a number!\nFormat: hh° mm.mmm","Latitude must be a number!\nFormat: hh° mm.mmm","Latitude must be a number!\nFormat: hh° mm.mmm","","Latitude must be a number!\nFormat: hh° mm.mmm",""
"1500","The maximum distance must be a number!","27:./templates2/ocstyle/search.tpl","Die maximale Entfernung muss eine Zahl sein!","The maximum distance must be a number!","The maximum distance must be a number!","The maximum distance must be a number!","","The maximum distance must be a number!",""
"1501","The distance must range between 0 and 9999.","33:./templates2/ocstyle/search.tpl","Zulässiger Wert für max. Entfernung: 0 - 9999","The distance must range between 0 and 9999.","The distance must range between 0 and 9999.","The distance must range between 0 and 9999.","","The distance must range between 0 and 9999.",""
"1502","Enter the postal code, please!","","Bitte im Feld für Postleitzahl etwas eingeben!","Enter the postal code, please!","Enter the postal code, please!","¡Introduce el código postal, por favor!","","Enter the postal code, please!",""
"1503","Enter the city, please!","","Bitte im Feld für Ort etwas eingeben!","Enter the city, please!","Enter the city, please!","¡Introduce una poblacion, por favor!","","Enter the city, please!",""
"1504","Enter the owner, please!","154:./templates2/ocstyle/search.tpl","Bitte im Feld für Besitzer etwas eingeben!","Enter the owner, please!","Enter the owner, please!","Enter the owner, please!","","Enter the owner, please!",""
"1505","Enter the username, please!","165:./templates2/ocstyle/search.tpl","Bitte im Feld für Finder etwas eingeben!","Enter the username, please!","Enter the username, please!","Enter the username, please!","","Enter the username, please!",""
"1506","also listed at GC.com","371:./templates2/ocstyle/search.tpl","auch bei GC.com veröffentlichte","also listed at GC.com","ook op GC.com gepubliceerd","also listed at GC.com","","also listed at GC.com",""
"1507","The selected output format is unknown!","11:./templates2/ocstyle/search.tpl.inc.php","Das ausgewählte Ausgabeformat existiert nicht!","The selected output format is unknown!","The selected output format is unknown!","The selected output format is unknown!","","The selected output format is unknown!",""
"1508","The search operation could not be executed, please reenter the search data.","12:./templates2/ocstyle/search.tpl.inc.php","Die Suchanfrage konnte nicht ausgeführt werden; bitte gib die Suchdaten erneut ein.","The search operation could not be executed, please reenter the search data.","The search operation could not be executed, please reenter the search data.","The search operation could not be executed, please reenter the search data.","","The search operation could not be executed, please reenter the search data.",""
"1509","Find","","Gefunden","Find","Gevonden","Encontrar","","Find",""
"1512","The postal code could not be found.","17:./templates2/ocstyle/search.tpl.inc.php","Die Postleitzahl wurde nicht gefunden.","The postal code could not be found.","The postal code could not be found.","The postal code could not be found.","","The postal code could not be found.",""
"1513","There is no city with this name.","18:./templates2/ocstyle/search.tpl.inc.php","Es wurde kein Ort mit diesem Namen gefunden.","There is no city with this name.","There is no city with this name.","There is no city with this name.","","There is no city with this name.",""
"1514","There are no coordinates available for the selected city.","19:./templates2/ocstyle/search.tpl.inc.php","Für den ausgewählten Ort sind keine Koordinaten vorhanden.","There are no coordinates available for the selected city.","There are no coordinates available for the selected city.","There are no coordinates available for the selected city.","","There are no coordinates available for the selected city.",""
"1516","The entered text is invalid.","23:./templates2/ocstyle/search.tpl.inc.php","Der eingegebene Text ist ungültig.","The entered text is invalid.","The entered text is invalid.","The entered text is invalid.","","The entered text is invalid.",""
"1517","The entered text contains more than 50 words.","24:./templates2/ocstyle/search.tpl.inc.php","Der eingegebene Text enthält mehr als 50 Wörter.","The entered text contains more than 50 words.","The entered text contains more than 50 words.","The entered text contains more than 50 words.","","The entered text contains more than 50 words.",""
"1518","All countries","448:./templates2/ocstyle/search.tpl","Alle Länder","All countries","Alle landen","All countries","","All countries",""
"1521","This cache has been created on another Opencaching website. The cache can only be edited there.","21:./lang/de/ocstyle/editcache.inc.php","Dieser Cache wurde auf einem anderen Opencaching-Webserver erstellt und kann nur auf diesem bearbeitet werden.","This cache has been created on another Opencaching website. The cache can only be edited there.","This cache has been created on another Opencaching website. The cache can only be edited there.","This cache has been created on another Opencaching website. The cache can only be edited there.","","This cache has been created on another Opencaching website. The cache can only be edited there.",""
"1522","Save options","70:./templates2/ocstyle/search.result.caches.tpl","Optionen speichern","Save options","Opties opslaan","Save options","","Save options",""
"1523","Edit options","71:./templates2/ocstyle/search.result.caches.tpl","Optionen bearbeiten","Edit options","Opties bewerken","Edit options","","Edit options",""
"1524","Type","18:./templates2/ocstyle/myignores.tpl","Typ","Type","Soort","Type","","Type","Тип"
"1525","Last logs","168:./templates2/ocstyle/search.result.caches.tpl","Letzte Logs","Last logs","Laatste logs","Last logs","","Last logs",""
"1526","Downloads","","Downloads","Downloads","Downloads","Descargas","","Downloads",""
"1527","Results on this page:","200:./templates2/ocstyle/search.result.caches.tpl","Einträge auf dieser Seite:","Results on this page:","Resultaat op deze pagina:","Results on this page:","","Results on this page:",""
"1529","With the download you accept the <a href=""articles.php?page=impressum#tos"">terms of use</a> from opencaching.de.&nbsp;&nbsp;","219:./templates2/ocstyle/search.result.caches.tpl","Mit dem Download werden die <a href=""articles.php?page=impressum#tos"">Nutzungsbedingungen</a> von Opencaching.de akzeptiert.&nbsp;&nbsp;","With the download you accept the <a href=""articles.php?page=impressum#tos"">terms of use</a> from opencaching.de.&nbsp;&nbsp;","With the download you accept the <a href=""articles.php?page=impressum#tos"">terms of use</a> from opencaching.de.&nbsp;&nbsp;","With the download you accept the <a href=""articles.php?page=impressum#tos"">terms of use</a> from opencaching.de.&nbsp;&nbsp;","","With the download you accept the <a href=""articles.php?page=impressum#tos"">terms of use</a> from opencaching.de.&nbsp;&nbsp;",""
"1530","This log entry has been created on another Opencaching website. It can only be edited there.","19:./lang/de/ocstyle/editlog.inc.php","Dieser Logeintrag wurde auf einem anderen Opencaching-Webserver erstellt und kann nur auf diesem bearbeitet werden.","This log entry has been created on another Opencaching website. It can only be edited there.","This log entry has been created on another Opencaching website. It can only be edited there.","This log entry has been created on another Opencaching website. It can only be edited there.","","This log entry has been created on another Opencaching website. It can only be edited there.",""
"1531","This description has been created on another Opencaching website. It can only be edited there.","17:./lang/de/ocstyle/editdesc.inc.php","Diese Beschreibung wurde auf einem anderen Opencaching-Webserver erstellt und kann nur auf diesem bearbeitet werden.","This description has been created on another Opencaching website. It can only be edited there.","This description has been created on another Opencaching website. It can only be edited there.","This description has been created on another Opencaching website. It can only be edited there.","","This description has been created on another Opencaching website. It can only be edited there.",""
"1532","The owner of the cache has written you the following comment to you:","31:./lang/de/ocstyle/removelog.inc.php","Der Besitzer des Caches hat dir folgende Bemerkung geschrieben:","The owner of the cache has written you the following comment to you:","The owner of the cache has written you the following comment to you:","The owner of the cache has written you the following comment to you:","","The owner of the cache has written you the following comment to you:",""
"1533","For virtual and webcam caches, the cache size has to be -no container-!","30:./lang/de/ocstyle/editcache.inc.php","Cachegröße für Virtual oder Webcam muß 'kein Behälter' sein!","For virtual and webcam caches, the cache size has to be -no container-!","For virtual and webcam caches, the cache size has to be -no container-!","For virtual and webcam caches, the cache size has to be -no container-!","","For virtual and webcam caches, the cache size has to be -no container-!",""
"1537","Your HTML code will be changed again by a special filter. This is necessary to avoid dangerous HTML-tags, such as &lt;script&gt;. A list of allowed HTML tags can be find <a href=""articles.php?page=htmltags"">here</a>.","78:./lang/de/ocstyle/varset.inc.php","Dein HTML-Code wird nochmals durch einen speziellen Filter verändert. Dies ist notwendig um gefährliche HTML-Tages wie z.B. &lt;script&gt; zu filtern. Eine Liste mit erlaubten HTML-Tags findest du <a href=""articles.php?page=htmltags"">hier</a>.","Your HTML code will be changed again by a special filter. This is necessary to avoid dangerous HTML-tags, such as &lt;script&gt;. A list of allowed HTML tags can be find <a href=""articles.php?page=htmltags"">here</a>.","Your HTML code will be changed again by a special filter. This is necessary to avoid dangerous HTML-tags, such as &lt;script&gt;. A list of allowed HTML tags can be find <a href=""articles.php?page=htmltags"">here</a>.","Your HTML code will be changed again by a special filter. This is necessary to avoid dangerous HTML-tags, such as &lt;script&gt;. A list of allowed HTML tags can be find <a href=""articles.php?page=htmltags"">here</a>.","","Your HTML code will be changed again by a special filter. This is necessary to avoid dangerous HTML-tags, such as &lt;script&gt;. A list of allowed HTML tags can be find <a href=""articles.php?page=htmltags"">here</a>.",""
"1538","Language:","","Sprache:","Language:","Taal:","Language:","","Language:","Язык:"
"1539","Didn't find","","Nicht gefunden","Didn't find","Niet gevonden","Didn't find","","Didn't find",""
"1541","Only at night","0:table:cache_attrib;field=name","nur bei Nacht","Only at night","Alleen 's nachts","Only at night","","Only at night","Ночной"
"1542","Hyperlink to another caching portal only","0:table:cache_attrib;field=name","nur Hyperlink zu OC-externen Portalen","Hyperlink to another caching portal only","Hyperlink to another caching portal only","Hyperlink to another caching portal only","","Hyperlink to another caching portal only",""
"1543","Letterbox (needs stamp)","0:table:cache_attrib;field=name","Letterbox (benötigt Stempel)","Letterbox (needs stamp)","Letterbox (needs stamp)","Letterbox (needs stamp)","","Letterbox (needs stamp)",""
"1544","Dangerous area","0:table:cache_attrib;field=name","gefährliches Gebiet","Dangerous area","Gevaarlijk gebied","Dangerous area","","Dangerous area","Опасная зона"
"1545","This geocache can be found at night only - it is a so-called <i>night cache</i>. There may be reflectors which have to be flashlighted and will point to the hiding place, or other special night-caching mechanisms.","0:table:cache_attrib;field=html_desc","Der Geocache kann nur bei Nacht gel&ouml;st werden und wird deshalb Nachtcache genannt. Zum Beispiel m&uuml;ssen Reflektoren mit einer Taschenlampe angeleuchtet werden, die dann den Weg zum Versteck zeigen. Bitte ggf. auch das Attribut &quot;Taschenlampe&quot; setzen.","This geocache can be found at night only - it is a so-called <i>night cache</i>. There may be reflectors which have to be flashlighted and will point to the hiding place, or other special night-caching mechanisms.","This geocache can be found at night only - it is a so-called <i>night cache</i>. There may be reflectors which have to be flashlighted and will point to the hiding place, or other special night-caching mechanisms.","This geocache can be found at night only - it is a so-called <i>night cache</i>. There may be reflectors which have to be flashlighted and will point to the hiding place, or other special night-caching mechanisms.","","This geocache can be found at night only - it is a so-called <i>night cache</i>. There may be reflectors which have to be flashlighted and will point to the hiding place, or other special night-caching mechanisms.",""
"1546","This geocache is listed at Opencaching only. This attribute will enable users of other geocaching platforms to find interesting OC caches quickly.","0:table:cache_attrib;field=html_desc","Der Geocache ist nur bei Opencaching gelistet. Benutzer von anderen Geocache-Datenbanken haben so einen schnellen &Uuml;berblick, welche Geocaches es sich lohnt n&auml;her anzusehen.","This geocache is listed at Opencaching only. This attribute will enable users of other geocaching platforms to find interesting OC caches quickly.","This geocache is listed at Opencaching only. This attribute will enable users of other geocaching platforms to find interesting OC caches quickly.","This geocache is listed at Opencaching only. This attribute will enable users of other geocaching platforms to find interesting OC caches quickly.","","This geocache is listed at Opencaching only. This attribute will enable users of other geocaching platforms to find interesting OC caches quickly.",""
"1548","There is a stamp in the cache for stamping your personal logbook, and the cache’s logbook will be stamped with your personal stamp. Take care not to mix up stamps and to leave the cache’s stamp in the cache! Frequently letterboxes can be found without GPS, maybe with a compass and paces from a location - add the ""without GPS"" attribute for those.","0:table:cache_attrib;field=html_desc","In dem Beh&auml;lter vor Ort befindet sich ein Stempel, mit dem man sein pers&ouml;nliches Logbuch abstempeln kann. Das Logbuch im Geocache wird ebenfalls mit einem pers&ouml;nlichen Stempel signiert. Bitte achte unbedingt darauf, dass du den Stempel aus dem Geocache nicht mitnimmst oder tauschst! Die Aufgaben bei Letterboxen sind h&auml;ufig so gestaltet, dass man den Geocache auch ohne GPS-Ger&auml;t finden kann - wie bei einer klassichen Schnitzeljagd. Dann bitte auch das Attribut &quot;ohne GPS&quot; angeben.","There is a stamp in the cache for stamping your personal logbook, and the cache’s logbook will be stamped with your personal stamp. Take care not to mix up stamps and to leave the cache’s stamp in the cache! Frequently letterboxes can be found without GPS, maybe with a compass and paces from a location - add the ""without GPS"" attribute for those.","There is a stamp in the cache for stamping your personal logbook, and the cache’s logbook will be stamped with your personal stamp. Take care not to mix up stamps and to leave the cache’s stamp in the cache! Frequently letterboxes can be found without GPS, maybe with a compass and paces from a location - add the ""without GPS"" attribute for those.","There is a stamp in the cache for stamping your personal logbook, and the cache’s logbook will be stamped with your personal stamp. Take care not to mix up stamps and to leave the cache’s stamp in the cache! Frequently letterboxes can be found without GPS, maybe with a compass and paces from a location - add the ""without GPS"" attribute for those.","","There is a stamp in the cache for stamping your personal logbook, and the cache’s logbook will be stamped with your personal stamp. Take care not to mix up stamps and to leave the cache’s stamp in the cache! Frequently letterboxes can be found without GPS, maybe with a compass and paces from a location - add the ""without GPS"" attribute for those.",""
"1549","The cache is located within a dangerous area. Use this attribute to mark non-obvious dangers, like high-traffic roads, steep ground or falling rocks. Security measures should be taken or the cache be omitted, especially when geocaching with children, large groups or at unfavourable weather conditions.","0:table:cache_attrib;field=html_desc","In dem Gebiet, wo der Geocache versteckt wurde, ist mit Gefahren zu rechnen. Mit diesem Attribut kann man auch auf Gefahren aufmerksam machen, die nicht auf den ersten Blick offensichtlich sind. Das k&ouml;nnen z.B. stark befahrene Stra&szlig;en, steile Abh&auml;nge oder Steinschlag sein. Deshalb sollte man bei Geocaching-Touren mit Kindern oder gr&ouml;&szlig;eren Gruppen entsprechende Vorsichtsma&szlig;nahmen ergreifen und je nachdem auch auf die Witterung achten (z.B. Regen bei steilen Abh&auml;ngen). N&auml;heres zu den Gefahren ist in der Cachebeschreibung erl&auml;utert.","The cache is located within a dangerous area. Use this attribute to mark non-obvious dangers, like high-traffic roads, steep ground or falling rocks. Security measures should be taken or the cache be omitted, especially when geocaching with children, large groups or at unfavourable weather conditions.","The cache is located within a dangerous area. Use this attribute to mark non-obvious dangers, like high-traffic roads, steep ground or falling rocks. Security measures should be taken or the cache be omitted, especially when geocaching with children, large groups or at unfavourable weather conditions.","The cache is located within a dangerous area. Use this attribute to mark non-obvious dangers, like high-traffic roads, steep ground or falling rocks. Security measures should be taken or the cache be omitted, especially when geocaching with children, large groups or at unfavourable weather conditions.","","The cache is located within a dangerous area. Use this attribute to mark non-obvious dangers, like high-traffic roads, steep ground or falling rocks. Security measures should be taken or the cache be omitted, especially when geocaching with children, large groups or at unfavourable weather conditions.",""
"1550","Active railway nearby","0:table:cache_attrib;field=name","aktive Eisenbahnlinie in der Nähe","Active railway nearby","Active railway nearby","Active railway nearby","","Active railway nearby","Железная дорога"
"1551","Cliff / Rocks","0:table:cache_attrib;field=name","Klippen / Felsen","Cliff / Rocks","Cliff / Rocks","Cliff / Rocks","","Cliff / Rocks",""
"1552","Hunting","0:table:cache_attrib;field=name","Jagdgebiet","Hunting","Hunting","Hunting","","Hunting","Охота"
"1553","Thorns","0:table:cache_attrib;field=name","Dornen","Thorns","Doornen","Thorns","","Thorns","Колючки"
"1554","Ticks","0:table:cache_attrib;field=name","Zecken","Ticks","Teken","Ticks","","Ticks","Клещи"
"1555","Abandoned mines","0:table:cache_attrib;field=name","Folgen des Bergbaus","Abandoned mines","Verlaten mijnen","Abandoned mines","","Abandoned mines","Заброшенные шахты"
"1556","Poisonous plants","0:table:cache_attrib;field=name","giftige Pflanzen","Poisonous plants","Giftige planten","Poisonous plants","","Poisonous plants","Ядовитые растения"
"1557","Dangerous animals","0:table:cache_attrib;field=name","giftige/gefährliche Tiere","Dangerous animals","Gevaarlijke dieren","Dangerous animals","","Dangerous animals","Опасные животные"
"1558","Parking area nearby","0:table:cache_attrib;field=name","Parkplatz in der Nähe","Parking area nearby","Parkeerplaats in de buurt","Parking area nearby","","Parking area nearby","Парковка"
"1559","Public transportation","0:table:cache_attrib;field=name","erreichbar mit ÖVM","Public transportation","Openbaar vervoer","Public transportation","","Public transportation","Общественный транспорт"
"1560","Drinking water nearby","0:table:cache_attrib;field=name","Trinkwasser in der Nähe","Drinking water nearby","Drinkwater in de buurt","Drinking water nearby","","Drinking water nearby","Питьевая вода"
"1561","Public restrooms nearby","0:table:cache_attrib;field=name","öffentliche Toilette in der Nähe","Public restrooms nearby","Toilet beschikbaar in de buurt","Public restrooms nearby","","Public restrooms nearby","Туалет"
"1562","Public phone nearby","0:table:cache_attrib;field=name","Telefon in der Nähe","Public phone nearby","Openbare telefoon in de buurt","Public phone nearby","","Public phone nearby","Телефон"
"1563","First aid available","0:table:cache_attrib;field=name","Erste Hilfe verfügbar","First aid available","Eerste hulp beschikbaar","First aid available","","First aid available","Первая помощь"
"1564","Near the parking area","0:table:cache_attrib;field=name","nahe beim Auto","Near the parking area","In de buurt van parkeerplaats","Near the parking area","","Near the parking area",""
"1565","Long walk","0:table:cache_attrib;field=name","längere Wanderung","Long walk","Lange wandeling","Long walk","","Long walk",""
"1566","Swamp, marsh or wading","0:table:cache_attrib;field=name","sumpfiges/matschiges Gelände / waten","Swamp, marsh or wading","Swamp, marsh or wading","Swamp, marsh or wading","","Swamp, marsh or wading","Болото"
"1567","Hilly area","0:table:cache_attrib;field=name","hügeliges Gelände","Hilly area","Heuvelachtig gebied","Hilly area","","Hilly area","Холмистая местность"
"1568","Some climbing (no gear needed)","0:table:cache_attrib;field=name","leichtes Klettern (ohne Ausrüstung)","Some climbing (no gear needed)","Some climbing (no gear needed)","Some climbing (no gear needed)","","Some climbing (no gear needed)",""
"1569","Swimming required","0:table:cache_attrib;field=name","Schwimmen erforderlich","Swimming required","Swimming required","Swimming required","","Swimming required",""
"1570","Point of interest","0:table:cache_attrib;field=name","interessanter Ort","Point of interest","Interessant punt","Point of interest","","Point of interest",""
"1571","Moving target","0:table:cache_attrib;field=name","bewegliches Ziel","Moving target","Moving target","Moving target","","Moving target",""
"1572","Webcam","0:table:cache_attrib;field=name","Webcam am Ziel","Webcam","Webcam","Webcam","","Webcam",""
"1573","Wihin enclosed rooms (caves, buildings etc.)","0:table:cache_attrib;field=name","in geschlossenen Räumen (Höhle, Gebäude, etc.)","Wihin enclosed rooms (caves, buildings etc.)","Wihin enclosed rooms (caves, buildings etc.)","Wihin enclosed rooms (caves, buildings etc.)","","Wihin enclosed rooms (caves, buildings etc.)",""
"1575","Without GPS (letterboxes, cistes, compass juggling ...)","0:table:cache_attrib;field=name","ohne GPS (Letterboxen, Cistes, compass-juggling,...)","Without GPS (letterboxes, cistes, compass juggling ...)","Without GPS (letterboxes, cistes, compass juggling ...)","Without GPS (letterboxes, cistes, compass juggling ...)","","Without GPS (letterboxes, cistes, compass juggling ...)",""
"1576","Access or parking fee","0:table:cache_attrib;field=name","Zugangs- bzw. Parkentgelt","Access or parking fee","Access or parking fee","Access or parking fee","","Access or parking fee","Плата за вход или парковку"
"1577","Overnight stay necessary","0:table:cache_attrib;field=name","Übernachtung erforderlich","Overnight stay necessary","Overnight stay necessary","Overnight stay necessary","","Overnight stay necessary",""
"1578","Available 24 hours","0:table:cache_attrib;field=name","rund um die Uhr machbar","Available 24 hours","24 uur per dag beschikbaar","Available 24 hours","","Available 24 hours","Круглосуточный"
"1579","Only available at specified times","0:table:cache_attrib;field=name","nur zu bestimmten Uhrzeiten","Only available at specified times","Alleen beschikbaar binnen aangegeven tijden","Only available at specified times","","Only available at specified times",""
"1580","By day only","0:table:cache_attrib;field=name","nur tagsüber","By day only","Alleen overdag","By day only","","By day only","Дневной"
"1581","Not at high water level","0:table:cache_attrib;field=name","nicht bei Hochwasser oder Flut","Not at high water level","Niet bij hoge waterstand","Not at high water level","","Not at high water level",""
"1582","All seasons","0:table:cache_attrib;field=name","ganzjährig zugänglich","All seasons","Alle seizoenen","All seasons","","All seasons","Всесезонный"
"1583","Breeding season / protected nature","0:table:cache_attrib;field=name","Brutsaison / Naturschutz","Breeding season / protected nature","Broedseizoen / beschermd gebied","Breeding season / protected nature","","Breeding season / protected nature",""
"1584","Snow-proof hiding place","0:table:cache_attrib;field=name","schneesicheres Versteck","Snow-proof hiding place","Snow-proof hiding place","Snow-proof hiding place","","Snow-proof hiding place",""
"1585","Special equipment","0:table:cache_attrib;field=name","spezielle Ausrüstung","Special equipment","Speciale apparatuur","Special equipment","","Special equipment",""
"1586","Compass","0:table:cache_attrib;field=name","Kompass","Compass","Kompas","Compass","","Compass","Компас"
"1587","Flashlight","0:table:cache_attrib;field=name","Taschenlampe","Flashlight","Zaklamp","Flashlight","","Flashlight","Фонарь"
"1588","Climbing gear","0:table:cache_attrib;field=name","Kletterzeug","Climbing gear","Klimuitrusting","Climbing gear","","Climbing gear","Альпинистское снаряжение"
"1589","Cave equipment","0:table:cache_attrib;field=name","Höhlenzeug","Cave equipment","Grotuitrusting","Cave equipment","","Cave equipment","Пещерное снаряжение"
"1590","Diving equipment","0:table:cache_attrib;field=name","Taucherausrüstung","Diving equipment","Duikuitrusting","Diving equipment","","Diving equipment",""
"1591","Watercraft","0:table:cache_attrib;field=name","Wasserfahrzeug","Watercraft","Boot","Watercraft","","Watercraft","Плавсредство"
"1592","Aircraft","0:table:cache_attrib;field=name","Fluggerät","Aircraft","Vliegtuig","Aircraft","","Aircraft",""
"1593","Investigation","0:table:cache_attrib;field=name","Recherche","Investigation","Onderzoek","Investigation","","Investigation",""
"1594","Puzzle / Mystery","0:table:cache_attrib;field=name","Rätsel","Puzzle / Mystery","Puzzel / raadsel","Puzzle / Mystery","","Puzzle / Mystery","Головоломка"
"1595","Arithmetical problem","0:table:cache_attrib;field=name","Rechenaufgabe","Arithmetical problem","Rekenopgave","Arithmetical problem","","Arithmetical problem","Математическая задача"
"1596","Other cache type","0:table:cache_attrib;field=name","sonstiger Cachetyp","Other cache type","Ander cachesoort","Other cache type","","Other cache type",""
"1597","Ask owner for start conditions","0:table:cache_attrib;field=name","Startbedingungen beim Owner erfragen","Ask owner for start conditions","Start aanwijzingen aan plaatser vragen","Ask owner for start conditions","","Ask owner for start conditions",""
"1598","Suited for children","0:table:cache_attrib;field=name","kindgerecht","Suited for children","Kindvriendelijk","Suited for children","","Suited for children","Детский"
"1599","There are active railroads nearby. Please be careful, keep a safe distance and cross the rails only at level crossings etc.!","0:table:cache_attrib;field=html_desc","In der N&auml;he dieses Caches gibt es genutzte Eisenbahnlinien. Bitte seid entsprechend vorsichtig und achtet darauf, abseits von Bahn&uuml;berg&auml;ngen keine Gleise zu betreten.","There are active railroads nearby. Please be careful, keep a safe distance and cross the rails only at level crossings etc.!","Er zijn spoorlijnen dichtbij. Wees voorzichtig, blijf op veilige afstand van het spoor en steek over op de daarvoor bestemde plaatsen.","There are active railroads nearby. Please be careful, keep a safe distance and cross the rails only at level crossings etc.!","","There are active railroads nearby. Please be careful, keep a safe distance and cross the rails only at level crossings etc.!","Действующая железная дорога неподалёку. Будьте осторожны, держитесь на безопасной дистанции, будьте внимательны при переходе."
"1600","There are cliffs or dangerous rocks nearby. Beware of falling rocks at the lower side, and be careful at the upper side of cliffs - especially with children and while mountain biking. It can be very dangerous to take a steep slope towards a cliff, because you may not notice in time where the former ends and the latter starts.","0:table:cache_attrib;field=html_desc","In der N&auml;he des Caches gibt es Klippen oder Felsen. Unterhalb von Felsen sollte man auf Steinschlag achten, von der Oberseite der Klippen sollte man sich entsprechend vorsichtig n&auml;hern (insbesondere mit Kindern oder Mountainbikes). Besonders gef&auml;hrlich - und nicht immer erkennbar - ist es, sich &uuml;ber einen Steilhang von oben an eine Klippe zu n&auml;hern.","There are cliffs or dangerous rocks nearby. Beware of falling rocks at the lower side, and be careful at the upper side of cliffs - especially with children and while mountain biking. It can be very dangerous to take a steep slope towards a cliff, because you may not notice in time where the former ends and the latter starts.","Er zijn rotsen of gevaarlijke rotsen in de buurt. Pas op voor vallende stenen aan de onderkant, en wees voorzichtig aan de bovenzijde van de kliffen vooral met kinderen of mountainbikes. Het kan erg gevaarlijk zijn als er een afdaling is en zeker wanneer er niet op tijd een afgrond zichtbaar is.","There are cliffs or dangerous rocks nearby. Beware of falling rocks at the lower side, and be careful at the upper side of cliffs - especially with children and while mountain biking. It can be very dangerous to take a steep slope towards a cliff, because you may not notice in time where the former ends and the latter starts.","","There are cliffs or dangerous rocks nearby. Beware of falling rocks at the lower side, and be careful at the upper side of cliffs - especially with children and while mountain biking. It can be very dangerous to take a steep slope towards a cliff, because you may not notice in time where the former ends and the latter starts.",""
"1601","The geocache is placed within a hunting ground. At twilight and in the dark, a flashlight or headlight should always be used for security reasons. Be considerate when meeting hunters.","0:table:cache_attrib;field=html_desc","Der Geocache liegt in einem Jagdgebiet. Bei D&auml;mmerung oder Dunkelheit sollte man aus Sicherheitsgr&uuml;nden immer eine Taschenlampe oder Stirnlampe verwenden. Bei Begegnungen mit J&auml;gern ist gegenseitige R&uuml;cksichtnahme angebracht.","The geocache is placed within a hunting ground. At twilight and in the dark, a flashlight or headlight should always be used for security reasons. Be considerate when meeting hunters.","De cache is geplaatst in jachtgebied. In schemering of nacht is een zaklamp of hoofdlamp noodzakelijk voor de veiligheid. Wees er van bewust dan men jagers tegen kan komen.","The geocache is placed within a hunting ground. At twilight and in the dark, a flashlight or headlight should always be used for security reasons. Be considerate when meeting hunters.","","The geocache is placed within a hunting ground. At twilight and in the dark, a flashlight or headlight should always be used for security reasons. Be considerate when meeting hunters.","Тайник спрятан в охотничьих угодьях. Опасайтесь попасть под выстрел. В сумерках или темноте держите фонарь вклёченным в целях безопасности. "
"1602","There are thorns near the cache. Wear appropriate clothes.","0:table:cache_attrib;field=html_desc","In er N&auml;he des Geocaches gibt es Dornen. Ihr solltet f&uuml;r die Suche entsprechende Handschuhe und Kleidung parat haben.","There are thorns near the cache. Wear appropriate clothes.","In de nabijheid van de cache bevinden zich doornen. Draag beschermende kleding en eventueel handschoenen.","There are thorns near the cache. Wear appropriate clothes.","","There are thorns near the cache. Wear appropriate clothes.","Опасайтесь колючек. Носите подходящую одежду."
"1603","There are seasonably many ticks in this area. It is recommended to wear long trousers and to check yourself for ticks after geocaching. There are risk maps for <i>tick-borne encephalitis</i> in the internet, e.g. for Germany at sites like www.meningitis.de (look for FSME there).","0:table:cache_attrib;field=html_desc","Je nach Saison gibt es in dem Gebiet besonders viele Zecken. Es wird daher empfohlen, entsprechend lange Kleidung zu tragen und nach der Cachetour nach Zecken Ausschau zu halten. FSME-Risikogebiete und weitere Informationen zum Thema Zecken k&ouml;nnt ihr z.B. auf <a href=""http://www.meningitis.de"" target=""_blank"">www.meningitis.de</a> nachsehen.","There are seasonably many ticks in this area. It is recommended to wear long trousers and to check yourself for ticks after geocaching. There are risk maps for <i>tick-borne encephalitis</i> in the internet, e.g. for Germany at sites like www.meningitis.de (look for FSME there).","In bepaald seizoenen komen teken voor in dit gebied. Het wordt aanbevolen lange kleding te dragen en na het cachen de lichamen te controleren op teken. Er zijn risico kaarten <i>tick-borne encephalitis</i> op het internet te vinden. Voor Duitsland op www.meningitis.de (zoek op FSME).","There are seasonably many ticks in this area. It is recommended to wear long trousers and to check yourself for ticks after geocaching. There are risk maps for <i>tick-borne encephalitis</i> in the internet, e.g. for Germany at sites like www.meningitis.de (look for FSME there).","","There are seasonably many ticks in this area. It is recommended to wear long trousers and to check yourself for ticks after geocaching. There are risk maps for <i>tick-borne encephalitis</i> in the internet, e.g. for Germany at sites like www.meningitis.de (look for FSME there).","В летнее время опасайтесь клещей. Носите брюки, одежду с длинными рукавами, периодически осматривайте друг друга. Заранее позаботьтесь о прививках против клещевого энцефалита."
"1604","In the water","0:table:cache_attrib;field=name","Im Wasser","In the water","In het water","In the water","","In the water",""
"1605","This cache can be done both at daylight and at night, and on all weekdays.","0:table:cache_attrib;field=html_desc","Dieser Cache ist jederzeit machbar, sowohl am Tage als auch in der Nacht und an allen Wochentagen.","This cache can be done both at daylight and at night, and on all weekdays.","Deze cache is de doen bij dag en nacht, en alle weekdagen.","This cache can be done both at daylight and at night, and on all weekdays.","","This cache can be done both at daylight and at night, and on all weekdays.","Этот тайник можно искать хоть днём, хоть ночью."
"1606","This cache can only be done at certain times of day - see the cache description for more details. For example, the cache may be placed in an area with restricted opening hours.","0:table:cache_attrib;field=html_desc","Dieser Cache l&auml;sst sich nur zu bestimmten Tageszeiten absolvieren. N&auml;heres ist in der Cachebeschreibung angegeben. Der Cache kann zum Beispiel auf einem Gel&auml;nde mit festgelegten Öffnungszeiten versteckt sein.","This cache can only be done at certain times of day - see the cache description for more details. For example, the cache may be placed in an area with restricted opening hours.","Deze cache kan alleen worden gedaan op bepaalde tijdstippen van de dag - zie de beschrijving van de cache voor meer informatie. Bijvoorbeeld, de cache is geplaatst op een plek met beperkte openingstijden.","This cache can only be done at certain times of day - see the cache description for more details. For example, the cache may be placed in an area with restricted opening hours.","","This cache can only be done at certain times of day - see the cache description for more details. For example, the cache may be placed in an area with restricted opening hours.",""
"1607","This cache shoud be attempted during daylight only. For example, the area may be dangerous and contain cliffs or abysses. Or using flashlights may be inadvisable because it would look suspicious within a residential area.","0:table:cache_attrib;field=html_desc","Dieser Cache l&auml;sst sich nur tags&uuml;ber angehen. Ein Beispiel w&auml;ren Gebiete mit Klippen oder Abgr&uuml;nden. Ein anderes Beispiel sind Orte, an denen die Suche mit Taschenlampen in der Dunkelheit besonders negativ auffallen w&uuml;rde (z.B. Wohngebiete).","This cache shoud be attempted during daylight only. For example, the area may be dangerous and contain cliffs or abysses. Or using flashlights may be inadvisable because it would look suspicious within a residential area.","This cache shoud be attempted during daylight only. For example, the area may be dangerous and contain cliffs or abysses. Or using flashlights may be inadvisable because it would look suspicious within a residential area.","This cache shoud be attempted during daylight only. For example, the area may be dangerous and contain cliffs or abysses. Or using flashlights may be inadvisable because it would look suspicious within a residential area.","","This cache shoud be attempted during daylight only. For example, the area may be dangerous and contain cliffs or abysses. Or using flashlights may be inadvisable because it would look suspicious within a residential area.","Этот тайник можно искать только в светлое время суток. Например, скалистая местность с утёсами и обрывами опасна для посещения ночью, а в жилой местности использование фонарей может выглядеть подозрительно."
"1608","This cache can be done only at low or normal water level. At flood or high-tide it is not accessible.","0:table:cache_attrib;field=html_desc","Der Geocache kann nur bei bei niedrigem oder normalem Wasserstand bzw. bei Ebbe gesucht werden. Bei Hochwasser oder Flut ist er unzugänglich.","This cache can be done only at low or normal water level. At flood or high-tide it is not accessible.","This cache can be done only at low or normal water level. At flood or high-tide it is not accessible.","This cache can be done only at low or normal water level. At flood or high-tide it is not accessible.","","This cache can be done only at low or normal water level. At flood or high-tide it is not accessible.",""
"1609","This cache can be found the whole year round, while difficulty may depend on seasons. Specify difficulty for <i>good</i> conditions.","0:table:cache_attrib;field=html_desc","Dieser Cache l&auml;sst sich w&auml;hrend des gesamten Jahres finden, wobei je nach Jahreszeit die Schwierigkeit bei der Suche schwanken kann. Die Schwierigkeit soll bei guten Bedingungen angegeben werden.","This cache can be found the whole year round, while difficulty may depend on seasons. Specify difficulty for <i>good</i> conditions.","This cache can be found the whole year round, while difficulty may depend on seasons. Specify difficulty for <i>good</i> conditions.","This cache can be found the whole year round, while difficulty may depend on seasons. Specify difficulty for <i>good</i> conditions.","","This cache can be found the whole year round, while difficulty may depend on seasons. Specify difficulty for <i>good</i> conditions.","Тайник можно искать круглый год, но сложность может зависетьот сезона. Указывайте сложность для хороших условий."
"1610","Don’t seek this cache during animal breeding season! Please indicate in the cache description which time of year must be avoided. Also, pay attention to the local terms and signs regarding nature protection.","0:table:cache_attrib;field=html_desc","Dieser Cache sollte in der Brutsaison nicht absolviert werden. Bitte gib in der Beschreibung an, welche Jahreszeit davon betroffen ist. Achte bitte auch auf die örtliche Beschilderung zum Naturschutz.","Don’t seek this cache during animal breeding season! Please indicate in the cache description which time of year must be avoided. Also, pay attention to the local terms and signs regarding nature protection.","Don’t seek this cache during animal breeding season! Please indicate in the cache description which time of year must be avoided. Also, pay attention to the local terms and signs regarding nature protection.","Don’t seek this cache during animal breeding season! Please indicate in the cache description which time of year must be avoided. Also, pay attention to the local terms and signs regarding nature protection.","","Don’t seek this cache during animal breeding season! Please indicate in the cache description which time of year must be avoided. Also, pay attention to the local terms and signs regarding nature protection.",""
"1611","This cache can be found even after heavy snowing. All stages and the geocache are hidden in a snow-safe way: they will not be covered by fallen snow an not by snow-piles created by snow-clearing vehicles.","0:table:cache_attrib;field=html_desc","Dieser Cache l&auml;sst sich auch nach starkem Schneefall suchen. Die einzelnen Stationen und der Geocache sind so versteckt, dass sie nicht von Schnee verdeckt werden. Bitte auch an Schneehaufen denken, die ggf. durch R&auml;umfahrzeuge entstehen.","This cache can be found even after heavy snowing. All stages and the geocache are hidden in a snow-safe way: they will not be covered by fallen snow an not by snow-piles created by snow-clearing vehicles.","This cache can be found even after heavy snowing. All stages and the geocache are hidden in a snow-safe way: they will not be covered by fallen snow an not by snow-piles created by snow-clearing vehicles.","This cache can be found even after heavy snowing. All stages and the geocache are hidden in a snow-safe way: they will not be covered by fallen snow an not by snow-piles created by snow-clearing vehicles.","","This cache can be found even after heavy snowing. All stages and the geocache are hidden in a snow-safe way: they will not be covered by fallen snow an not by snow-piles created by snow-clearing vehicles.",""
"1612","You will need special equipment which is not specified by other attributes, e.g. a laser pointer, walkie-talkies or a car jack.","0:table:cache_attrib;field=html_desc","F&uuml;r diesen Cache ben&ouml;tigst du weitere Ausr&uuml;stung, die nicht durch die anderen Attribute angegeben ist und nicht zur Standardausr&uuml;stung eines Geocachers geh&ouml;rt. Zum Beispiel Laserpointer, Funkger&auml;te oder Wagenheber. Was genau du ben&ouml;tigst, ist in der Beschreibung angegeben.","You will need special equipment which is not specified by other attributes, e.g. a laser pointer, walkie-talkies or a car jack.","You will need special equipment which is not specified by other attributes, e.g. a laser pointer, walkie-talkies or a car jack.","You will need special equipment which is not specified by other attributes, e.g. a laser pointer, walkie-talkies or a car jack.","","You will need special equipment which is not specified by other attributes, e.g. a laser pointer, walkie-talkies or a car jack.",""
"1613","A compass is required.","0:table:cache_attrib;field=html_desc","F&uuml;r diesen Cache braucht ihr einen funktionierenden Kompass f&uuml;r Peilungen oder Orientierungen.","A compass is required.","Een kompas is noodzakelijk.","A compass is required.","","A compass is required.","Для поисков нужен компас."
"1614","A flashlight is required for finding this cache. Don’t forget spare batteries!","0:table:cache_attrib;field=html_desc","Um diesen Cache anzugehen, benötigt ihr eine funktionstüchtige Taschenlampe. Denkt immer auch an Ersatzbatterien.","A flashlight is required for finding this cache. Don’t forget spare batteries!","Een zaklamp is noodzakelijk om deze cache te vinden. Denk ook aan reserve batterijen!","A flashlight is required for finding this cache. Don’t forget spare batteries!","","A flashlight is required for finding this cache. Don’t forget spare batteries!","Для поисков необходим фонарь. Не забудьте запасной комплект батарей!"
"1615","For this cache, you will need climbing equipment and the knowledge how to use it properly. If you are a beginner, don’t do it alone but use the support of an experienced climber or mountaineer.","0:table:cache_attrib;field=html_desc","Um diesen Cache absolvieren zu k&ouml;nnen, ben&ouml;tigt ihr neben der normalen Ausr&uuml;stung auch noch Kletterausr&uuml;stung und entsprechendes Wissen um die Handhabung der Kletterausr&uuml;stung und ums Klettern &ndash; Laien sollten sich auf jeden Fall von einem erfahrenen Kletterer oder Bergsteiger unterst&uuml;tzen lassen.","For this cache, you will need climbing equipment and the knowledge how to use it properly. If you are a beginner, don’t do it alone but use the support of an experienced climber or mountaineer.","Voor deze cache is een klim uitrusting nodig en de benodigde kennis om te klimmen. Indien men geen ervaring heeft is het raadzaam om niet alleen te gaan, maar hulp te vragen aan iemand met klimervaring.","For this cache, you will need climbing equipment and the knowledge how to use it properly. If you are a beginner, don’t do it alone but use the support of an experienced climber or mountaineer.","","For this cache, you will need climbing equipment and the knowledge how to use it properly. If you are a beginner, don’t do it alone but use the support of an experienced climber or mountaineer.","Для поисков этого тайника вам потребуется альпинистское снаряжения и навыки его правильного использования. Если вы новичок, не ходите на поиски в одиночку, возьмите с собой опытного альпиниста."
"1616","This geocache is hidden in a cave, and you should use appropriate equipment to access it. Beware: Even small caves may confront you with unforeseen problems and dangers, like thunder storms (water!) or a sprained ankle. Have advice first from cave-experienced people! Also take care of protected nature; e.g. bat places must not be disturbed.","0:table:cache_attrib;field=html_desc","Der Geocache ist in einer H&ouml;hle versteckt und man sollte entsprechende Ausr&uuml;stung mitbringen. Vorsicht: Bereits kleinste H&ouml;hlensysteme k&ouml;nnen bei unvorhergesehenen Problemen, z.B. Gewittern (Wasser!) oder einem verstauchten Kn&ouml;chel, sehr gef&auml;hrlich werden! Ihr solltet euch vorab gr&uuml;ndlich bei erfahreren H&ouml;hlengehern informieren. Beachtet auch den Naturschutz &ndash; Fledermausquartiere d&uuml;rfen nicht gest&ouml;rt werden!","This geocache is hidden in a cave, and you should use appropriate equipment to access it. Beware: Even small caves may confront you with unforeseen problems and dangers, like thunder storms (water!) or a sprained ankle. Have advice first from cave-experienced people! Also take care of protected nature; e.g. bat places must not be disturbed.","Deze cache is geplaatst in een grot, en het is raadzaam om de benodigde zaken mee te nemen. Pas op: Zelfs de klein grotten kunnen gevaren met zich meebrengen zoals bij hevige regenval buiten zou het water de grot in kunnen stromen of men kan gewond raken. Vraag eventueel aan een deskundige om advies. Denk ook aan de natuur, zoals beschermde dieren (vleermuizen) en mogen dan ook niet verstoord worden. ","This geocache is hidden in a cave, and you should use appropriate equipment to access it. Beware: Even small caves may confront you with unforeseen problems and dangers, like thunder storms (water!) or a sprained ankle. Have advice first from cave-experienced people! Also take care of protected nature; e.g. bat places must not be disturbed.","","This geocache is hidden in a cave, and you should use appropriate equipment to access it. Beware: Even small caves may confront you with unforeseen problems and dangers, like thunder storms (water!) or a sprained ankle. Have advice first from cave-experienced people! Also take care of protected nature; e.g. bat places must not be disturbed.","Этот тайник спрятан в пещере, и вам потребуется соответствующее снаряжение. Будьте осторожны, даже маленькие пещеры могут быть таить непредвиденные опасности, такие, как внезапная гроза (берегитесь воды) или вывихнутая лодыжка. Посоветуйтесь с опытными людьми прежде чем лезть в пещеру. Также берегите природу, например, не тревожьте летучих мышей."
"1617","You will need diving equipment to find this geocache. The water depth of the cache location is specified in the description. Please note that secure diving requires special training. Without diving experience, you may search this cache in company of a diving teacher.","0:table:cache_attrib;field=html_desc","Um den Geocache zu finden ben&ouml;tigt ihr eine Tauchausr&uuml;stung. In welcher Tiefe der Geocache liegt, ist in der Beschreibung angegeben. Bitte beachtet, dass Ihr f&uuml;r einen sicheren Tauchgang eine entsprechende Ausbildung ben&ouml;tigt. Als Nicht-Taucher k&ouml;nnt ihr den Geocache evtl. zusammen mit einem Tauchlehrer suchen.","You will need diving equipment to find this geocache. The water depth of the cache location is specified in the description. Please note that secure diving requires special training. Without diving experience, you may search this cache in company of a diving teacher.","Om deze cache te vinden heeft men een duikuitrusting nodig. Op welke diepte de cache ligt staat beschreven in de beschrijving. Denk er wel aan dat duiken niet zonder ervaring gedaan kan worden, of ga als groep of met een instructeur zoeken.","You will need diving equipment to find this geocache. The water depth of the cache location is specified in the description. Please note that secure diving requires special training. Without diving experience, you may search this cache in company of a diving teacher.","","You will need diving equipment to find this geocache. The water depth of the cache location is specified in the description. Please note that secure diving requires special training. Without diving experience, you may search this cache in company of a diving teacher.",""
"1618","This cache usually can be found only using a watercraft. Swimming is impossible because of the distance or currents. See the cache description for more details.","0:table:cache_attrib;field=html_desc","Der Geocache kann &ndash; normalerweise &ndash; nicht ohne ein Wasserfahrzeug gefunden werden. Zum Geocache kann wegen der Entfernung oder Str&ouml;mung nicht geschwommen werden. Details dazu sind in der Beschreibung des Geocaches angegeben.","This cache usually can be found only using a watercraft. Swimming is impossible because of the distance or currents. See the cache description for more details.","Deze cache kan alleen gevonden worden met behulp van een boot. Door de afstand is het niet mogelijk om de cache zwemmend te benaderen. Zie de cachebeschrijving voor meer gegevens.","This cache usually can be found only using a watercraft. Swimming is impossible because of the distance or currents. See the cache description for more details.","","This cache usually can be found only using a watercraft. Swimming is impossible because of the distance or currents. See the cache description for more details.","Тайник может быть найден только с использованием плавредства: лодки, катера, яхты… Добраться до тайника вплавь (без лодки) не представляется возможным из-за расстояния, течения или иных препятствий. Подробности должны быть указаны в описании."
"1619","You must investigate additional information before you can seek this cache. This commonly applies to puzzle/mystery caches.","0:table:cache_attrib;field=html_desc","F&uuml;r diesen Cache muss vorab nach Informationen gesucht werden. Besonders h&auml;ufig kommt dies bei R&auml;tselcaches vor.","You must investigate additional information before you can seek this cache. This commonly applies to puzzle/mystery caches.","Voor deze cache moet er informatie opgezocht worden voor het zoeken van de cache. Dit komt vaak voor bij puzzel/mysterie caches.","You must investigate additional information before you can seek this cache. This commonly applies to puzzle/mystery caches.","","You must investigate additional information before you can seek this cache. This commonly applies to puzzle/mystery caches.",""
"1620","Puzzles or mysteries have to be solved before or while seeking this cache.","0:table:cache_attrib;field=html_desc","Bei diesem Cache sind als Vorarbeit oder w&auml;hrend der Suche R&auml;tsel zu l&ouml;sen.","Puzzles or mysteries have to be solved before or while seeking this cache.","Bij deze cache moet voor of onderweg een puzzel opgelost worden om de cache te zoeken.","Puzzles or mysteries have to be solved before or while seeking this cache.","","Puzzles or mysteries have to be solved before or while seeking this cache.",""
"1621","Before or while seeking this cache, arithmetical problems must be solved which go beyond very basic calculations.","0:table:cache_attrib;field=html_desc","Es m&uuml;ssen vorab oder w&auml;hrend der Suche Rechenaufgaben gel&ouml;st werden, die &uuml;ber das kleine Geocacher-1x1 hinausgehen. Zum Beispiel Mittelpunktberechnungen oder Peilungen.","Before or while seeking this cache, arithmetical problems must be solved which go beyond very basic calculations.","Er moeten voor of tijdens het cachen rekenopgaven gedaan worden die verder gaan dan het simpele rekenwerk. Bijvoorbeeld middelpuntberekeningen of peilingen.","Before or while seeking this cache, arithmetical problems must be solved which go beyond very basic calculations.","","Before or while seeking this cache, arithmetical problems must be solved which go beyond very basic calculations.","Перед или во время поисков тайника нужно рещить математическую задачу, выходящую за рамки тривиальных арифметических операций."
"1622","This is none of the standard, pre-defined types of cache. Use this attribute for special, unusual caches.","0:table:cache_attrib;field=html_desc","Dieser Cache passt in keine der üblichen Kategorien von Caches (Cachearten). Daher gibt dieses Attribut euch die M&ouml;glichkeit, auf besondere Caches aufmerksam zu machen.","This is none of the standard, pre-defined types of cache. Use this attribute for special, unusual caches.","This is none of the standard, pre-defined types of cache. Use this attribute for special, unusual caches.","This is none of the standard, pre-defined types of cache. Use this attribute for special, unusual caches.","","This is none of the standard, pre-defined types of cache. Use this attribute for special, unusual caches.",""
"1623","Before doing this cache, you must ask the owner for the starting conditions. E.g. the cache may be linked to certain events at varying dates.","0:table:cache_attrib;field=html_desc","Bei diesem Cache ist es n&ouml;tig, sich vor dem Angehen des Caches beim Eigent&uuml;mer &uuml;ber die Bedingungen zum Angehen zu informieren. Ein Beispiel w&auml;ren Stadtmeisterschaften.","Before doing this cache, you must ask the owner for the starting conditions. E.g. the cache may be linked to certain events at varying dates.","Before doing this cache, you must ask the owner for the starting conditions. E.g. the cache may be linked to certain events at varying dates.","Before doing this cache, you must ask the owner for the starting conditions. E.g. the cache may be linked to certain events at varying dates.","","Before doing this cache, you must ask the owner for the starting conditions. E.g. the cache may be linked to certain events at varying dates.",""
"1624","This geocache is suitable for children. All challenges can be solved by child in the age of 10 to 12 years and the terrain has no risks (like highways, abysms). There should be a large geocache container with trading items inside and the challanges are interesting.","0:table:cache_attrib;field=html_desc","Der Geocache ist kindgerecht aufgebaut: Alle Aufgaben sind von Kindern im Alter von 10 bis 12 Jahren selbstständig lösbar und das Gelände ist nicht gefährlich (keine Haupstraßen, Klippen o.ä.). Am Ende des Geocaches ist eine Box mit Tauschgegenständen und die Aufgaben sind interessant aufgebaut.","This geocache is suitable for children. All challenges can be solved by child in the age of 10 to 12 years and the terrain has no risks (like highways, abysms). There should be a large geocache container with trading items inside and the challanges are interesting.","This geocache is suitable for children. All challenges can be solved by child in the age of 10 to 12 years and the terrain has no risks (like highways, abysms). There should be a large geocache container with trading items inside and the challanges are interesting.","This geocache is suitable for children. All challenges can be solved by child in the age of 10 to 12 years and the terrain has no risks (like highways, abysms). There should be a large geocache container with trading items inside and the challanges are interesting.","","This geocache is suitable for children. All challenges can be solved by child in the age of 10 to 12 years and the terrain has no risks (like highways, abysms). There should be a large geocache container with trading items inside and the challanges are interesting.","Тайник сделан специально для детей. TODO. "
"1625","This cache leads into a (former) mining area. There may be dangers by collapsing adits, or you may need to enter adits. Be careful and use appropriate equipment, especially in the dark. Old mines may be covered by historic preservation.","0:table:cache_attrib;field=html_desc","Der Cache f&uuml;hrt in eine (ehemalige) Bergbauregion. M&ouml;glicherweise bestehen Gefahren durch verst&uuml;rzte Stollenmundl&ouml;cher oder es m&uuml;ssen Stollen betreten werden. Entsprechende Ausr&uuml;stung und Vorsicht, besonders bei Dunkelheit, wird empfohlen. Historische Bergwerke stehen m&ouml;glicherweise unter Denkmalschutz.","This cache leads into a (former) mining area. There may be dangers by collapsing adits, or you may need to enter adits. Be careful and use appropriate equipment, especially in the dark. Old mines may be covered by historic preservation.","This cache leads into a (former) mining area. There may be dangers by collapsing adits, or you may need to enter adits. Be careful and use appropriate equipment, especially in the dark. Old mines may be covered by historic preservation.","This cache leads into a (former) mining area. There may be dangers by collapsing adits, or you may need to enter adits. Be careful and use appropriate equipment, especially in the dark. Old mines may be covered by historic preservation.","","This cache leads into a (former) mining area. There may be dangers by collapsing adits, or you may need to enter adits. Be careful and use appropriate equipment, especially in the dark. Old mines may be covered by historic preservation.",""
"1626","There are poisonous plants near the cache. Take care and prevent children and dogs from touching or eating them.","0:table:cache_attrib;field=html_desc","In der N&auml;he des Caches gibt es giftige Pflanzen. Achtet also insbesondere darauf, dass Kinder und Hunde diese nicht anfassen oder essen.","There are poisonous plants near the cache. Take care and prevent children and dogs from touching or eating them.","There are poisonous plants near the cache. Take care and prevent children and dogs from touching or eating them.","There are poisonous plants near the cache. Take care and prevent children and dogs from touching or eating them.","","There are poisonous plants near the cache. Take care and prevent children and dogs from touching or eating them.","Опасайтесь ядовитых растений. Смотрите за детьми и собаками, не давайте им трогать или есть отраву."
"1627","The area is inhabited by possibly dangerous animals, e.g. rabies areas, venomous snakes, scorpions or bears.","0:table:cache_attrib;field=html_desc","In dem Gebiet sind Wildtiere angesiedelt, die f&uuml;r Menschen eine Gefahr darstellen k&ouml;nnen, z.B. Tollwutgebiete, giftige Schlangen, Skorpione oder B&auml;ren.","The area is inhabited by possibly dangerous animals, e.g. rabies areas, venomous snakes, scorpions or bears.","The area is inhabited by possibly dangerous animals, e.g. rabies areas, venomous snakes, scorpions or bears.","The area is inhabited by possibly dangerous animals, e.g. rabies areas, venomous snakes, scorpions or bears.","","The area is inhabited by possibly dangerous animals, e.g. rabies areas, venomous snakes, scorpions or bears.","Эта местность населена потенциально опасными животными, например, медведями, ядовитыми змеями, скорпионами, или является природным очагом бешенства."
"1628","A nearby parking area is situated as starting point for doing this cache. If no free parking is available, add the ""access or parking fee"" attribute.","0:table:cache_attrib;field=html_desc","Es gibt in der Nähe einen Parkplatz, der sich als Startpunkt für die Cachesuche eignet. Falls alle Parkplätze gebührenpflichtig sind, bitte auch das Attribut Zugangs- bzw. Parkentgelt angeben.","A nearby parking area is situated as starting point for doing this cache. If no free parking is available, add the ""access or parking fee"" attribute.","A nearby parking area is situated as starting point for doing this cache. If no free parking is available, add the ""access or parking fee"" attribute.","A nearby parking area is situated as starting point for doing this cache. If no free parking is available, add the ""access or parking fee"" attribute.","","A nearby parking area is situated as starting point for doing this cache. If no free parking is available, add the ""access or parking fee"" attribute.","Ближняя парковка является хорошей начальной точкой для поисков тайника. Если поблизости нет бесплатных парковок, должен быть установлен атрибут «Плата за вход или парковку»."
"1629","This cache is located outside of urban areas and has a public transport station nearby. Don’t set this attribute for geocaches in urban areas that are commonly equipped with public transportation.","0:table:cache_attrib;field=html_desc","Dieser Cache lässt sich mit Hilfe von öffentlichen Verkehrsmitteln erreichen und liegt außerhalb von Städten. Besonders bei Geocaches die an abgelegenen Aussichtspunkten, Wanderparkplätzen oder Ausflugszielen liegen ist dieses Attribut hilfreich. Für Geocaches in Städten soll dieses Attribut hingegen nicht angegeben werden, da diese in der Regel immer per ÖVM erreichbar sind.","This cache is located outside of urban areas and has a public transport station nearby. Don’t set this attribute for geocaches in urban areas that are commonly equipped with public transportation.","This cache is located outside of urban areas and has a public transport station nearby. Don’t set this attribute for geocaches in urban areas that are commonly equipped with public transportation.","This cache is located outside of urban areas and has a public transport station nearby. Don’t set this attribute for geocaches in urban areas that are commonly equipped with public transportation.","","This cache is located outside of urban areas and has a public transport station nearby. Don’t set this attribute for geocaches in urban areas that are commonly equipped with public transportation.","Тайник расположен за городом, но до него можно добраться общественным транспортом. Не устанавливайте этот атрибут для тайников в населённых пунктах."
"1630","There is drinking water along the trail or near the cache. This attribute is useful especially for planning event caches, longer hikes or caches at probably dirty locations like caves.","0:table:cache_attrib;field=html_desc","W&auml;hrend der Cachetour oder in der N&auml;he des Geocaches ist Trinkwasser verf&uuml;gbar. Besonders bei Event-Caches, l&auml;ngeren Multicaches und bei Geocaches, wo man vermutlich schmutzig wird (z.B. manche H&ouml;hlencaches), hilft dieses Attribut bei der Planung der Cachetour.","There is drinking water along the trail or near the cache. This attribute is useful especially for planning event caches, longer hikes or caches at probably dirty locations like caves.","There is drinking water along the trail or near the cache. This attribute is useful especially for planning event caches, longer hikes or caches at probably dirty locations like caves.","There is drinking water along the trail or near the cache. This attribute is useful especially for planning event caches, longer hikes or caches at probably dirty locations like caves.","","There is drinking water along the trail or near the cache. This attribute is useful especially for planning event caches, longer hikes or caches at probably dirty locations like caves.","По пути к тайнику или поблизости от тайника есть источник питьевой воды. Этот атрибут полезен для планирования встреч, длительных пеших прогулок или посещения тайников в потенциально грязных местах, таких, как пещеры."
"1631","There are public restrooms along the way or near the cache. This attribute is useful especially for planning event caches or extensive multicaches.","0:table:cache_attrib;field=html_desc","W&auml;hrend der Cachetour oder in der N&auml;he des Geocaches ist eine &ouml;ffentliche Toilette verf&uuml;gbar. Besonders bei Event-Caches und bei l&auml;ngeren Multicaches hilft dieses Attribut bei der Planung der Cachetour.","There are public restrooms along the way or near the cache. This attribute is useful especially for planning event caches or extensive multicaches.","There are public restrooms along the way or near the cache. This attribute is useful especially for planning event caches or extensive multicaches.","There are public restrooms along the way or near the cache. This attribute is useful especially for planning event caches or extensive multicaches.","","There are public restrooms along the way or near the cache. This attribute is useful especially for planning event caches or extensive multicaches.",""
"1632","There is a public phone along the way or near the cache. Especially for event caches you should enquire for nearby phones and set this attribute if applicable.","0:table:cache_attrib;field=html_desc","W&auml;hrend der Cachetour oder in der N&auml;he des Geocaches gibt es ein &ouml;ffentliches Telefon. Besonders bei Event-Caches sollte gepr&uuml;ft werden, ob ein Telefon in der N&auml;he verf&uuml;gbar ist, und das Attribut ggf. ausgew&auml;hlt werden.","There is a public phone along the way or near the cache. Especially for event caches you should enquire for nearby phones and set this attribute if applicable.","There is a public phone along the way or near the cache. Especially for event caches you should enquire for nearby phones and set this attribute if applicable.","There is a public phone along the way or near the cache. Especially for event caches you should enquire for nearby phones and set this attribute if applicable.","","There is a public phone along the way or near the cache. Especially for event caches you should enquire for nearby phones and set this attribute if applicable.",""
"1633","There is a first aid station, call box, mountain rescue or similar arrangement near the cache. This attribute is useful especially in demanding areas, like climbing caches, cave caches, high mountains or at the water. Check if you can add emergency phone numbers (like a mountain rescue) to your cache listing.","0:table:cache_attrib;field=html_desc","In der N&auml;he des Caches findet ihr eine Erste Hilfe-Station, Notrufs&auml;ule, Bergwacht oder entsprechende Einrichtung. Besonders bei Geocaches in schwierigem Gel&auml;nde ist die Angabe bzw. Pr&uuml;fung dieses Attribut sinnvoll. Z.B. bei Klettercaches, Caches in H&ouml;hlen, im Hochgebirge oder rund um Wildwasserfl&uuml;sse. Es ist auch sinnvoll, die Notrufnummern z.B. der Bergwacht im Cachelisting aufzuf&uuml;hren.","There is a first aid station, call box, mountain rescue or similar arrangement near the cache. This attribute is useful especially in demanding areas, like climbing caches, cave caches, high mountains or at the water. Check if you can add emergency phone numbers (like a mountain rescue) to your cache listing.","There is a first aid station, call box, mountain rescue or similar arrangement near the cache. This attribute is useful especially in demanding areas, like climbing caches, cave caches, high mountains or at the water. Check if you can add emergency phone numbers (like a mountain rescue) to your cache listing.","There is a first aid station, call box, mountain rescue or similar arrangement near the cache. This attribute is useful especially in demanding areas, like climbing caches, cave caches, high mountains or at the water. Check if you can add emergency phone numbers (like a mountain rescue) to your cache listing.","","There is a first aid station, call box, mountain rescue or similar arrangement near the cache. This attribute is useful especially in demanding areas, like climbing caches, cave caches, high mountains or at the water. Check if you can add emergency phone numbers (like a mountain rescue) to your cache listing.",""
"1634","The geocache is located close to a parking area, only a few steps away - it’s a ""cache and dash"".","0:table:cache_attrib;field=html_desc","Der Parkplatz befindet sich in unmittelbarer Nähe zum Geocache. Es sind nicht mehr als einige Schritte notwendig um den Geocache zu finden.","The geocache is located close to a parking area, only a few steps away - it’s a ""cache and dash"".","The geocache is located close to a parking area, only a few steps away - it’s a ""cache and dash"".","The geocache is located close to a parking area, only a few steps away - it’s a ""cache and dash"".","","The geocache is located close to a parking area, only a few steps away - it’s a ""cache and dash"".",""
"1635","This cache requires a long walk - more than 5 km round trip. In the mountains and other steep areas, the distance for a ""long walk"" may be shorter. Walking shoes and appropriate equipment are recommended.","0:table:cache_attrib;field=html_desc","Bei diesem Cache erwartet euch eine längere Wanderung. Geocaches, bei denen der kürzeste Fußweg vom Parkplatz zum Geocache und zurück weiter als 5 Kilometer ist, sollte man dieses Attribut zuweisen. Im Gebirge und entsprechenden Steigungen ist das Attribut auch bei kürzeren Wegstrecken sinnvoll. Gute Wanderschuhe und entsprechende Ausrüstung empfehlen sich.","This cache requires a long walk - more than 5 km round trip. In the mountains and other steep areas, the distance for a ""long walk"" may be shorter. Walking shoes and appropriate equipment are recommended.","This cache requires a long walk - more than 5 km round trip. In the mountains and other steep areas, the distance for a ""long walk"" may be shorter. Walking shoes and appropriate equipment are recommended.","This cache requires a long walk - more than 5 km round trip. In the mountains and other steep areas, the distance for a ""long walk"" may be shorter. Walking shoes and appropriate equipment are recommended.","","This cache requires a long walk - more than 5 km round trip. In the mountains and other steep areas, the distance for a ""long walk"" may be shorter. Walking shoes and appropriate equipment are recommended.",""
"1636","This cache requires passing swampy or marshy ground or wading through shallow water. Wear appropriate clothes. After rainfall, the terrain may be very demanding or not passable at all.","0:table:cache_attrib;field=html_desc","Bei diesem Cache geht es durch sumpfiges oder matschiges Gel&auml;nde oder es muss durch flaches Wasser gewatet werden. Entsprechende Kleidung wird empfohlen. Nach Regenf&auml;llen kann das Gel&auml;nde wesentlich schwerer oder &uuml;berhaupt nicht begehbar sein.","This cache requires passing swampy or marshy ground or wading through shallow water. Wear appropriate clothes. After rainfall, the terrain may be very demanding or not passable at all.","This cache requires passing swampy or marshy ground or wading through shallow water. Wear appropriate clothes. After rainfall, the terrain may be very demanding or not passable at all.","This cache requires passing swampy or marshy ground or wading through shallow water. Wear appropriate clothes. After rainfall, the terrain may be very demanding or not passable at all.","","This cache requires passing swampy or marshy ground or wading through shallow water. Wear appropriate clothes. After rainfall, the terrain may be very demanding or not passable at all.","При поисках этого тайника придётся ходить по болоту или преодолевать залитые водой участки местности. Носите подходящую одежду и обувь. После ливня местность может стать непроходимой."
"1637","One or more ascents lie between you and the cache.","0:table:cache_attrib;field=html_desc","Auf dem Weg zum Geocache bzw. w&auml;hrend der Cachesuche sind eine oder mehrere Steigungen zu &uuml;berwinden.","One or more ascents lie between you and the cache.","One or more ascents lie between you and the cache.","One or more ascents lie between you and the cache.","","One or more ascents lie between you and the cache.",""
"1638","This cache requires some climbing and you may have to use your hands, but you won’t need climbing gear. Be very careful during rainy weather or before thunderstorms!","0:table:cache_attrib;field=html_desc","Während der Cachesuche ist leichtes Klettern notwendig, bei dem man sich z.B. mit den Händen festhalten muss. Gute Trittsicherheit und Schwindelfreiheit empfehlen sich. Es ist jedoch keine Spezialausrüstung notwendig wie z.B. Sicherungsseil, Klettersteigset oder Steigeisen. Besonders bei feuchter Witterung oder vor Gewittern sollte man mit der entsprechenden Vorsicht handeln.","This cache requires some climbing and you may have to use your hands, but you won’t need climbing gear. Be very careful during rainy weather or before thunderstorms!","This cache requires some climbing and you may have to use your hands, but you won’t need climbing gear. Be very careful during rainy weather or before thunderstorms!","This cache requires some climbing and you may have to use your hands, but you won’t need climbing gear. Be very careful during rainy weather or before thunderstorms!","","This cache requires some climbing and you may have to use your hands, but you won’t need climbing gear. Be very careful during rainy weather or before thunderstorms!",""
"1639","This cache requires crossing a river or a lake. The water is steep.","0:table:cache_attrib;field=html_desc","Auf dem Weg zum Geocache muss ein Fluss oder See überquert werden. Das Wasser ist tief genug um zu schwimmen. Je nach Örtlichkeit kann auch ein Schlauchboot, Kajak oder ähnliches verwendet werden (näheres ist in der Beschreibung zum Geocache zu finden). Die Entfernung ist aber ohne besondere Ausdauer noch zu schwimmen.","This cache requires crossing a river or a lake. The water is steep.","This cache requires crossing a river or a lake. The water is steep.","This cache requires crossing a river or a lake. The water is steep.","","This cache requires crossing a river or a lake. The water is steep.",""
"1640","There is a point of interest at the cache, like a nice scenic overlook or a larger castle ruin. This place is worth visiting it even without a geocache nearby.","0:table:cache_attrib;field=html_desc","Der Geocache ist in unmittelbarer N&auml;he zu einer Sehensw&uuml;rdigkeit versteckt. Das kann ein z.B. sch&ouml;ner Aussichtspunkt oder eine gr&ouml;&szlig;ere Burgruine sein. Ein Besuch w&uuml;rde sich auch ohne besonderen Anlass (den Geocache) lohnen.","There is a point of interest at the cache, like a nice scenic overlook or a larger castle ruin. This place is worth visiting it even without a geocache nearby.","There is a point of interest at the cache, like a nice scenic overlook or a larger castle ruin. This place is worth visiting it even without a geocache nearby.","There is a point of interest at the cache, like a nice scenic overlook or a larger castle ruin. This place is worth visiting it even without a geocache nearby.","","There is a point of interest at the cache, like a nice scenic overlook or a larger castle ruin. This place is worth visiting it even without a geocache nearby.",""
"1641","This geocache is moving around. For example, the owner might regularly move the cache from one place to another, or the finders will do this task and post new coordinates in their log entries. The owner must update coordinates in the cache description after each move.","0:table:cache_attrib;field=html_desc","Der Geocache ver&auml;ndert seine Position und ist deshalb nicht immer am gleichen Ort zu finden. Es gibt Varianten, bei denen der Geocache-Besitzer den Geocache regelm&auml;&szlig;ig an anderen Orten versteckt, oder der Finder den Geocache an einem neuen Ort versteckt. Danach muss der Besitzer jeweils die Beschreibung aktualisieren.","This geocache is moving around. For example, the owner might regularly move the cache from one place to another, or the finders will do this task and post new coordinates in their log entries. The owner must update coordinates in the cache description after each move.","This geocache is moving around. For example, the owner might regularly move the cache from one place to another, or the finders will do this task and post new coordinates in their log entries. The owner must update coordinates in the cache description after each move.","This geocache is moving around. For example, the owner might regularly move the cache from one place to another, or the finders will do this task and post new coordinates in their log entries. The owner must update coordinates in the cache description after each move.","","This geocache is moving around. For example, the owner might regularly move the cache from one place to another, or the finders will do this task and post new coordinates in their log entries. The owner must update coordinates in the cache description after each move.",""
"1642","There is a webcam at the target location. You must record a webcam picture of your visit and include it in your ""found"" log entry. There may be additional requirements like a geocaching banner on the photo. The webcam’s address is included in the cache description, and it must be publicly accessible, i.e. no user account or similar is required.","0:table:cache_attrib;field=html_desc","Am Ziel befindet sich eine Webcam, und für einen Fund muss man das Bild der Webcam von sich selbst aufnehmen, um nachzuweisen, dass man vor Ort war. Manche Webcam-Caches setzen auch weitere Bedingungen, z.B. einen Geocaching-Banner auf dem Bild. Die Webadresse der Webcam ist in der Beschreibung angegeben und erfordert kein Benutzerkonto o.ä., um das Webcam-Bild abzurufen.","There is a webcam at the target location. You must record a webcam picture of your visit and include it in your ""found"" log entry. There may be additional requirements like a geocaching banner on the photo. The webcam’s address is included in the cache description, and it must be publicly accessible, i.e. no user account or similar is required.","Aan het einde is een webcam en om te loggen dient een opname uit die webcam waar men dan op staat te krijgen om te bewijzen dat men daar daadwerkelijk was. Sommige webcam-caches vragen wat extra's zoals een banner te tonen. Het webadres dient aangegeven te worden in de beschrijving, en dient vrij toegankelijk te zijn, zonder een account te hoeven maken en vrij van kosten.","There is a webcam at the target location. You must record a webcam picture of your visit and include it in your ""found"" log entry. There may be additional requirements like a geocaching banner on the photo. The webcam’s address is included in the cache description, and it must be publicly accessible, i.e. no user account or similar is required.","","There is a webcam at the target location. You must record a webcam picture of your visit and include it in your ""found"" log entry. There may be additional requirements like a geocaching banner on the photo. The webcam’s address is included in the cache description, and it must be publicly accessible, i.e. no user account or similar is required.",""
"1643","This geocache is not hidden in the open air, but within a building, a cave or similar.","0:table:cache_attrib;field=html_desc","Das Ziel des Geocaches liegt nicht im Freien, sondern zum Beispiel in einem Geb&auml;ude oder einer H&ouml;hle.","This geocache is not hidden in the open air, but within a building, a cave or similar.","Deze cache in niet geplaatst in open gebied, maar in een gebouw, een grot of iets dergelijks.","This geocache is not hidden in the open air, but within a building, a cave or similar.","","This geocache is not hidden in the open air, but within a building, a cave or similar.",""
"1644","This cache or one of the stages is placed underwater. You may have to enter the water, swim or dive.","0:table:cache_attrib;field=html_desc","Der Geocache oder eine der Stationen ist im Wasser versteckt. Um die Aufgabe zu l&ouml;sen muss man ggf. das Wasser betreten, schwimmen oder tauchen.","This cache or one of the stages is placed underwater. You may have to enter the water, swim or dive.","Deze cache of één van de punten is geplaatst onder water. Men dient in het water te gaan, te zwemmen of te duiken.","This cache or one of the stages is placed underwater. You may have to enter the water, swim or dive.","","This cache or one of the stages is placed underwater. You may have to enter the water, swim or dive.",""
"1645","This cache can be found without a GPS device. No additional coordinates are used besides of the starting coordinates.","0:table:cache_attrib;field=html_desc","Dieser Cache l&auml;sst sich auch ohne GPS-Empf&auml;nger finden. Die Aufgaben sind so gestellt, dass man außer den Startkoordinaten keine weiteren Koordinaten verwenden muss.","This cache can be found without a GPS device. No additional coordinates are used besides of the starting coordinates.","Deze cache kan gevonden worden zonder GPS. Behalve de startcoördinaten heeft men geen andere coördinaten nodig om de cache te zoeken.","This cache can be found without a GPS device. No additional coordinates are used besides of the starting coordinates.","","This cache can be found without a GPS device. No additional coordinates are used besides of the starting coordinates.",""
"1646","You must pay an access or parking fee to access this cache, e.g. if the cache is located within a theme park. If there are alternative free parking areas nearby, please include them in the cache description. Please note our current terms of use regarding ""commercial geocaches"".","0:table:cache_attrib;field=html_desc","Um zum Cache zu gelangen, müsst ihr entweder einen Eintritt oder eine Parkgebühr bezahlen. Ein Eintrittsgeld könnte z.B. in einem Freizeitpark anfallen. Falls es trotzdem nahegelegene, entgeltfreie Parkmöglichkeiten gibt, möchten wie euch bitten darauf in der Beschreibung hinzuweisen. Bitte beachtet auch die aktuellen Nutzungsbedingungen zum Thema &bdquo;kommerzielle Geocaches&ldquo;.","You must pay an access or parking fee to access this cache, e.g. if the cache is located within a theme park. If there are alternative free parking areas nearby, please include them in the cache description. Please note our current terms of use regarding ""commercial geocaches"".","Er dient parkeergeld en/of entree betaald te worden om deze cache te doen, bijvoorbeeld in een themapark. Als er een alternatie gratis parkeerplaats in de buurt is dient dat ook in de cachebeschrijving vermeld te worden. Let op onze huidige voorwaarden voor het gebruik met betrekking tot ""commerciële caches"".","You must pay an access or parking fee to access this cache, e.g. if the cache is located within a theme park. If there are alternative free parking areas nearby, please include them in the cache description. Please note our current terms of use regarding ""commercial geocaches"".","","You must pay an access or parking fee to access this cache, e.g. if the cache is located within a theme park. If there are alternative free parking areas nearby, please include them in the cache description. Please note our current terms of use regarding ""commercial geocaches"".",""
"1647","This cache cannot be done within a single day or a single night. You will have to visit the location for more than one time, or you must stay overnight. Preparation time is not included in this calculation, but only the time on site.","0:table:cache_attrib;field=html_desc","Der Geocache kann nicht mit einer einzigen Tages- oder Nachttour gel&ouml;st werden. Er muss entweder mehrmals angefahren werden oder es muss vor Ort &uuml;bernachtet werden. Bei diesem Attribut soll die Zeit f&uuml;r Recherchen vorab nicht ber&uuml;cksichtigt werden, sondern nur die Zeit vor Ort.","This cache cannot be done within a single day or a single night. You will have to visit the location for more than one time, or you must stay overnight. Preparation time is not included in this calculation, but only the time on site.","Deze cache kan niet in één dag of nacht gedaan worden. De locatie zal verschillende keren bezocht moeten worden of moeten overnachten. Voorbereidingstijd is niet berekend, alleen de tijd tijdens het cachen.","This cache cannot be done within a single day or a single night. You will have to visit the location for more than one time, or you must stay overnight. Preparation time is not included in this calculation, but only the time on site.","","This cache cannot be done within a single day or a single night. You will have to visit the location for more than one time, or you must stay overnight. Preparation time is not included in this calculation, but only the time on site.",""
"1648","A newsentry was created on opencaching","","Ein Newseintrag wurde auf Opencaching erstellt","A newsentry was created on opencaching","Een nieuwsbericht is gemaakt op opencaching","Una nueva entrada se ha creado en Opencaching","","A newsentry was created on opencaching",""
"1650","The called page does not exist!","29:./lang/de/expressions.inc.php","Die aufgerufene Seite existiert nicht!","The called page does not exist!","De opgevraagde pagina bestaat niet!","¡La página solicitada no existe!","","The called page does not exist!",""
"1652","Redirect - opencaching","12:./lang/de/ocstyle/redirect.tpl.php","Weiterleitung - opencaching","Redirect - opencaching","Redirect - opencaching","Redirect - opencaching","","Redirect - opencaching",""
"1653","Do you really want to delete the saved search?","33:./templates2/ocstyle/query.tpl","Soll die gespeicherte Suche wirklich gel&ouml;scht werden?","Do you really want to delete the saved search?","Moet de opgeslagen zoek resultaten verwijdert worden?","Do you really want to delete the saved search?","","Do you really want to delete the saved search?",""
"1654","Status","19:./templates2/ocstyle/myignores.tpl","Status","Status","Status","Status","","Status",""
"1655","Set status","171:./templates2/ocstyle/adminreports.tpl","Status ändern","Set status","Set status","Set status","","Set status",""
"1657","to","2556:./templates2/ocstyle/map2.tpl","bis","to","tot","to","","to",""
"1658","Route","0:table:attribute_groups;field=name","Der Weg","Route","Route","Route","","Route","Путь"
"1659","Cache&nbsp;size:","394:./templates2/ocstyle/search.tpl","Cachegröße:","Cache&nbsp;size:","Cachegrootte:","Cache&nbsp;size:","","Cache&nbsp;size:","Размер контейнера"
"1660","Link","","Link","Link","Link","Enlace","","Link",""
"1661","Open","","Öffnen","Open","Openen","Abierto","","Open",""
"1662","Add to favorites...","2303:./templates2/ocstyle/map2.tpl","Zu den Favoriten hinzufügen...","Add to favorites...","Aan favorieten toevoegen","Add to favorites...","","Add to favorites...",""
"1663","Caches displayed:","2222:./templates2/ocstyle/map2.tpl","angezeigte Geocaches:","Caches displayed:","Getoonde caches:","Caches displayed:","","Caches displayed:",""
"1664","Time to load:","2422:./templates2/ocstyle/map2.tpl","Ladezeit:","Time to load:","Laadtijd:","Time to load:","","Time to load:",""
"1665","Sec.","2422:./templates2/ocstyle/map2.tpl","Sek.","Sec.","sec.","Sec.","","Sec.",""
"1666","Only show Geocaches with the following properties:","2416:./templates2/ocstyle/map2.tpl","Nur Geocaches mit folgenden Eigenschaften anzeigen:","Only show Geocaches with the following properties:","Alleen caches met de volgende eigenschappen tonen:","Only show Geocaches with the following properties:","","Only show Geocaches with the following properties:",""
"1667","Cachetype","2454:./templates2/ocstyle/map2.tpl","Cacheart","Cachetype","Cache soort","Cachetype","","Cachetype",""
"1668","Container","2469:./templates2/ocstyle/map2.tpl","Behälter","Container","Cache behuizing","Container","","Container",""
"1669","Hide","2485:./templates2/ocstyle/map2.tpl","Ausblenden","Hide","Verbergen","Hide","","Hide",""
"1670","My owns","2490:./templates2/ocstyle/map2.tpl","meine eigenen","My owns","Mijn eigen","My owns","","My owns",""
"1672","GC listings","2520:./templates2/ocstyle/map2.tpl","auf GC gelistet","GC listings","GC listings","GC listings","","GC listings",""
"1673","Rating","2538:./templates2/ocstyle/map2.tpl","Bewertung","Rating","Waardering","Rating","","Rating",""
"1674","Min. recommendations:","2604:./templates2/ocstyle/map2.tpl","min. Empfehlungen:","Min. recommendations:","Min. aanbevelingen:","Min. recommendations:","","Min. recommendations:",""
"1678","Enter a search text, please!","1681:./templates2/ocstyle/map2.tpl","Bitte Suchtext eingeben!","Enter a search text, please!","Voer een zoektekst in, alstublieft!","Enter a search text, please!","","Enter a search text, please!",""
"1680","Waypoint %1 not found!","1113:./templates2/ocstyle/map2.tpl","Wegpunkt %1 nicht gefunden!","Waypoint %1 not found!","Waypoint %1 niet gevonden!","Waypoint %1 not found!","","Waypoint %1 not found!",""
"1681","D/T:","","D/T:","D/T:","M/T:","D/T","","D/T:",""
"1683","Error: Unable to download the search result (HTTP error code %1)","684:./templates2/ocstyle/map2.tpl","Fehler: Das Suchergebnis konnte nicht heruntergeladen werden (HTTP-Fehlercode %1)","Error: Unable to download the search result (HTTP error code %1)","Fout: Het zoek resultaat kan niet weergegeven worden (HTTP fout code %1)","Error: Unable to download the search result (HTTP error code %1)","","Error: Unable to download the search result (HTTP error code %1)",""
"1684","Error: Unable to download the search result. The data was not available on the server.","700:./templates2/ocstyle/map2.tpl","Fehler: Das Suchergebnis konnte nicht heruntergeladen werden. Die Daten waren auf dem Server nicht verfügbar.","Error: Unable to download the search result. The data was not available on the server.","Fout: Het zoek resultaat kan niet weergegeven worden. De gegevens zijn niet beschikbaar op de server.","Error: Unable to download the search result. The data was not available on the server.","","Error: Unable to download the search result. The data was not available on the server.",""
"1685","There are %1 Geocaches in the selected area, matching the filter options. Please zoom in to display the caches.","1445:./templates2/ocstyle/map2.tpl","Es sind %1 Geocaches auf dem Kartenausschnitt. Bitte vergrößere die Ansicht, um die Geocaches anzuzeigen.","There are %1 Geocaches in the selected area, matching the filter options. Please zoom in to display the caches.","Er zijn %1 caches gevonden in dit gebied. Zoom in om de caches te zien.","There are %1 Geocaches in the selected area, matching the filter options. Please zoom in to display the caches.","","There are %1 Geocaches in the selected area, matching the filter options. Please zoom in to display the caches.",""
"1687","Create a logentry","79:./lang/de/ocstyle/lib/menu.php","Neuer Logeintrag","Create a logentry","Nieuwe log","Create a logentry","","Create a logentry",""
"1688","Edit logentry","86:./lang/de/ocstyle/lib/menu.php","Logeintrag bearbeiten","Edit logentry","Log bewerken","Edit logentry","","Edit logentry",""
"1689","Remove logentry","93:./lang/de/ocstyle/lib/menu.php","Logeintrag entfernen","Remove logentry","Log verwijderen","Remove logentry","","Remove logentry",""
"1690","Edit cache","107:./lang/de/ocstyle/lib/menu.php","Cache bearbeiten","Edit cache","Cache bewerken","Edit cache","","Edit cache",""
"1691","Add description","114:./lang/de/ocstyle/lib/menu.php","Beschreibung hinzufügen","Add description","Beschrijving toevoegen","Add description","","Add description",""
"1692","Edit description","121:./lang/de/ocstyle/lib/menu.php","Beschreibung bearbeiten","Edit description","Beschrijving bewerken","Edit description","","Edit description",""
"1693","Remove description","128:./lang/de/ocstyle/lib/menu.php","Beschreibung löschen","Remove description","Beschrijving verwijderen","Remove description","","Remove description",""
"1694","Select city","137:./lang/de/ocstyle/lib/menu.php","Ortschaft auswählen","Select city","Kies plaats","Select city","","Select city",""
"1695","Show search result","144:./lang/de/ocstyle/lib/menu.php","Suchergebnis anzeigen","Show search result","Bekijk zoek resultaat","Show search result","","Show search result",""
"1696","Result","145:./lang/de/ocstyle/lib/menu.php","Ergebnis","Result","Resultaat","Result","","Result",""
"1697","Description - Create a cache","167:./lang/de/ocstyle/lib/menu.php","Beschreibung - Neuen Cache eintragen","Description - Create a cache","Beschrijving - Nieuwe cache aanmaken","Description - Create a cache","","Description - Create a cache",""
"1698","Add picture","227:./lang/de/ocstyle/lib/menu.php","Bild hinzufügen","Add picture","Afbeelding toevoegen","Add picture","","Add picture",""
"1699","Message","248:./lang/de/ocstyle/lib/menu.php","Meldung","Message","Bericht","Message","","Message",""
"1700","There is no google maps key registered for this domain.","137:./map2.php","Es ist kein Google-Maps-Key für diese Domain registriert.","There is no google maps key registered for this domain.","Er is geen Google Maps Key geregistreerd voor dit domein.","There is no google maps key registered for this domain.","","There is no google maps key registered for this domain.",""
"1701","Attention! This Geocache is &quot;<span class=""errormsg"">%1</span>&quot;!</strong> There is no physical container at the specified (or to be determined) coordinates. In the interest of the place it should not be necessarily to search!","9:./templates2/ocstyle/res_state_warning.tpl","Achtung! Dieser Geocache ist &bdquo;<span class=""errormsg"">%1</span>&ldquo;!</strong> Es befindet sich kein Behälter an den angegebenen (oder zu ermittelnden) Koordinaten. Im Interesse des Ortes sollte von einer Suche unbedingt abgesehen werden!","Attention! This Geocache is &quot;<span class=""errormsg"">%1</span>&quot;!</strong> There is no physical container at the specified (or to be determined) coordinates. In the interest of the place it should not be necessarily to search!","Attentie! Deze cache is &quot;<span class=""errormsg"">%1</span>&quot;!</strong> Er bevind zich geen behuizing op de aangegeven (of uitgerekende) coördinaten. Het is dan ook raadzaam om deze cache niet te gaan zoeken!","Attention! This Geocache is &quot;<span class=""errormsg"">%1</span>&quot;!</strong> There is no physical container at the specified (or to be determined) coordinates. In the interest of the place it should not be necessarily to search!","","Attention! This Geocache is &quot;<span class=""errormsg"">%1</span>&quot;!</strong> There is no physical container at the specified (or to be determined) coordinates. In the interest of the place it should not be necessarily to search!",""
"1702","Attention! This Geocache is &quot;<span class=""errormsg"">%1</span>&quot;!</strong> The geocache itself or parts of it are missing or there are other issues that make a successful search impossible. In the interest of the place it should not be necessarily to search!","13:./templates2/ocstyle/res_state_warning.tpl","Achtung! Dieser Geocache ist &bdquo;<span class=""errormsg"">%1</span>&ldquo;!</strong> Der Geocache selbst oder Teile davon sind nicht vorhanden oder es gibt andere Probleme, die eine erfolgreiche Suche unmöglich machen. Im Interesse des Ortes sollte von einer Suche unbedingt abgesehen werden!","Attention! This Geocache is &quot;<span class=""errormsg"">%1</span>&quot;!</strong> The geocache itself or parts of it are missing or there are other issues that make a successful search impossible. In the interest of the place it should not be necessarily to search!","Attentie! Deze cache is &quot;<span class=""errormsg"">%1</span>&quot;!</strong> De cache zelf of delen ervan zijn niet beschikbaar of er zijn andere problemen, die het vinden niet mogelijk kunnen maken. Het is dan ook raadzaam om deze cache niet te gaan zoeken!","Attention! This Geocache is &quot;<span class=""errormsg"">%1</span>&quot;!</strong> The geocache itself or parts of it are missing or there are other issues that make a successful search impossible. In the interest of the place it should not be necessarily to search!","","Attention! This Geocache is &quot;<span class=""errormsg"">%1</span>&quot;!</strong> The geocache itself or parts of it are missing or there are other issues that make a successful search impossible. In the interest of the place it should not be necessarily to search!",""
"1703","You have attended this event!","1207:./templates2/ocstyle/map2.tpl","Du hast dieses Event besucht!","You have attended this event!","U heeft dit evenement bezocht!","You have attended this event!","","You have attended this event!",""
"1704","You have already found this cache!","106:./templates2/ocstyle/viewcache.tpl","Du hast diesen Geocache bereits gefunden!","You have already found this cache!","Je hebt deze cache al gevonden!","You have already found this cache!","","You have already found this cache!",""
"1705","<i>Obsolete: This attribute cannot be assigned to new caches, because it does not fit our current terms of use.</i><br />This cache is listed at multiple geocaching sites, and the cache description at Opencaching may be incomplete. Links to the description at the external site(s) should be included in the listing. Please note that descriptions and status of multiple-listed caches have to be equally maintained at all sites including Opencaching, according to our current terms of use.","0:table:cache_attrib;field=html_desc","<i>Veraltet: Dieses Attribut kann bei neuen Geocaches nicht mehr verwendet werden, weil das Attribut unsere aktuellen Nutzungsbedingungen nicht erfüllt</i><br />Dieser Cache ist auf mehreren Geocaching-Seiten gelistet, und die Beschreibung bei Opencaching kann unvollständig sein. Die vollständige Beschreibung auf der/den externen Seiten sollte im Opencaching-Listing verlinkt sein. Wir weisen darauf hin, dass nach unseren aktuellen Nutzungsbedingungen auch stets auf Opencaching die Beschreibungen und der Cachestatus vom Eigentümer aktuell gehalten werden müssen. Dieses Attribut ermöglicht es z.B. PDA-Benutzern, Geocaches gezielt zu filtern, die keine vollständige Beschreibung enthalten und deshalb nicht unterwegs gelöst werden können. ","<i>Obsolete: This attribute cannot be assigned to new caches, because it does not fit our current terms of use.</i><br />This cache is listed at multiple geocaching sites, and the cache description at Opencaching may be incomplete. Links to the description at the external site(s) should be included in the listing. Please note that descriptions and status of multiple-listed caches have to be equally maintained at all sites including Opencaching, according to our current terms of use.","<i>Veroudert: Deze attribuut kan bij nieuwe caches niet meer gebruikt worden, omdat het attribuut niet meer aan de actuele gebruikersvoorwaarden voldoet</i><br />Deze cache is niet alleen op opencaching geplaatst, maar ook op andere cachesites. Dit geldt voor caches die door hun eigenaars gekoppeld aan de overeenkomstige vermeldingen op andere sites. Wij wijzen er op, dat ook op opencaching de veranderingen die de cache ondergaat vermeld dienen te worden zoals ook omschreven wordt in de gebruikersverklaring.","<i>Obsolete: This attribute cannot be assigned to new caches, because it does not fit our current terms of use.</i><br />This cache is listed at multiple geocaching sites, and the cache description at Opencaching may be incomplete. Links to the description at the external site(s) should be included in the listing. Please note that descriptions and status of multiple-listed caches have to be equally maintained at all sites including Opencaching, according to our current terms of use.","","<i>Obsolete: This attribute cannot be assigned to new caches, because it does not fit our current terms of use.</i><br />This cache is listed at multiple geocaching sites, and the cache description at Opencaching may be incomplete. Links to the description at the external site(s) should be included in the listing. Please note that descriptions and status of multiple-listed caches have to be equally maintained at all sites including Opencaching, according to our current terms of use.",""
"1706","This OC node","166:./lang/de/ocstyle/main.tpl.php","Diese OC-Seite","This OC node","Deze OC-site","This OC node","","This OC node",""
"1707","Other OC nodes","168:./lang/de/ocstyle/main.tpl.php","Andere OC-Seiten","Other OC nodes","Andere OC-sites","Other OC nodes","","Other OC nodes",""
"1708","The next events in %1","70:./templates2/ocstyle/start.tpl","Die nächsten Events in %1","The next events in %1","De volgende evenementen in %1","The next events in %1","","The next events in %1",""
"1709","Geocaches with most recommendations in the last %2 days in %1.","100:./templates2/ocstyle/start.tpl","Geocaches mit den meisten Empfehlungen innerhalb der letzten %2 Tage in %1.","Geocaches with most recommendations in the last %2 days in %1.","Geocaches with most recommendations in the last %2 days in %1.","Geocaches with most recommendations in the last %2 days in %1.","","Geocaches with most recommendations in the last %2 days in %1.",""
"1710","Newest caches in %1","143:./templates2/ocstyle/start.tpl","Neueste Caches in %1","Newest caches in %1","Nieuwste caches in %1","Newest caches in %1","","Newest caches in %1","Новые тайники в %1"
"1711","You need %1 more found log(s) to make another recommendation.","287:./templates2/ocstyle/log_cache.tpl","Du benötigst noch %1 Fund(e), um eine weitere Empfehlung vorzunehmen.","You need %1 more found log(s) to make another recommendation.","You need %1 more found log(s) to make another recommendation.","You need %1 more found log(s) to make another recommendation.","","You need %1 more found log(s) to make another recommendation.",""
"1713","You have recommended this cache.","","Du hast diesen Cache empfohlen.","You have recommended this cache.","Je hebt deze cache aanbevolen.","Has recomendado este cache.","","You have recommended this cache.",""
"1714","Revoke the recommendation","","Die Empfehlung zurückziehen","Revoke the recommendation","Aanbeveling terugtrekken","Revocar la recomendación","","Revoke the recommendation",""
"1717","Please select!","295:./newcache.php","Bitte auswählen!","Please select!","Alstublieft kiezen!","Please select!","","Please select!",""
"1718","Results on this page","89:./templates2/ocstyle/search.result.caches.tpl","Ergebnisse auf dieser Seite","Results on this page","Resultaat op deze pagina","Results on this page","","Results on this page",""
"1722","Do you really want to delete this entry?","29:./templates2/ocstyle/myignores.tpl","Möchtest du diesen Eintrag wirklich entfernen?","Do you really want to delete this entry?","Moet deze log werkelijk verwijderd worden?","Do you really want to delete this entry?","","Do you really want to delete this entry?",""
"1723","Do you really want to remove this recommendation?","41:./templates2/ocstyle/mytop5.tpl","Möchtest du wirklich die Empfehlung widerrufen?","Do you really want to remove this recommendation?","Moet deze aanbeveling werkelijk verwijderd worden?","Do you really want to remove this recommendation?","","Do you really want to remove this recommendation?",""
"1724","Route:","233:./templates2/ocstyle/viewcache.tpl","Strecke:","Route:","Route:","Route:","","Route:",""
"1725","Download as...","296:./templates2/ocstyle/viewcache.tpl","Download als ...","Download as...","Download als ...","Download as...","","Download as...",""
"1726","Remove log entry for <a href=""viewcache.php?cacheid={cacheid}"">{cachename}</a>","17:./lang/de/ocstyle/removelog_cacheowner.tpl.php","Logeintrag für <a href=""viewcache.php?cacheid={cacheid}"">{cachename}</a> entfernen","Remove log entry for <a href=""viewcache.php?cacheid={cacheid}"">{cachename}</a>","Log voor <a href=""viewcache.php?cacheid={cacheid}"">{cachename}</a> verwijderen","Remove log entry for <a href=""viewcache.php?cacheid={cacheid}"">{cachename}</a>","","Remove log entry for <a href=""viewcache.php?cacheid={cacheid}"">{cachename}</a>",""
"1727","Add new cache description to <a href=""viewcache.php?cacheid={cacheid}"">{name}</a>","31:./lang/de/ocstyle/newdesc.tpl.php","Neue Beschreibung für <a href=""viewcache.php?cacheid={cacheid}"">{name}</a> hinzufügen","Add new cache description to <a href=""viewcache.php?cacheid={cacheid}"">{name}</a>","Nieuwe beschrijving voor <a href=""viewcache.php?cacheid={cacheid}"">{name}</a> toevoegen","Add new cache description to <a href=""viewcache.php?cacheid={cacheid}"">{name}</a>","","Add new cache description to <a href=""viewcache.php?cacheid={cacheid}"">{name}</a>",""
"1728","Send to GPS device","305:./templates2/ocstyle/viewcache.tpl","An GPS-Gerät senden","Send to GPS device","Verstuur naar GPS","Send to GPS device","","Send to GPS device",""
"1729","Geokrety history","259:./templates2/ocstyle/viewcache.tpl","Geokrety-Verlauf","Geokrety history","Geokrety verleden","Geokrety history","","Geokrety history",""
"1730","New forum topcis (%1)","113:./templates2/ocstyle/start.tpl","Aktuelle Forenthemen (%1):","New forum topcis (%1)","Nieuw forum topic(s) (%1)","New forum topcis (%1)","","New forum topcis (%1)",""
"1731","Team blog","","Teamblog","Team blog","Team blog","Team blog","","Team blog",""
"1732","Forum","","Forum","Forum","Forum","Foro","","Forum",""
"1733","Geokrety","197:./lib/settings-dist.inc.php","GeoKrety","Geokrety","GeoKrety","Geokrety","","Geokrety",""
"1735","For Event Caches: The date of event!","333:./lang/de/ocstyle/editcache.tpl.php","Bei Events: Eventdatum!","For Event Caches: The date of event!","For Event Caches: The date of event!","For Event Caches: The date of event!","","For Event Caches: The date of event!",""
"1736","User-ID:","43:./templates2/ocstyle/adminuser.tpl","Benutzer-ID:","User-ID:","Gebruiker-ID:","User-ID:","","User-ID:",""
"1737","List","182:./templates2/ocstyle/viewcache.tpl","Liste","List","Lijst","List","","List",""
"1738","Event date:","236:./templates2/ocstyle/viewcache.tpl","Eventdatum:","Event date:","Evenement datum:","Event date:","","Event date:",""
"1739","Found: %1   Hidden: %2","49:./ocstats.php","Gefunden: %1  Versteckt: %2","Found: %1   Hidden: %2","Found: %1   Hidden: %2","Found: %1   Hidden: %2","","Found: %1   Hidden: %2",""
"1740","<Unknown user>","54:./ocstats.php","<Benutzer unbekannt>","<Unknown user>","<Onbekende gebruiker>","<Unknown user>","","<Unknown user>",""
"1745","Default logo","0:table:statpics;field=description","Standardlogo","Default logo","Standaardlogo","Default logo","","Default logo",""
"1747","Alternative logo by nybbler","0:table:statpics;field=description","Alternative by nybbler","Alternative logo by nybbler","Alternative logo by nybbler","Alternative logo by nybbler","","Alternative logo by nybbler",""
"1752","Alternative logo","0:table:statpics;field=description","Alternativlogo","Alternative logo","Alternative logo","Alternative logo","","Alternative logo",""
"1753","Slimline","0:table:statpics;field=description","Slimline","Slimline","Slimline","Slimline","","Slimline",""
"1754","Red logo, slimline","0:table:statpics;field=description","rotes Logo, slimline","Red logo, slimline","Red logo, slimline","Red logo, slimline","","Red logo, slimline",""
"1755","Slimline, without statistics","0:table:statpics;field=description","Slimline, ohne Statistik","Slimline, without statistics","Slimline, without statistics","Slimline, without statistics","","Slimline, without statistics",""
"1756","Slimline red, without statistics","0:table:statpics;field=description","Slimline rot, ohne Statistik","Slimline red, without statistics","Slimline red, without statistics","Slimline red, without statistics","","Slimline red, without statistics",""
"1757","Round corners","0:table:statpics;field=description","Runde Ecken","Round corners","Round corners","Round corners","","Round corners",""
"1758","The account is already activated. Please try to <a href=""login.php"">login</a>.<br /> If you cannot login, please read the following page: <a href=""%1"">Login problems</a>","63:./templates2/ocstyle/activation.tpl","Der Account ist bereits aktiviert. Versuche dich bitte <a href=""login.php"">einzuloggen</a>.<br /> Sollte der Login nicht möglich sein, lies bitte unter <a href=""%1"">Loginprobleme</a> nach, wie du das Problem beheben kannst.","The account is already activated. Please try to <a href=""login.php"">login</a>.<br /> If you cannot login, please read the following page: <a href=""%1"">Login problems</a>","Het account is al geactiveerd. Probeer <a href=""login.php"">inloggen</a>.<br /> Indien je niet in kunt loggen. lees dan de volgende pagina: <a href=""%1"">Problemen met inloggen</a>","The account is already activated. Please try to <a href=""login.php"">login</a>.<br /> If you cannot login, please read the following page: <a href=""%1"">Login problems</a>","","The account is already activated. Please try to <a href=""login.php"">login</a>.<br /> If you cannot login, please read the following page: <a href=""%1"">Login problems</a>",""
"1759","Note:","10:./templates2/ocstyle/cache_note.tpl","Notiz:","Note:","Note:","Note:","","Note:",""
"1760","Coordinates:","15:./templates2/ocstyle/cache_note.tpl","Koordinaten:","Coordinates:","Coördinaten:","Coordinates:","","Coordinates:",""
"1761","The note is not visible to other users. The note and the optional coordinate will be included in GPX-file downloads and sent to the GPS device.","29:./templates2/ocstyle/cache_note.tpl","Diese Notiz ist für andere Benutzer nicht sichtbar. Die Notiz und die Koordinaten sind in heruntergeladenen GPX-Dateien enthalten und werden an das GPS-Ger&auml;t gesendet.","The note is not visible to other users. The note and the optional coordinate will be included in GPX-file downloads and sent to the GPS device.","The note is not visible to other users. The note and the optional coordinate will be included in GPX-file downloads and sent to the GPS device.","The note is not visible to other users. The note and the optional coordinate will be included in GPX-file downloads and sent to the GPS device.","","The note is not visible to other users. The note and the optional coordinate will be included in GPX-file downloads and sent to the GPS device.",""
"1763","Your browser has rejected our cookie.<br /> For more information on this topic, see <a href=""%1"">Opencaching help</a>.","48:./templates2/ocstyle/error.tpl","Dein Browser hat das Cookie von %2 nicht gespeichert.<br /> Mehr Informationen findest du in der <a href=""%1"">Opencaching-Hilfe</a>.","Your browser has rejected our cookie.<br /> For more information on this topic, see <a href=""%1"">Opencaching help</a>.","Your browser has rejected our cookie.<br /> For more information on this topic, see <a href=""%1"">Opencaching help</a>.","Your browser has rejected our cookie.<br /> For more information on this topic, see <a href=""%1"">Opencaching help</a>.","","Your browser has rejected our cookie.<br /> For more information on this topic, see <a href=""%1"">Opencaching help</a>.",""
"1764","Personal cache note","52:./templates2/ocstyle/search.tpl.inc.php","Persönliche Notiz","Personal cache note","Persoonlijke cache notitie","Personal cache note","","Personal cache note",""
"1765","This geocache is probably placed within a nature reserve! Please see %1here</a> for further information.","496:./templates2/ocstyle/viewcache.tpl","Dieser Geocache liegt vermutlich in einem Naturschutzgebiet. Bitte verhalte dich entsprechend umsichtig! <font size=""1"">(%1Info</a>)</font>","This geocache is probably placed within a nature reserve! Please see %1here</a> for further information.","This geocache is probably placed within a nature reserve! Please see %1here</a> for further information.","This geocache is probably placed within a nature reserve! Please see %1here</a> for further information.","","This geocache is probably placed within a nature reserve! Please see %1here</a> for further information.",""
"1766","This geocache is probably placed within the following protected areas (%1Info</a>):","40:./lib2/logic/npas.inc.php","Dieser Geocache liegt vermutlich in den folgenden Schutzgebieten (%1Info</a>):","This geocache is probably placed within the following protected areas (%1Info</a>):","This geocache is probably placed within the following protected areas (%1Info</a>):","This geocache is probably placed within the following protected areas (%1Info</a>):","","This geocache is probably placed within the following protected areas (%1Info</a>):",""
"1767","Quick translation","33:./templates2/ocstyle/translate.tpl","Schnellübersetzung","Quick translation","Snelle vertaling","Quick translation","","Quick translation",""
"1768","Disable","34:./templates2/ocstyle/translate.tpl","Deaktivieren","Disable","Uitschakelen","Disable","","Disable",""
"1769","Enable - new","35:./templates2/ocstyle/translate.tpl","Aktivieren - neu","Enable - new","Enable - new","Enable - new","","Enable - new",""
"1770","Enable - all","36:./templates2/ocstyle/translate.tpl","Aktivieren - Alle","Enable - all","Enable - all","Enable - all","","Enable - all",""
"1771","Text download (new)","52:./templates2/ocstyle/translate.tpl","Text Download (neu)","Text download (new)","Text download (new)","Text download (new)","","Text download (new)",""
"1772","Text download (all)","53:./templates2/ocstyle/translate.tpl","Text Download (Alle)","Text download (all)","Text download (all)","Text download (all)","","Text download (all)",""
"1773","Text import","54:./templates2/ocstyle/translate.tpl","Text Import","Text import","Text import","Text import","","Text import",""
"1774","Text file containing the translations:","161:./templates2/ocstyle/translate.tpl","Text Datei mit den Übersetzungen","Text file containing the translations:","Text file containing the translations:","Text file containing the translations:","","Text file containing the translations:",""
"1775","Child waypoints","12:./templates2/ocstyle/childwp.tpl","Zusätzliche Wegpunkte","Child waypoints","Child waypoints","Child waypoints","","Child waypoints",""
"1776","Waypoint type:","26:./templates2/ocstyle/childwp.tpl","Wegpunkt-Typ:","Waypoint type:","Waypoint type:","Waypoint type:","","Waypoint type:",""
"1777","Please select type","29:./templates2/ocstyle/childwp.tpl","Bitte auswählen","Please select type","Please select type","Please select type","","Please select type",""
"1778","Coordinate:","45:./templates2/ocstyle/childwp.tpl","Koordinaten:","Coordinate:","Coördinaten:","Coordinate:","","Coordinate:",""
"1779","Download GPX file (max. 500 caches)","2262:./templates2/ocstyle/map2.tpl","Download GPX-Datei (max. 500 Caches)","Download GPX file (max. 500 caches)","Download GPX file (max. 500 caches)","Download GPX file (max. 500 caches)","","Download GPX file (max. 500 caches)",""
"1780","Add waypoint","21:src/Oc/Libse/ChildWp/AddPresenterChildWp.php","Wegpunkt hinzufügen","Add waypoint","Add waypoint","Add waypoint","","Add waypoint",""
"1781","Add new","28:src/Oc/Libse/ChildWp/AddPresenterChildWp.php","Hinzufügen","Add new","Add new","Add new","","Add new",""
"1782","Delete waypoint","21:src/Oc/Libse/ChildWp/DeletePresenterChildWp.php","Wegpunkt Löschen","Delete waypoint","Verwijder waypoint","Delete waypoint","","Delete waypoint",""
"1783","Edit waypoint","21:src/Oc/Libse/ChildWp/EditPresenterChildWp.php","Wegpunkt bearbeiten","Edit waypoint","Waypoint bewerken","Edit waypoint","","Edit waypoint",""
"1788","Parking","0:table:coordinates_type;field=name","Parkplatz","Parking","Parkeren","Parking","","Parking",""
"1789","Stage or reference point","0:table:coordinates_type;field=name","Station oder Referenzpunkt","Stage or reference point","Stage or reference point","Stage or reference point","","Stage or reference point",""
"1790","Additional waypoints","298:./lang/de/ocstyle/editcache.tpl.php","Zusätzliche Wegpunkte","Additional waypoints","Additional waypoints","Additional waypoints","","Additional waypoints",""
"1791","Add a waypoint","299:./lang/de/ocstyle/editcache.tpl.php","Wegpunkt hinzufügen","Add a waypoint","Waypoint toevoegen","Add a waypoint","","Add a waypoint",""
"1792","Additional waypoints can be entered to make searching easier, for example by pointing to a suitable parking location or start of a path (the waypoint's description may contain more information). They may also specify the stages of a multicache. The waypoints are shown on the map when the cache is selected, are included in GPX file downloads and will be sent to the GPS device.","309:./lang/de/ocstyle/editcache.tpl.php","Zusätzliche Wegpunkte können angelegt werden, um die Suche zu erleichtern, zum Beispiel indem sie einen Parkplatz oder Startpunkt für die Suche angeben. Außerdem können hier die Stationen eines Multicaches eingetragen werden. Die Wegpunkte werden bei Auswahl des Caches auf der Karte angezeigt, sind in heruntergeladenen GPX-Dateien enthalten und werden an das GPS-Gerät gesendet.","Additional waypoints can be entered to make searching easier, for example by pointing to a suitable parking location or start of a path (the waypoint's description may contain more information). They may also specify the stages of a multicache. The waypoints are shown on the map when the cache is selected, are included in GPX file downloads and will be sent to the GPS device.","Additional waypoints can be entered to make searching easier, for example by pointing to a suitable parking location or start of a path (the waypoint's description may contain more information). They may also specify the stages of a multicache. The waypoints are shown on the map when the cache is selected, are included in GPX file downloads and will be sent to the GPS device.","Additional waypoints can be entered to make searching easier, for example by pointing to a suitable parking location or start of a path (the waypoint's description may contain more information). They may also specify the stages of a multicache. The waypoints are shown on the map when the cache is selected, are included in GPX file downloads and will be sent to the GPS device.","","Additional waypoints can be entered to make searching easier, for example by pointing to a suitable parking location or start of a path (the waypoint's description may contain more information). They may also specify the stages of a multicache. The waypoints are shown on the map when the cache is selected, are included in GPX file downloads and will be sent to the GPS device.",""
"1793","No waypoints available","43:./lang/de/ocstyle/editcache.inc.php","Keine zusätzlichen Wegpunkte angelegt","No waypoints available","No waypoints available","No waypoints available","","No waypoints available",""
"1794","The additional waypoints are shown on the map when the cache is selected, are included in GPX file downloads and will be sent to the GPS device.","424:./templates2/ocstyle/viewcache.tpl","Die zusätzlichen Wegpunkte werden bei Auswahl des Caches auf der Karte angezeigt, sind in heruntergeladenen GPX-Dateien enthalten und werden an das GPS-Gerät gesendet.","The additional waypoints are shown on the map when the cache is selected, are included in GPX file downloads and will be sent to the GPS device.","The additional waypoints are shown on the map when the cache is selected, are included in GPX file downloads and will be sent to the GPS device.","The additional waypoints are shown on the map when the cache is selected, are included in GPX file downloads and will be sent to the GPS device.","","The additional waypoints are shown on the map when the cache is selected, are included in GPX file downloads and will be sent to the GPS device.",""
"1796","Published on:","1194:./templates2/ocstyle/map2.tpl","Veröffentlicht am:","Published on:","Published on:","Published on:","","Published on:",""
"1797","Changelog","255:./lang/de/ocstyle/lib/menu.php","Versionsgeschichte","Changelog","Changelog","Changelog","","Changelog",""
"1798","Opencaching e.V.","269:./lang/de/ocstyle/lib/menu.php","Verein","Opencaching e.V.","Opencaching e.V.","Opencaching e.V.","","Opencaching e.V.",""
"1799","Only available during specified seasons","0:table:cache_attrib;field=name","Nur zu bestimmten Zeiten im Jahr","Only available during specified seasons","Only available during specified seasons","Only available during specified seasons","","Only available during specified seasons",""
"1800","This cache can be done at certain seasons only - see the cache description for more details. For example, the cache may be placed in a corn labyrinth, which only exists from bloom to harvest season.","0:table:cache_attrib;field=html_desc","Dieser Cache l&auml;sst sich nur zu bestimmten Zeite im Jahr absolvieren. N&auml;heres ist in der Cachebeschreibung zu finden. Der Cache kann beispielsweise in einem Maislabyrinth versteckt sein, das nur zwischen Bl&uuml;te- und Erntezeit existiert.","This cache can be done at certain seasons only - see the cache description for more details. For example, the cache may be placed in a corn labyrinth, which only exists from bloom to harvest season.","This cache can be done at certain seasons only - see the cache description for more details. For example, the cache may be placed in a corn labyrinth, which only exists from bloom to harvest season.","This cache can be done at certain seasons only - see the cache description for more details. For example, the cache may be placed in a corn labyrinth, which only exists from bloom to harvest season.","","This cache can be done at certain seasons only - see the cache description for more details. For example, the cache may be placed in a corn labyrinth, which only exists from bloom to harvest season.",""
"1801","Help","170:./config2/settings.inc.php","Hilfe","Help","Help","Ayuda","","Help",""
"1802","Warning: This report is already assigned to another admin. Consult him first before you assume the report!","187:./templates2/ocstyle/adminreports.tpl","Vorsicht: Diese Cachemeldung wird bereits von einem anderen Admin bearbeitet. Bitte sprich dich mit ihm ab, bevor du sie &uuml;bernimmst!","Warning: This report is already assigned to another admin. Consult him first before you assume the report!","Warning: This report is already assigned to another admin. Consult him first before you assume the report!","Warning: This report is already assigned to another admin. Consult him first before you assume the report!","","Warning: This report is already assigned to another admin. Consult him first before you assume the report!",""
"1803","nano","396:./templates2/ocstyle/search.tpl","Nano","nano","nano","nano","","nano",""
"1804","Data license","435:./lib/common.inc.php","Datenlizenz","Data license","Gegevens licentie","Data license","","Data license",""
"1806","Please select only one of the delete/disable options!","77:./adminuser.php","Bitte wähle nur eine der Lösch-/Sperroptionen aus!","Please select only one of the delete/disable options!","Please select only one of the delete/disable options!","¡Por favor, selecciona sólo una de las opciones de eliminar / desactivar!","","Please select only one of the delete/disable options!",""
"1807","By submitting I accept the <a href=""articles.php?page=impressum#tos"" target=""_blank"">Opencaching.de Terms of Service</a> and the <a href=""articles.php?page=impressum#datalicense"" target=""_blank"">Opencaching.de Data license</a>.","364:./lang/de/ocstyle/editcache.tpl.php","Mit dem Absenden akzeptiere ich die <a href=""articles.php?page=impressum#tos"" target=""_blank"">Opencaching.de-Nutzungsbedingungen</a> und -<a href=""articles.php?page=impressum#datalicense"" target=""_blank"">Datenlizenz</a>.","By submitting I accept the <a href=""articles.php?page=impressum#tos"" target=""_blank"">Opencaching.de Terms of Service</a> and the <a href=""articles.php?page=impressum#datalicense"" target=""_blank"">Opencaching.de Data license</a>.","By submitting I accept the <a href=""articles.php?page=impressum#tos"" target=""_blank"">Opencaching.de Terms of Service</a> and the <a href=""articles.php?page=impressum#datalicense"" target=""_blank"">Opencaching.de Data license</a>.","By submitting I accept the <a href=""articles.php?page=impressum#tos"" target=""_blank"">Opencaching.de Terms of Service</a> and the <a href=""articles.php?page=impressum#datalicense"" target=""_blank"">Opencaching.de Data license</a>.","","By submitting I accept the <a href=""articles.php?page=impressum#tos"" target=""_blank"">Opencaching.de Terms of Service</a> and the <a href=""articles.php?page=impressum#datalicense"" target=""_blank"">Opencaching.de Data license</a>.",""
"1808","I've read and understand the <a target=""_blank"" href=""articles.php?page=dsb"">privacy statement</a>, the <a target=""_blank"" href=""articles.php?page=impressum#tos"">terms of service</a> and the <a href=""articles.php?page=impressum#datalicense"" target=""_blank"">Data license</a> and accept them.","185:./templates2/ocstyle/register.tpl","Die <a target=""_blank"" href=""articles.php?page=dsb"">Datenschutzerklärung</a>, die <a href=""articles.php?page=impressum#tos"" target=""_blank"">Nutzungsbedingungen</a> und die <a href=""articles.php?page=impressum#datalicense"" target=""_blank"">Datenlizenz</a> habe ich gelesen und bin damit einverstanden.","I've read and understand the <a target=""_blank"" href=""articles.php?page=dsb"">privacy statement</a>, the <a target=""_blank"" href=""articles.php?page=impressum#tos"">terms of service</a> and the <a href=""articles.php?page=impressum#datalicense"" target=""_blank"">Data license</a> and accept them.","I've read and understand the <a target=""_blank"" href=""articles.php?page=dsb"">privacy statement</a>, the <a target=""_blank"" href=""articles.php?page=impressum#tos"">terms of service</a> and the <a href=""articles.php?page=impressum#datalicense"" target=""_blank"">Data license</a> and accept them.","I've read and understand the <a target=""_blank"" href=""articles.php?page=dsb"">privacy statement</a>, the <a target=""_blank"" href=""articles.php?page=impressum#tos"">terms of service</a> and the <a href=""articles.php?page=impressum#datalicense"" target=""_blank"">Data license</a> and accept them.","","I've read and understand the <a target=""_blank"" href=""articles.php?page=dsb"">privacy statement</a>, the <a target=""_blank"" href=""articles.php?page=impressum#tos"">terms of service</a> and the <a href=""articles.php?page=impressum#datalicense"" target=""_blank"">Data license</a> and accept them.",""
"1809","You have to accept the privacy statement, the terms of service and the data license to register at %1.","187:./templates2/ocstyle/register.tpl","Du musst die Datenschutzerklärung, die Nutzungsbedingungen und die Datenlizenz akzeptieren, um dich bei %1 zu registrieren.","You have to accept the privacy statement, the terms of service and the data license to register at %1.","You have to accept the privacy statement, the terms of service and the data license to register at %1.","You have to accept the privacy statement, the terms of service and the data license to register at %1.","","You have to accept the privacy statement, the terms of service and the data license to register at %1.",""
"1810","When downloading this file, you accept our <a href=""articles.php?page=impressum#tos"">terms of use</a> and <a href=""articles.php?page=impressum#datalicense"" target=""_blank"">Data license</a>.","542:./templates2/ocstyle/viewcache.tpl","Mit dem Herunterladen dieser Datei akzeptierst du unsere <a href=""articles.php?page=impressum#tos"">Nutzungsbedingungen</a> und <a href=""articles.php?page=impressum#datalicense"" target=""_blank"">Datenlizenz</a>.","When downloading this file, you accept our <a href=""articles.php?page=impressum#tos"">terms of use</a> and <a href=""articles.php?page=impressum#datalicense"" target=""_blank"">Data license</a>.","When downloading this file, you accept our <a href=""articles.php?page=impressum#tos"">terms of use</a> and <a href=""articles.php?page=impressum#datalicense"" target=""_blank"">Data license</a>.","When downloading this file, you accept our <a href=""articles.php?page=impressum#tos"">terms of use</a> and <a href=""articles.php?page=impressum#datalicense"" target=""_blank"">Data license</a>.","","When downloading this file, you accept our <a href=""articles.php?page=impressum#tos"">terms of use</a> and <a href=""articles.php?page=impressum#datalicense"" target=""_blank"">Data license</a>.",""
"1811","Disable (and lock all geocaches owned) and remove all foreign licensed content","117:./templates2/ocstyle/adminuser.tpl","Deaktivieren (und Geocaches sperren) und alle Fremdlizenz-Inhalte löschen","Disable (and lock all geocaches owned) and remove all foreign licensed content","Disable (and lock all geocaches owned) and remove all foreign licensed content","Disable (and lock all geocaches owned) and remove all foreign licensed content","","Disable (and lock all geocaches owned) and remove all foreign licensed content",""
"1812","ID","43:./templates2/ocstyle/adminhistory.tpl","ID","ID","ID","ID","","ID",""
"1813","Owner","75:./templates2/ocstyle/adminreports.tpl","Besitzer","Owner","Eigenaar","Owner","","Owner",""
"1814","Reporter","45:./templates2/ocstyle/adminhistory.tpl","Melder","Reporter","Reporter","Reporter","","Reporter",""
"1815","You have to check that you are sure!","81:./adminuser.php","Du muss bestätigen, dass du sicher bist!","You have to check that you are sure!","You have to check that you are sure!","¡Tienes que comprobar que estas seguro!","","You have to check that you are sure!",""
"1816","The cache description was removed, because the owner declined the Opencaching.de data license.","1062:./lib2/logic/user.class.php","Die Cachebeschreibung wurde gelöscht, weil der Besitzer die Opencaching.de-Datenlizenz abgelehnt hat.","The cache description was removed, because the owner declined the Opencaching.de data license.","The cache description was removed, because the owner declined the Opencaching.de data license.","The cache description was removed, because the owner declined the Opencaching.de data license.","","The cache description was removed, because the owner declined the Opencaching.de data license.",""
"1817","User status was successfully changed.","20:./templates2/ocstyle/adminuser.tpl","Der Benutzerstatus wurde erfolgreich geändert.","User status was successfully changed.","User status was successfully changed.","User status was successfully changed.","","User status was successfully changed.",""
"1818","Spoiler","93:./templates2/ocstyle/res_logentry_logitem.tpl","Spoiler","Spoiler","Spoiler","Spoiler","","Spoiler",""
"1819","After saving, you may need to press the reload button in your browser to see the selected picture in your profile.","96:./templates2/ocstyle/change_statpic.tpl","Nach dem Speichern musst du evtl. auf den Seiten-Neuladeknopf deines Browsers drücken, um das gewählte Bild in deinem Profil zu sehen.","After saving, you may need to press the reload button in your browser to see the selected picture in your profile.","After saving, you may need to press the reload button in your browser to see the selected picture in your profile.","After saving, you may need to press the reload button in your browser to see the selected picture in your profile.","","After saving, you may need to press the reload button in your browser to see the selected picture in your profile.",""
"1820","You can now <a href=""login.php"">login</a> with the new password.","14:./templates2/ocstyle/newpw.tpl","Du kannst dich nun mit dem neuen Passwort <a href=""login.php"">anmelden</a>.","You can now <a href=""login.php"">login</a> with the new password.","You can now <a href=""login.php"">login</a> with the new password.","You can now <a href=""login.php"">login</a> with the new password.","","You can now <a href=""login.php"">login</a> with the new password.",""
"1821","OC.de new","0:table:statpics;field=description","OC.de neu","OC.de new","OC.de new","OC.de new","","OC.de new",""
"1822","OC.de new, slimline","0:table:statpics;field=description","OC.de neu, slimline","OC.de new, slimline","OC.de new, slimline","OC.de new, slimline","","OC.de new, slimline",""
"1823","OC.de new, without statistics","0:table:statpics;field=description","OC.de neu, ohne Statistik","OC.de new, without statistics","OC.de new, without statistics","OC.de new, without statistics","","OC.de new, without statistics",""
"1824","Verify email address","13:./templates2/ocstyle/verifyemail.tpl","E-Mail-Adresse bestätigen","Verify email address","Verifieer het e-mailadres","Verify email address","","Verify email address",""
"1825","One or more e-mails could not be delivered to the address you specified in your user profile:","17:./templates2/ocstyle/verifyemail.tpl","Eine oder mehrere Emails konnte nicht an deine hinterlegte Adresse zugestellt werden:","One or more e-mails could not be delivered to the address you specified in your user profile:","One or more e-mails could not be delivered to the address you specified in your user profile:","One or more e-mails could not be delivered to the address you specified in your user profile:","","One or more e-mails could not be delivered to the address you specified in your user profile:",""
"1826","Please confirm that this email address is correct, or enter a new one.","19:./templates2/ocstyle/verifyemail.tpl","Bitte bestätige, dass diese Adresse korrekt ist, oder gib eine neue ein!","Please confirm that this email address is correct, or enter a new one.","Please confirm that this email address is correct, or enter a new one.","Please confirm that this email address is correct, or enter a new one.","","Please confirm that this email address is correct, or enter a new one.",""
"1827","Enter new email address","22:./templates2/ocstyle/verifyemail.tpl","Neue Adresse eingeben","Enter new email address","Enter new email address","Enter new email address","","Enter new email address",""
"1828","Confirm this email address","23:./templates2/ocstyle/verifyemail.tpl","Diese Adresse bestätigen","Confirm this email address","Confirm this email address","Confirm this email address","","Confirm this email address",""
"1829","Mark e-mail address as invalid","136:./templates2/ocstyle/adminuser.tpl","E-Mail-Adresse als ungültig markieren","Mark e-mail address as invalid","Mark e-mail address as invalid","Mark e-mail address as invalid","","Mark e-mail address as invalid",""
"1830","data license mail was not delivered","136:./templates2/ocstyle/adminuser.tpl","Datenlizenzmail wurde nicht zugestellt","data license mail was not delivered","data license mail was not delivered","data license mail was not delivered","","data license mail was not delivered",""
"1831","Admins","0:table:sys_menu;field=menustring","Administratoren","Admins","Admins","Admins","","Admins",""
"1832","Rights","16:./templates2/ocstyle/admins.tpl","Rechte","Rights","Rechten","Rights","","Rights",""
"1833","Admin rights can be granted and revoked by a system administrator with database access.","27:./templates2/ocstyle/admins.tpl","Adminrechte können von einem Systemadministrator mit Datenbankzugriff vergeben oder entzogen werden.","Admin rights can be granted and revoked by a system administrator with database access.","Admin rights can be granted and revoked by a system administrator with database access.","Admin rights can be granted and revoked by a system administrator with database access.","","Admin rights can be granted and revoked by a system administrator with database access.",""
"1834","declined data license","61:./templates2/ocstyle/adminuser.tpl","Datenlizenz abgelehnt","declined data license","declined data license","declined data license","","declined data license",""
"1835","The user account has been disabled, because the user declined the <a href=""articles.php?page=impressum#datalicense"">data license</a>. Cache descriptions, log texts and pictures have been deleted.","59:./templates2/ocstyle/viewprofile.tpl","Das Benutzerprofil wurde deaktiviert, weil der Benutzer die <a href=""articles.php?page=impressum#datalicense"">Datenlizenz</a> abgelehnt hat. Cachebeschreibungen, Logtexte und Bilder des Benutzers wurden entfernt.","The user account has been disabled, because the user declined the <a href=""articles.php?page=impressum#datalicense"">data license</a>. Cache descriptions, log texts and pictures have been deleted.","The user account has been disabled, because the user declined the <a href=""articles.php?page=impressum#datalicense"">data license</a>. Cache descriptions, log texts and pictures have been deleted.","The user account has been disabled, because the user declined the <a href=""articles.php?page=impressum#datalicense"">data license</a>. Cache descriptions, log texts and pictures have been deleted.","","The user account has been disabled, because the user declined the <a href=""articles.php?page=impressum#datalicense"">data license</a>. Cache descriptions, log texts and pictures have been deleted.",""
"1838","Username or email address:","14:./templates2/ocstyle/adminuser.tpl","Benutzername oder Email-Adresse:","Username or email address:","Gebruikersnaam of e-mailadres:","Username or email address:","","Username or email address:",""
"1839","You must select a search to overwrite.","117:./templates2/ocstyle/query.tpl","Es muss eine zu überschreibende Suche gewählt werden.","You must select a search to overwrite.","You must select a search to overwrite.","You must select a search to overwrite.","","You must select a search to overwrite.",""
"1840","Link to this map view:","2301:./templates2/ocstyle/map2.tpl","Link für diese Kartenansicht:","Link to this map view:","Link to this map view:","Link to this map view:","","Link to this map view:",""
"1841","Your Internet Explorer is too old to display the map. Please upgrade at least to version 7, better 8.","32:./templates2/ocstyle/map2.tpl","Dein Internet Explorer ist zu alt, um die Karte darzustellen. Bitte installiere mindestens Version 7, besser Version 8.","Your Internet Explorer is too old to display the map. Please upgrade at least to version 7, better 8.","Your Internet Explorer is too old to display the map. Please upgrade at least to version 7, better 8.","Your Internet Explorer is too old to display the map. Please upgrade at least to version 7, better 8.","","Your Internet Explorer is too old to display the map. Please upgrade at least to version 7, better 8.",""
"1842","Go to home coordinates","2258:./templates2/ocstyle/map2.tpl","zu den den Heimatkoordinaten springen","Go to home coordinates","Go to home coordinates","Go to home coordinates","","Go to home coordinates",""
"1843","Switch to small map","2278:./templates2/ocstyle/map2.tpl","zurück zur kleinen Kartenansicht","Switch to small map","Switch to small map","Switch to small map","","Switch to small map",""
"1844","Between 1 and 500 caches must be displayed for download.","1493:./templates2/ocstyle/map2.tpl","1-500 Caches müssen sichtbar sein, um den Download zu starten.","Between 1 and 500 caches must be displayed for download.","Between 1 and 500 caches must be displayed for download.","Between 1 and 500 caches must be displayed for download.","","Between 1 and 500 caches must be displayed for download.",""
"1846","Please select waypoint type ","","Wähle einen Wegpunkttyp aus ","Please select waypoint type ","Please select waypoint type ","Please select waypoint type ","","Please select waypoint type ",""
"1847","invalid coordinate ","","ungültige Koordinate ","invalid coordinate ","invalid coordinate ","invalid coordinate ","","invalid coordinate ",""
"1848","Registered since:","208:./templates2/ocstyle/myprofile.tpl","Registriert seit:","Registered since:","Geregistreerd sinds:","Registered since:","","Registered since:",""
"1849","Map is being updated","1928:./templates2/ocstyle/map2.tpl","Karte wird aktualisiert","Map is being updated","Map is being updated","Map is being updated","","Map is being updated",""
"1850","was not found (with the selected settings)","1846:./templates2/ocstyle/map2.tpl","wurde (mit den gewählten Einstellungen) nicht gefunden","was not found (with the selected settings)","was not found (with the selected settings)","was not found (with the selected settings)","","was not found (with the selected settings)",""
"1851","Map display with Microsoft Internet Explorer is slow and restricted to %1 geocaches. Use another browser for better performance.","2231:./templates2/ocstyle/map2.tpl","Die Kartendarstellung mit dem Microsoft Internet Explorer ist relativ langsam und auf %1 Geocaches beschränkt.<br />Verwende einen anderen Browser, um die Karte voll nutzen zu können!","Map display with Microsoft Internet Explorer is slow and restricted to %1 geocaches. Use another browser for better performance.","Map display with Microsoft Internet Explorer is slow and restricted to %1 geocaches. Use another browser for better performance.","Map display with Microsoft Internet Explorer is slow and restricted to %1 geocaches. Use another browser for better performance.","","Map display with Microsoft Internet Explorer is slow and restricted to %1 geocaches. Use another browser for better performance.",""
"1852","Geocaches found, nearest first:","1804:./templates2/ocstyle/map2.tpl","Gefundene Caches, geordnet nach Entfernung:","Geocaches found, nearest first:","Geocaches found, nearest first:","Geocaches found, nearest first:","","Geocaches found, nearest first:",""
"1853","Places found via Google:","1782:./templates2/ocstyle/map2.tpl","Gefundene Orte (Google):","Places found via Google:","Places found via Google:","Places found via Google:","","Places found via Google:",""
"1855","Traditional","0:table:cache_type;field=short2","normal","Traditional","Traditioneel","Traditional","","Traditional",""
"1857","Virtual","0:table:cache_type;field=short2","virtuell","Virtual","Virtueel","Virtual","","Virtual",""
"1859","Event","0:table:cache_type;field=short2","Event","Event","Evenement","Event","","Event",""
"1860","Quiz","0:table:cache_type;field=short2","Rätsel","Quiz","Puzzel","Quiz","","Quiz",""
"1861","Math/Physics","0:table:cache_type;field=short2","Mathe/Physik","Math/Physics","Wiskunde/natuurkunde","Math/Physics","","Math/Physics",""
"1862","Moving","0:table:cache_type;field=short2","beweglich","Moving","Moving","Moving","","Moving",""
"1863","Drive-in","0:table:cache_type;field=short2","Drive-in","Drive-in","Drive-in","Drive-in","","Drive-in",""
"1865","Loading map","2324:./templates2/ocstyle/map2.tpl","Karte wird geladen","Loading map","Loading map","Loading map","","Loading map",""
"1866","Instructions","790:./lib/common.inc.php","Anleitung","Instructions","Instructies","Instructions","","Instructions",""
"1867","Menu option 'Map' shows:","2332:./templates2/ocstyle/map2.tpl","Menüpunkt 'Karte' zeigt:","Menu option 'Map' shows:","Menu option 'Map' shows:","Menu option 'Map' shows:","","Menu option 'Map' shows:",""
"1868","small map","2332:./templates2/ocstyle/map2.tpl","kleine Karte","small map","kleine kaart","small map","","small map",""
"1869","fullscreen map","2332:./templates2/ocstyle/map2.tpl","Vollbildkarte","fullscreen map","fullscreen map","fullscreen map","","fullscreen map",""
"1870","Show overview map:","2333:./templates2/ocstyle/map2.tpl","Übersichtskarte anzeigen:","Show overview map:","Show overview map:","Show overview map:","","Show overview map:",""
"1871","Maximum caches on map<br />(%1-%2, 0=automatic):","2334:./templates2/ocstyle/map2.tpl","max. Caches auf der Karte<br />(%1-%2, 0=automatisch):","Maximum caches on map<br />(%1-%2, 0=automatic):","Maximum caches on map<br />(%1-%2, 0=automatic):","Maximum caches on map<br />(%1-%2, 0=automatic):","","Maximum caches on map<br />(%1-%2, 0=automatic):",""
"1872","Cache icons:","2341:./templates2/ocstyle/map2.tpl","Cachesymbole:","Cache icons:","Cache icons:","Cache icons:","","Cache icons:",""
"1873","classic OC","2341:./templates2/ocstyle/map2.tpl","OC klassisch","classic OC","classic OC","classic OC","","classic OC",""
"1874","OKAPI style","2341:./templates2/ocstyle/map2.tpl","OKAPI-Stil","OKAPI style","OKAPI style","OKAPI style","","OKAPI style",""
"1875","You must be logged in to change map settings.","2343:./templates2/ocstyle/map2.tpl","Du musst eingeloggt sein, um die Einstellungen zu ändern.","You must be logged in to change map settings.","You must be logged in to change map settings.","You must be logged in to change map settings.","","You must be logged in to change map settings.",""
"1876","Map data &copy; <a href=""http://www.openstreetmap.org/copyright"" target=""_blank"">OpenStreetMap</a> contributors","516:./templates2/ocstyle/map2.tpl","Kartendaten &copy; <a href=""http://www.openstreetmap.org/copyright"" target=""_blank"">OpenStreetMap</a>-Mitwirkende","Map data &copy; <a href=""http://www.openstreetmap.org/copyright"" target=""_blank"">OpenStreetMap</a> contributors","Map data &copy; <a href=""http://www.openstreetmap.org/copyright"" target=""_blank"">OpenStreetMap</a> contributors","Map data &copy; <a href=""http://www.openstreetmap.org/copyright"" target=""_blank"">OpenStreetMap</a> contributors","","Map data &copy; <a href=""http://www.openstreetmap.org/copyright"" target=""_blank"">OpenStreetMap</a> contributors",""
"1877","tiles provided by <a href=""http://www.mapquest.com/"" target=""_blank"">MapQuest</a>","518:./templates2/ocstyle/map2.tpl","Kacheln bereitgestellt von <a href=""http://www.mapquest.com/"" target=""_blank"">MapQuest</a>","tiles provided by <a href=""http://www.mapquest.com/"" target=""_blank"">MapQuest</a>","tiles provided by <a href=""http://www.mapquest.com/"" target=""_blank"">MapQuest</a>","tiles provided by <a href=""http://www.mapquest.com/"" target=""_blank"">MapQuest</a>","","tiles provided by <a href=""http://www.mapquest.com/"" target=""_blank"">MapQuest</a>",""
"1878","Map data &copy; <a href=""http://www.openstreetmap.org/copyright"" target=""_blank"">OpenStreetMap</a> and <a href=""http://www.thunderforest.com/opencyclemap/"" target=""_blank"">OpenCycleMap</a> contributors","514:./templates2/ocstyle/map2.tpl","Kartendaten &copy; <a href=""http://www.openstreetmap.org/copyright"" target=""_blank"">OpenStreetMap</a>- und <a href=""http://www.thunderforest.com/opencyclemap/"" target=""_blank"">OpenCycleMap</a>-Mitwirkende","Map data &copy; <a href=""http://www.openstreetmap.org/copyright"" target=""_blank"">OpenStreetMap</a> and <a href=""http://www.thunderforest.com/opencyclemap/"" target=""_blank"">OpenCycleMap</a> contributors","Map data &copy; <a href=""http://www.openstreetmap.org/copyright"" target=""_blank"">OpenStreetMap</a> and <a href=""http://www.thunderforest.com/opencyclemap/"" target=""_blank"">OpenCycleMap</a> contributors","Map data &copy; <a href=""http://www.openstreetmap.org/copyright"" target=""_blank"">OpenStreetMap</a> and <a href=""http://www.thunderforest.com/opencyclemap/"" target=""_blank"">OpenCycleMap</a> contributors","","Map data &copy; <a href=""http://www.openstreetmap.org/copyright"" target=""_blank"">OpenStreetMap</a> and <a href=""http://www.thunderforest.com/opencyclemap/"" target=""_blank"">OpenCycleMap</a> contributors",""
"1879","Cache reports","36:./templates2/ocstyle/adminhistory.tpl","Cachemeldungen","Cache reports","Cache reports","Cache reports","","Cache reports",""
"1880","Vandalism","0:table:sys_menu;field=menustring","Vandalismus","Vandalism","Vandalism","Vandalism","","Vandalism",""
"1881","Revert Vandalism","10:./templates2/ocstyle/restorecaches.tpl","Vandalismus zurücksetzen","Revert Vandalism","Revert Vandalism","Revert Vandalism","","Revert Vandalism",""
"1882","User '%1' is unknown","29:./templates2/ocstyle/restorecaches.tpl","Benutzer '%1' is unbekannt","User '%1' is unknown","User '%1' is unknown","User '%1' is unknown","","User '%1' is unknown",""
"1883","%1 has not listed any caches","31:./templates2/ocstyle/restorecaches.tpl","%1 hat keine Caches veröffentlicht","%1 has not listed any caches","%1 has not listed any caches","%1 has not listed any caches","","%1 has not listed any caches",""
"1884","Restore cache listings of %1","38:./templates2/ocstyle/restorecaches.tpl","Cache-Listings von %1 wiederherstellen","Restore cache listings of %1","Restore cache listings of %1","Restore cache listings of %1","","Restore cache listings of %1",""
"1885","User '%1' is not disabled. You can view recorded changes, but not revert them.","41:./templates2/ocstyle/restorecaches.tpl","Der Benutzer '%1' is nicht deaktiviert. Du kannst aufgezeichnete Änderungen für seine Caches sehen, aber nicht zurücksetzen.","User '%1' is not disabled. You can view recorded changes, but not revert them.","User '%1' is not disabled. You can view recorded changes, but not revert them.","User '%1' is not disabled. You can view recorded changes, but not revert them.","","User '%1' is not disabled. You can view recorded changes, but not revert them.",""
"1886","You did not select any caches.","48:./templates2/ocstyle/restorecaches.tpl","Du hast keine Caches ausgewählt.","You did not select any caches.","You did not select any caches.","You did not select any caches.","","You did not select any caches.",""
"1887","No saved data is available for these caches.","50:./templates2/ocstyle/restorecaches.tpl","Für diese Caches sind keine aufgezeichneten Daten verfügbar.","No saved data is available for these caches.","No saved data is available for these caches.","No saved data is available for these caches.","","No saved data is available for these caches.",""
"1888","You must select a date.","52:./templates2/ocstyle/restorecaches.tpl","Du musst ein Datum wählen.","You must select a date.","You must select a date.","You must select a date.","","You must select a date.",""
"1889","Use your browser's 'back' button to try again.","52:./templates2/ocstyle/restorecaches.tpl","Verwende den 'Zurück'-Knopf deines Browsers, um es noch einmal zu versuchen.","Use your browser's 'back' button to try again.","Use your browser's 'back' button to try again.","Use your browser's 'back' button to try again.","","Use your browser's 'back' button to try again.",""
"1890","You must choose the listing elements to be restored.","54:./templates2/ocstyle/restorecaches.tpl","Du must auswählen, welche Teile der Listings wiederhergestellt werden sollen.","You must choose the listing elements to be restored.","You must choose the listing elements to be restored.","You must choose the listing elements to be restored.","","You must choose the listing elements to be restored.",""
"1891","You did not say that you are sure.","56:./templates2/ocstyle/restorecaches.tpl","Du hast nicht bestätigt, dass du sicher bist.","You did not say that you are sure.","You did not say that you are sure.","You did not say that you are sure.","","You did not say that you are sure.",""
"1892","Please select the listings to restore","71:./templates2/ocstyle/restorecaches.tpl","Bitte wähle die wiederherzustellenden Listings","Please select the listings to restore","Please select the listings to restore","Please select the listings to restore","","Please select the listings to restore",""
"1893","modified","83:./templates2/ocstyle/restorecaches.tpl","geändert","modified","modified","modified","","modified",""
"1894","The user changed one or more of these caches today, therefore you cannot revert changes. This can be done not before tomorrow.","123:./templates2/ocstyle/restorecaches.tpl","Der Benutzer hat einen oder mehrere dieser Caches erst heute geändert. Du kannst die Änderungen frühestens morgen zurücksetzen.","The user changed one or more of these caches today, therefore you cannot revert changes. This can be done not before tomorrow.","The user changed one or more of these caches today, therefore you cannot revert changes. This can be done not before tomorrow.","The user changed one or more of these caches today, therefore you cannot revert changes. This can be done not before tomorrow.","","The user changed one or more of these caches today, therefore you cannot revert changes. This can be done not before tomorrow.",""
"1895","none","197:./templates2/ocstyle/restorecaches.tpl","keine","none","geen","none","","none",""
"1896","Go on","100:./templates2/ocstyle/restorecaches.tpl","Weiter ...","Go on","Go on","Go on","","Go on",""
"1897","to the date selection","100:./templates2/ocstyle/restorecaches.tpl","zur Datumsauswahl","to the date selection","to the date selection","to the date selection","","to the date selection",""
"1898","Please select the date from which on all changes are to be reverted.<br />The listing will be reset to the contents it had on that day at 00:00:00.","126:./templates2/ocstyle/restorecaches.tpl","Bitte wähle das Datum aus, ab dem alle Änderungen rückgängig gemacht werden sollen.<br />Das Listing wird auf den Stand zurückgesetzt, den es an diesem Tag um 00:00 Uhr hatte.","Please select the date from which on all changes are to be reverted.<br />The listing will be reset to the contents it had on that day at 00:00:00.","Please select the date from which on all changes are to be reverted.<br />The listing will be reset to the contents it had on that day at 00:00:00.","Please select the date from which on all changes are to be reverted.<br />The listing will be reset to the contents it had on that day at 00:00:00.","","Please select the date from which on all changes are to be reverted.<br />The listing will be reset to the contents it had on that day at 00:00:00.",""
"1900","Changes","134:./templates2/ocstyle/restorecaches.tpl","Änderungen","Changes","Changes","Changes","","Changes",""
"1901","Warning: If you revert any owner-made listing changes of <em>today</em>, your revert will be final. It cannot be corrected / undone afterwards. Only reverts of coords &amp; country, logs and pictures will be logged in this case, so all other changes will not be comprehensible. Therefore <span style=""text-decoration:underline"">it is strongly recommended to revert vandalism not before the next day!</span>","158:./templates2/ocstyle/restorecaches.tpl","Warnung: Wenn du vom Owner <em>heute</em> vorgenommene Änderungen zurücksetzt, wird dies endgültig sein. Es kann nachher nicht mehr korrigiert bzw. rückgängig gemacht werden. Nur Änderungen an Koordinaten, Land, Logs und Bildern werden dabei aufgezeichnet, sodass alle anderen Zurücksetzungen nicht mehr nachvollziehbar sind. Daher <span style=""text-decoration:underline"">sollte Vandalismus frühestens am nachfolgenden Tag zurückgesetzt werden!</span>","Warning: If you revert any owner-made listing changes of <em>today</em>, your revert will be final. It cannot be corrected / undone afterwards. Only reverts of coords &amp; country, logs and pictures will be logged in this case, so all other changes will not be comprehensible. Therefore <span style=""text-decoration:underline"">it is strongly recommended to revert vandalism not before the next day!</span>","Warning: If you revert any owner-made listing changes of <em>today</em>, your revert will be final. It cannot be corrected / undone afterwards. Only reverts of coords &amp; country, logs and pictures will be logged in this case, so all other changes will not be comprehensible. Therefore <span style=""text-decoration:underline"">it is strongly recommended to revert vandalism not before the next day!</span>","Warning: If you revert any owner-made listing changes of <em>today</em>, your revert will be final. It cannot be corrected / undone afterwards. Only reverts of coords &amp; country, logs and pictures will be logged in this case, so all other changes will not be comprehensible. Therefore <span style=""text-decoration:underline"">it is strongly recommended to revert vandalism not before the next day!</span>","","Warning: If you revert any owner-made listing changes of <em>today</em>, your revert will be final. It cannot be corrected / undone afterwards. Only reverts of coords &amp; country, logs and pictures will be logged in this case, so all other changes will not be comprehensible. Therefore <span style=""text-decoration:underline"">it is strongly recommended to revert vandalism not before the next day!</span>",""
"1902","coordinates and country","163:./templates2/ocstyle/restorecaches.tpl","Koordinaten und Land","coordinates and country","coordinates and country","coordinates and country","","coordinates and country",""
"1903","name, settings, attributes and hide-date","164:./templates2/ocstyle/restorecaches.tpl","Name, Eigenschaften, Attribute und Versteckdatum","name, settings, attributes and hide-date","name, settings, attributes and hide-date","name, settings, attributes and hide-date","","name, settings, attributes and hide-date",""
"1904","GC/NC waypoints","165:./templates2/ocstyle/restorecaches.tpl","GC/NC-Wegpunkte","GC/NC waypoints","GC/NC waypoints","GC/NC waypoints","","GC/NC waypoints",""
"1905","description(s) incl. pictures","166:./templates2/ocstyle/restorecaches.tpl","Beschreibung(en) inkl. Bildern","description(s) incl. pictures","description(s) incl. pictures","description(s) incl. pictures","","description(s) incl. pictures",""
"1906","logs incl. pictures","167:./templates2/ocstyle/restorecaches.tpl","Logs inkl. Bildern","logs incl. pictures","logs incl. pictures","logs incl. pictures","","logs incl. pictures",""
"1907","nothing","168:./templates2/ocstyle/restorecaches.tpl","Nichts","nothing","niets","nothing","","nothing",""
"1908","Excluded from restore: cache status, OConly attribute, additional waypoints, log password, preview picture status","171:./templates2/ocstyle/restorecaches.tpl","Von der Wiederherstellung ausgenommen: Cachestatus, OConly-Attribut, zusätzliche Wegpunkte, Logpasswort, Vorschaubild-Markierung","Excluded from restore: cache status, OConly attribute, additional waypoints, log password, preview picture status","Excluded from restore: cache status, OConly attribute, additional waypoints, log password, preview picture status","Excluded from restore: cache status, OConly attribute, additional waypoints, log password, preview picture status","","Excluded from restore: cache status, OConly attribute, additional waypoints, log password, preview picture status",""
"1909","simulate","175:./templates2/ocstyle/restorecaches.tpl","simulieren","simulate","simulate","simulate","","simulate",""
"1910","You are root admin and can override the warnings. Take care!","180:./templates2/ocstyle/restorecaches.tpl","Du bist Root-Admin und kannst daher die Warnungen übergehen. Sei vorsichtig!","You are root admin and can override the warnings. Take care!","You are root admin and can override the warnings. Take care!","You are root admin and can override the warnings. Take care!","","You are root admin and can override the warnings. Take care!",""
"1911","The following cache listings would have been reset to the state before %1","190:./templates2/ocstyle/restorecaches.tpl","Die folgenden Listings wären auf den Stand vor %1 zurückgesetzt worden","The following cache listings would have been reset to the state before %1","The following cache listings would have been reset to the state before %1","The following cache listings would have been reset to the state before %1","","The following cache listings would have been reset to the state before %1",""
"1912","The following cache listings have been reset to the state before %1","192:./templates2/ocstyle/restorecaches.tpl","Die folgenden Listings wurden auf den Stand vor %1 zurückgesetzt","The following cache listings have been reset to the state before %1","The following cache listings have been reset to the state before %1","The following cache listings have been reset to the state before %1","","The following cache listings have been reset to the state before %1",""
"1913","Restore","161:./templates2/ocstyle/restorecaches.tpl","Wiederherstellen","Restore","Herstellen","Restore","","Restore",""
"1914","all","168:./templates2/ocstyle/restorecaches.tpl","Alles","all","alle","all","","all",""
"1915","deleted","89:./templates2/ocstyle/adminuser.tpl","gelöscht","deleted","verwijderd","deleted","","deleted",""
"1916","Archived","","Archiviert","Archived","Gearchiveerd","Archived","","Archived",""
"1919","New log pictures","9:./templates2/ocstyle/newlogpics.tpl","Neue Logbilder","New log pictures","New log pictures","New log pictures","","New log pictures",""
"1920","D","131:./templates2/ocstyle/search.result.caches.tpl","D","D","M","D","","D",""
"1921","T","132:./templates2/ocstyle/search.result.caches.tpl","T","T","T","T","","T",""
"1922","click on spoiler to display","627:./lib2/search/search.gpx.inc.php","Spoiler anklicken zum Anzeigen","click on spoiler to display","click on spoiler to display","click on spoiler to display","","click on spoiler to display",""
"1923","for","","für","for","voor","para","","for",""
"1924","The cache has %1 %2additional waypoints%3.","1224:./templates2/ocstyle/map2.tpl","Der Cache hat %1 %2zusätzliche Wegpunkte%3.","The cache has %1 %2additional waypoints%3.","The cache has %1 %2additional waypoints%3.","The cache has %1 %2additional waypoints%3.","","The cache has %1 %2additional waypoints%3.",""
"1925","The cache has an %2additional waypoint%3.","1226:./templates2/ocstyle/map2.tpl","Der Cache hat einen %2zusätzlichen Wegpunkt%3.","The cache has an %2additional waypoint%3.","The cache has an %2additional waypoint%3.","The cache has an %2additional waypoint%3.","","The cache has an %2additional waypoint%3.",""
"1926","Path","0:table:coordinates_type;field=name","Pfad","Path","Pad","Path","","Path",""
"1927","Final","0:table:coordinates_type;field=name","Ziel","Final","Laatste","Final","","Final",""
"1928","Show %1preview pictures</a><br />(% of map area, 0=off):","2342:./templates2/ocstyle/map2.tpl","%1Vorschaubilder</a> anzeigen<br />(% der Kartenfläche, 0=aus):","Show %1preview pictures</a><br />(% of map area, 0=off):","Show %1preview pictures</a><br />(% of map area, 0=off):","Show %1preview pictures</a><br />(% of map area, 0=off):","","Show %1preview pictures</a><br />(% of map area, 0=off):",""
"1929","Preview picture for map &ndash; is shown when this cache is selected on the map.<br />You can have only <em>one</em> preview picture per cache.","122:./templates2/ocstyle/picture.tpl","Kartenvorschaubild &ndash; wird angezeigt, wenn dieser Cache auf der Karte angeklickt wird.<br />Es ist maximal <em>ein</em> Vorschaubild pro Cache wählbar.","Preview picture for map &ndash; is shown when this cache is selected on the map.<br />You can have only <em>one</em> preview picture per cache.","Preview picture for map &ndash; is shown when this cache is selected on the map.<br />You can have only <em>one</em> preview picture per cache.","Preview picture for map &ndash; is shown when this cache is selected on the map.<br />You can have only <em>one</em> preview picture per cache.","","Preview picture for map &ndash; is shown when this cache is selected on the map.<br />You can have only <em>one</em> preview picture per cache.",""
"1930","Max. %1 caches can be displayed with Microsoft Internet Explorer.","2338:./templates2/ocstyle/map2.tpl","Mit dem Microsoft Internet Explorer werden<br />maximal %1 Caches angezeigt.","Max. %1 caches can be displayed with Microsoft Internet Explorer.","Max. %1 caches can be displayed with Microsoft Internet Explorer.","Max. %1 caches can be displayed with Microsoft Internet Explorer.","","Max. %1 caches can be displayed with Microsoft Internet Explorer.",""
"1940","Picture gallery","0:table:sys_menu;field=menustring","Logbildgalerie","Picture gallery","Picture gallery","Picture gallery","","Picture gallery",""
"1941","Dates show the date of picture upload, wich can differ from the log date. Therefore old dates can appear in the list.","14:./templates2/ocstyle/newlogpics.tpl","Es wird jeweils das Datum angezeigt, an dem das Bild hochgeladen wurde, das heißt es kann vom Logdatum abweichen.","Dates show the date of picture upload, wich can differ from the log date. Therefore old dates can appear in the list.","Dates show the date of picture upload, wich can differ from the log date. Therefore old dates can appear in the list.","Dates show the date of picture upload, wich can differ from the log date. Therefore old dates can appear in the list.","","Dates show the date of picture upload, wich can differ from the log date. Therefore old dates can appear in the list.",""
"1942","Maximum one picture per day and user is displayed here. The small gallery on the start page is additionally limited to one picture per cache and day.","14:./templates2/ocstyle/newlogpics.tpl","Es wird höchstens ein Bild pro Tag und Benutzer angezeigt. Die kleine Galerie auf der Startseite ist zusätzlich auf ein Bild pro Cache und Tag beschränkt.","Maximum one picture per day and user is displayed here. The small gallery on the start page is additionally limited to one picture per cache and day.","Maximum one picture per day and user is displayed here. The small gallery on the start page is additionally limited to one picture per cache and day.","Maximum one picture per day and user is displayed here. The small gallery on the start page is additionally limited to one picture per cache and day.","","Maximum one picture per day and user is displayed here. The small gallery on the start page is additionally limited to one picture per cache and day.",""
"1943","All pictures are copyrighted and subject to the <a href=""articles.php?page=impressum#datalicense"">Opencaching.de data license</a>.","16:./templates2/ocstyle/newlogpics.tpl","Alle Bilder sind urheberrechtlich geschützt und unterliegen zusammen mit den Logeinträgen der <a href=""articles.php?page=impressum#datalicense"">Opencaching.de-Datenlizenz</a>.","All pictures are copyrighted and subject to the <a href=""articles.php?page=impressum#datalicense"">Opencaching.de data license</a>.","All pictures are copyrighted and subject to the <a href=""articles.php?page=impressum#datalicense"">Opencaching.de data license</a>.","All pictures are copyrighted and subject to the <a href=""articles.php?page=impressum#datalicense"">Opencaching.de data license</a>.","","All pictures are copyrighted and subject to the <a href=""articles.php?page=impressum#datalicense"">Opencaching.de data license</a>.",""
"1944","Show picture stats and gallery","0:table:profile_options;field=name","Bildstatistik und -galerie anzeigen","Show picture stats and gallery","Show picture stats and gallery","Show picture stats and gallery","","Show picture stats and gallery",""
"1945","Log pictures","116:./templates2/ocstyle/res_userstats.tpl","Logbilder","Log pictures","Log pictures","Log pictures","","Log pictures",""
"1946","Log pictures: %1","102:./templates2/ocstyle/myhome.tpl","Logbilder: %1","Log pictures: %1","Log pictures: %1","Log pictures: %1","","Log pictures: %1",""
"1947","Log pictures of %1","9:./templates2/ocstyle/viewprofile_pics.tpl","Logbilder von %1","Log pictures of %1","Log pictures of %1","Log pictures of %1","","Log pictures of %1",""
"1948","Your log pictures:","116:./templates2/ocstyle/myhome.tpl","Deine Logbilder:","Your log pictures:","Your log pictures:","Your log pictures:","","Your log pictures:",""
"1949","Your latest log pictures:","113:./templates2/ocstyle/myhome.tpl","Deine neuesten Logbilder:","Your latest log pictures:","Your latest log pictures:","Your latest log pictures:","","Your latest log pictures:",""
"1950","In your <a href=""mydetails.php"">profile settings</a> you can choose if your log pictures stat and gallery is visible for other users.","124:./templates2/ocstyle/myhome.tpl","In deinen <a href=""mydetails.php"">Profileinstellungen</a> kannst du festlegen, ob deine Logbild-Statistik und -Galerie für andere Benutzer sichtbar sein soll oder nicht.","In your <a href=""mydetails.php"">profile settings</a> you can choose if your log pictures stat and gallery is visible for other users.","In your <a href=""mydetails.php"">profile settings</a> you can choose if your log pictures stat and gallery is visible for other users.","In your <a href=""mydetails.php"">profile settings</a> you can choose if your log pictures stat and gallery is visible for other users.","","In your <a href=""mydetails.php"">profile settings</a> you can choose if your log pictures stat and gallery is visible for other users.",""
"1952","Public profile","0:table:sys_menu;field=menustring","Öffentliches Profil","Public profile","Openbaar profiel","Public profile","","Public profile",""
"1953","You did not upload any log pictures yet.","108:./templates2/ocstyle/myhome.tpl","Du hast noch keine Logbilder hochgeladen.","You did not upload any log pictures yet.","You did not upload any log pictures yet.","You did not upload any log pictures yet.","","You did not upload any log pictures yet.",""
"1954","Pictures marked as spoiler are not shown; therefore the number of pictures on this page can be smaller than in the profile statistics.","15:./templates2/ocstyle/viewprofile_pics.tpl","Als Spoiler markierte Bilder werden nicht angezeigt; daher kann die Zahl der Bilder auf dieser Seite geringer sein als in der Benutzerstatistik.","Pictures marked as spoiler are not shown; therefore the number of pictures on this page can be smaller than in the profile statistics.","Pictures marked as spoiler are not shown; therefore the number of pictures on this page can be smaller than in the profile statistics.","Pictures marked as spoiler are not shown; therefore the number of pictures on this page can be smaller than in the profile statistics.","","Pictures marked as spoiler are not shown; therefore the number of pictures on this page can be smaller than in the profile statistics.",""
"1955","Other information","198:./templates2/ocstyle/myhome.tpl","Sonstige Informationen","Other information","Other information","Other information","","Other information",""
"1956","Log picture","258:./templates2/ocstyle/viewcache.tpl","Logbild","Log picture","Log picture","Log picture","","Log picture",""
"1957","""Spoiler"" pictures which show details of the stash should not be visible here. If you encounter an open visible spoiler, you may contact the logger by the e-mail button in his profile and ask him to mark it as spoiler.","197:./templates2/ocstyle/viewcache.tpl","&bdquo;Spoiler&ldquo;-Bilder, die Details des Verstecks zeigen, sollten hier nicht sichbar sein. Falls du trotzdem ein offen sichtbares Spoilerfoto findest, kannst du den Logger über die E-Mail-Funktion in seinem Profil kontaktieren und ihn bitten, es als Spoiler zu kennzeichnen.","""Spoiler"" pictures which show details of the stash should not be visible here. If you encounter an open visible spoiler, you may contact the logger by the e-mail button in his profile and ask him to mark it as spoiler.","""Spoiler"" pictures which show details of the stash should not be visible here. If you encounter an open visible spoiler, you may contact the logger by the e-mail button in his profile and ask him to mark it as spoiler.","""Spoiler"" pictures which show details of the stash should not be visible here. If you encounter an open visible spoiler, you may contact the logger by the e-mail button in his profile and ask him to mark it as spoiler.","","""Spoiler"" pictures which show details of the stash should not be visible here. If you encounter an open visible spoiler, you may contact the logger by the e-mail button in his profile and ask him to mark it as spoiler.",""
"1958","Back to the cache description","404:./viewcache.php","zurück zur Cachebeschreibung","Back to the cache description","Terug naar cachebeschrijving","Back to the cache description","","Back to the cache description",""
"1960","Page","","Seite","Page","Pagina","Página","","Page",""
"1962","at","","bei","at","op","en","","at",""
"1963","About Opencaching","0:table:sys_menu;field=menustring","Über Opencaching","About Opencaching","Over Opencaching","About Opencaching","","About Opencaching",""
"1964","Cache descriptions, log texts and pictures have been deleted, because the account was disabled before transition to the <a href=""articles.php?page=impressum#datalicense"">new data license</a>.","61:./templates2/ocstyle/viewprofile.tpl","Cachebeschreibungen, Logtexte und Bilder des Benutzers wurden entfernt, weil die Deaktivierung vor der Umstellung auf die <a href=""articles.php?page=impressum#datalicense"">neue Datenlizenz</a> stattfand.","Cache descriptions, log texts and pictures have been deleted, because the account was disabled before transition to the <a href=""articles.php?page=impressum#datalicense"">new data license</a>.","Cache descriptions, log texts and pictures have been deleted, because the account was disabled before transition to the <a href=""articles.php?page=impressum#datalicense"">new data license</a>.","Cache descriptions, log texts and pictures have been deleted, because the account was disabled before transition to the <a href=""articles.php?page=impressum#datalicense"">new data license</a>.","","Cache descriptions, log texts and pictures have been deleted, because the account was disabled before transition to the <a href=""articles.php?page=impressum#datalicense"">new data license</a>.",""
"1965","cache description was removed because the owner's account was inactive when the <a href=""articles.php?page=impressum#datalicense"">new content license</a> was launched","","Das Benutzerkonto des Cachebesitzers war zum Zeitpunkt der Umstellung auf die <a href=""articles.php?page=impressum#datalicense"">neue Datenlizenz</a> nicht mehr aktiv. Da er der neuen Lizenz nicht zustimmen konnte, wurden seine Cachebeschreibungen entfernt.","cache description was removed because the owner's account was inactive when the <a href=""articles.php?page=impressum#datalicense"">new content license</a> was launched","cache description was removed because the owner's account was inactive when the <a href=""articles.php?page=impressum#datalicense"">new content license</a> was launched","cache description was removed because the owner's account was inactive when the <a href=""articles.php?page=impressum#datalicense"">new content license</a> was launched","","cache description was removed because the owner's account was inactive when the <a href=""articles.php?page=impressum#datalicense"">new content license</a> was launched",""
"1966","as of","42:./lib2/logic/data-license.inc.php","Stand:","as of","as of","as of","","as of",""
"1967","all log entries &copy; their authors","92:./lib2/logic/data-license.inc.php","alle Logeinträge &copy; jeweiliger Autor","all log entries &copy; their authors","all log entries &copy; their authors","all log entries &copy; their authors","","all log entries &copy; their authors",""
"1968","more","76:./templates2/ocstyle/myhome.tpl","mehr","more","meer","more","","more",""
"1969","Only the <span class=""public-setting"">green entries</span> are visible to other users.","21:./templates2/ocstyle/myprofile.tpl","Nur die <span class=""public-setting"">grünen Einträge</span> sind in deinem <a href=""viewprofile.php"">öffentlichen Profil</a> sichtbar.","Only the <span class=""public-setting"">green entries</span> are visible to other users.","Only the <span class=""public-setting"">green entries</span> are visible to other users.","Only the <span class=""public-setting"">green entries</span> are visible to other users.","","Only the <span class=""public-setting"">green entries</span> are visible to other users.",""
"1970","Date / time:","103:./lang/de/ocstyle/editlog.tpl.php","Datum / Uhrzeit:","Date / time:","Datum/tijd:","Date / time:","","Date / time:",""
"1971","date or time is invalid","21:./lang/de/ocstyle/editlog.inc.php","Datum oder Uhrzeit ist ungültig","date or time is invalid","date or time is invalid","date or time is invalid","","date or time is invalid",""
"1973","Generally, spoiler pictures should not be logged. In the case that en exception from this rule makes sense, e.g. to document your finding or problems with the stash, please mark the picture als spoiler so that it won't appear in galleries.","108:./templates2/ocstyle/picture.tpl","Es sollten möglichst keine Spoilerbilder geloggt werden. In Ausnahmefällen, wo es sinnvoll erscheint &ndash; z.B. um den Fund nachzuweisen oder Probleme mit dem Versteck zu dokumentieren &ndash; kennzeichne sie bitte als Spoiler, damit sie nicht in Bildgalerien erscheinen.","Generally, spoiler pictures should not be logged. In the case that en exception from this rule makes sense, e.g. to document your finding or problems with the stash, please mark the picture als spoiler so that it won't appear in galleries.","Generally, spoiler pictures should not be logged. In the case that en exception from this rule makes sense, e.g. to document your finding or problems with the stash, please mark the picture als spoiler so that it won't appear in galleries.","Generally, spoiler pictures should not be logged. In the case that en exception from this rule makes sense, e.g. to document your finding or problems with the stash, please mark the picture als spoiler so that it won't appear in galleries.","","Generally, spoiler pictures should not be logged. In the case that en exception from this rule makes sense, e.g. to document your finding or problems with the stash, please mark the picture als spoiler so that it won't appear in galleries.",""
"1974","If you do not see any E-Mail, please check the spam folder of your mailbox.","49:./templates2/ocstyle/newemail.tpl","Falls du keine E-Mail sehen solltest, prüfe bitte ob sie im Spam-Ordner deines Postfachs einsortiert wurde.","If you do not see any E-Mail, please check the spam folder of your mailbox.","If you do not see any E-Mail, please check the spam folder of your mailbox.","If you do not see any E-Mail, please check the spam folder of your mailbox.","","If you do not see any E-Mail, please check the spam folder of your mailbox.",""
"1975","Do not use easy-to-guess number and letter sequences like '123456' or 'qwerty'.","15:./templates2/ocstyle/res_passworderror.tpl","Verwende keine einfach erratbaren Ziffern- oder Buchstabenkombinationen wie &bdquo;123456&ldquo; oder &bdquo;qwertz&ldquo;.","Do not use easy-to-guess number and letter sequences like '123456' or 'qwerty'.","Do not use easy-to-guess number and letter sequences like '123456' or 'qwerty'.","Do not use easy-to-guess number and letter sequences like '123456' or 'qwerty'.","","Do not use easy-to-guess number and letter sequences like '123456' or 'qwerty'.",""
"1976","currently not available","59:./templates2/ocstyle/start.tpl","zurzeit nicht verfügbar","currently not available","currently not available","currently not available","","currently not available",""
"1977","Password for 'found' logs:","341:./lang/de/ocstyle/editcache.tpl.php","Passwort für Fund-Logs:","Password for 'found' logs:","Password for 'found' logs:","Password for 'found' logs:","","Password for 'found' logs:",""
"1978","only for 'attended' logs","335:./templates2/ocstyle/log_cache.tpl","nur für Teilgenommen-Logs","only for 'attended' logs","only for 'attended' logs","only for 'attended' logs","","only for 'attended' logs",""
"1979","Contact reporter","165:./templates2/ocstyle/adminreports.tpl","Email an Melder","Contact reporter","Contact reporter","Contact reporter","","Contact reporter",""
"1980","For 'Found' and 'Not found' logs: Date and (optional) time of the cache search.","118:./lang/de/ocstyle/editlog.tpl.php","Zeitpunkt des Funds, der erfolglosen Suche oder eines Hinweislogs","For 'Found' and 'Not found' logs: Date and (optional) time of the cache search.","For 'Found' and 'Not found' logs: Date and (optional) time of the cache search.","For 'Found' and 'Not found' logs: Date and (optional) time of the cache search.","","For 'Found' and 'Not found' logs: Date and (optional) time of the cache search.",""
"1982","Page not found","50:./templates2/ocstyle/sys_oc404.tpl","Seite nicht gefunden","Page not found","Pagina niet gevonden","Page not found","","Page not found",""
"1983","Cache database","57:./templates2/ocstyle/sys_oc404.tpl","Cache-Datenbank","Cache database","Cache database","Cache database","","Cache database",""
"1984","Here you can find a lot of individual caches.","57:./templates2/ocstyle/sys_oc404.tpl","Hier findest du viele interessante Geocaches.","Here you can find a lot of individual caches.","Here you can find a lot of individual caches.","Here you can find a lot of individual caches.","","Here you can find a lot of individual caches.",""
"1985","The newest caches:","59:./templates2/ocstyle/sys_oc404.tpl","Die neuesten Caches:","The newest caches:","The newest caches:","The newest caches:","","The newest caches:",""
"1986","Here you can discuss, improve or ask questions.","67:./templates2/ocstyle/sys_oc404.tpl","Hier kannst du diskutieren, mitmachen oder Fragen stellen.","Here you can discuss, improve or ask questions.","Here you can discuss, improve or ask questions.","Here you can discuss, improve or ask questions.","","Here you can discuss, improve or ask questions.",""
"1987","The newest forumposts:","69:./templates2/ocstyle/sys_oc404.tpl","Die neuesten Forenbeiträge:","The newest forumposts:","The newest forumposts:","The newest forumposts:","","The newest forumposts:",""
"1988","Any time there are news to post, you'll find them here.","77:./templates2/ocstyle/sys_oc404.tpl","Es gibt immer wieder Neuigkeiten &ndash; hier findest du sie.","Any time there are news to post, you'll find them here.","Any time there are news to post, you'll find them here.","Any time there are news to post, you'll find them here.","","Any time there are news to post, you'll find them here.",""
"1989","The newest blogposts:","79:./templates2/ocstyle/sys_oc404.tpl","Die neuesten Blog-Artikel:","The newest blogposts:","The newest blogposts:","The newest blogposts:","","The newest blogposts:",""
"1990","Here you get tutorials, howtos and any information about Geocaching and Opencaching.","87:./templates2/ocstyle/sys_oc404.tpl","Hier findest du Anleitungen und Informationen über Geocaching und Opencaching.","Here you get tutorials, howtos and any information about Geocaching and Opencaching.","Here you get tutorials, howtos and any information about Geocaching and Opencaching.","Here you get tutorials, howtos and any information about Geocaching and Opencaching.","","Here you get tutorials, howtos and any information about Geocaching and Opencaching.",""
"1991","The newest wiki articles:","89:./templates2/ocstyle/sys_oc404.tpl","Die neuesten Wiki-Artikel:","The newest wiki articles:","De nieuwste wiki artikelen:","The newest wiki articles:","","The newest wiki articles:",""
"1992","Not found? Contact us using","97:./templates2/ocstyle/sys_oc404.tpl","Nichts gefunden? Kontaktiere uns unter","Not found? Contact us using","Not found? Contact us using","Not found? Contact us using","","Not found? Contact us using",""
"1993","Opencaching at Facebook","100:./templates2/ocstyle/sys_oc404.tpl","Opencaching bei Facebook","Opencaching at Facebook","Opencaching op Facebook","Opencaching at Facebook","","Opencaching at Facebook",""
"1994","Opencaching at Google+","100:./templates2/ocstyle/sys_oc404.tpl","Opencaching bei Google+","Opencaching at Google+","Opencaching op Google+","Opencaching at Google+","","Opencaching at Google+",""
"1995","Opencaching at Twitter","100:./templates2/ocstyle/sys_oc404.tpl","Opencaching bei Twitter","Opencaching at Twitter","Opencaching op Twitter","Opencaching at Twitter","","Opencaching at Twitter",""
"1996","The visited website <b>%1</b> does not exists, we found the following suitable pages:","54:./templates2/ocstyle/sys_oc404.tpl","Die gesuchte Webseite <b>%1</b> existiert nicht, aber wir haben folgende Seiten gefunden:","The visited website <b>%1</b> does not exists, we found the following suitable pages:","The visited website <b>%1</b> does not exists, we found the following suitable pages:","The visited website <b>%1</b> does not exists, we found the following suitable pages:","","The visited website <b>%1</b> does not exists, we found the following suitable pages:",""
"1998","OK","256:./templates2/ocstyle/log_cache.tpl","OK","OK","OK","OK","","OK",""
"1999","Show","","anzeigen","Show","Toon","Mostrar","","Show",""
"2000","My last log","488:./templates2/ocstyle/search.tpl","mein letztes Log","My last log","Mijn laatste log","My last log","","My last log",""
"2001","Own logs","160:./templates2/ocstyle/search.result.caches.tpl","Eigene Logs","Own logs","Eigen logs","Own logs","","Own logs",""
"2002","Geocaches found","71:./templates2/ocstyle/myhome.tpl","gefundene Caches","Geocaches found","Gevonden caches","Geocaches found","","Geocaches found",""
"2003","Geocaches logged","71:./templates2/ocstyle/myhome.tpl","geloggte Caches","Geocaches logged","Gelogde caches","Geocaches logged","","Geocaches logged",""
"2004","%1 of these are active","12:./templates2/ocstyle/res_userstats.tpl","davon %1 aktiv","%1 of these are active","%1 van deze zijn actief","%1 of these are active","","%1 of these are active",""
"2006","Deleted by","110:./templates2/ocstyle/res_logentry_logitem.tpl","gelöscht von","Deleted by","Verwijderd door","Deleted by","","Deleted by",""
"2007","User data","27:./templates2/ocstyle/viewprofile.tpl","Benutzerdaten","User data","Gebruikersgegevens","User data","","User data",""
"2008","OKAPI Applications","0:table:sys_menu;field=title","API-Anwendungen","OKAPI Applications","OKAPI Applications","OKAPI Applications","","OKAPI Applications",""
"2009","OKAPI Apps","0:table:sys_menu;field=menustring","API-Anwendungen","OKAPI Apps","OKAPI Apps","OKAPI Apps","","OKAPI Apps",""
"2010","Large map","280:./templates2/ocstyle/viewcache.tpl","große Karte","Large map","Grote kaart","Large map","","Large map",""
"2011","without logs","289:./templates2/ocstyle/viewcache.tpl","ohne Logs","without logs","zonder logs","without logs","","without logs",""
"2012","with 5 logs","290:./templates2/ocstyle/viewcache.tpl","mit 5 Logs","with 5 logs","met 5 logs","with 5 logs","","with 5 logs",""
"2013","with 10 logs","291:./templates2/ocstyle/viewcache.tpl","mit 10 Logs","with 10 logs","met 10 logs","with 10 logs","","with 10 logs",""
"2014","with all logs","292:./templates2/ocstyle/viewcache.tpl","mit allen Logs","with all logs","met alle logs","with all logs","","with all logs",""
"2015","Safari Cache","0:table:cache_attrib;field=name","Safari-Cache","Safari Cache","Safari Cache","Safari Cache","","Safari Cache",""
"2016","This geocache can be found at different places. The places to look for are explained in the cache description. They must be located ""away from home"" and exist for a considerable period of time, so that they can be re-visited later. There is no container and no logbook; instead the find must be documented by a photo and noting the coordinates.","0:table:cache_attrib;field=html_desc","Dieser Geocache kann an verschiedenen Orten gefunden werden. Die gesuchten Orte sind in der Cachebeschreibung erläutert. Sie müssen sich „außer Haus“ befinden und über längere Zeit Bestand haben, sodass man sie nach einiger Zeit wieder besuchen kann. Es gibt keinen Behälter und kein Logbuch, sondern der Fund ist mit einem Foto und den Koordinaten des Ortes zu dokumentieren.","This geocache can be found at different places. The places to look for are explained in the cache description. They must be located ""away from home"" and exist for a considerable period of time, so that they can be re-visited later. There is no container and no logbook; instead the find must be documented by a photo and noting the coordinates.","This geocache can be found at different places. The places to look for are explained in the cache description. They must be located ""away from home"" and exist for a considerable period of time, so that they can be re-visited later. There is no container and no logbook; instead the find must be documented by a photo and noting the coordinates.","This geocache can be found at different places. The places to look for are explained in the cache description. They must be located ""away from home"" and exist for a considerable period of time, so that they can be re-visited later. There is no container and no logbook; instead the find must be documented by a photo and noting the coordinates.","","This geocache can be found at different places. The places to look for are explained in the cache description. They must be located ""away from home"" and exist for a considerable period of time, so that they can be re-visited later. There is no container and no logbook; instead the find must be documented by a photo and noting the coordinates.",""
"2017","Only virtual caches can be safari caches.","34:./lang/de/ocstyle/editcache.inc.php","Das Safari-Attribut kann nur bei virtuellen Caches gesetzt werden.","Only virtual caches can be safari caches.","Only virtual caches can be safari caches.","Only virtual caches can be safari caches.","","Only virtual caches can be safari caches.",""
"2023","Locked","25:./templates2/ocstyle/res_logtype.tpl","gesperrt","Locked","Geblokkeerd","Locked","","Locked",""
"2025","%2 has archived %1","166:./templates2/ocstyle/newlogs.tpl","%2 hat %1 archiviert","%2 has archived %1","%2 has archived %1","%2 has archived %1","","%2 has archived %1",""
"2026","%2 has maintainted %1","171:./templates2/ocstyle/newlogs.tpl","%2 hat %1 gewartet","%2 has maintainted %1","%2 has maintainted %1","%2 has maintainted %1","","%2 has maintainted %1",""
"2027","%2 has disabled %1","174:./templates2/ocstyle/newlogs.tpl","%2 hat %1 deaktiviert","%2 has disabled %1","%2 has disabled %1","%2 has disabled %1","","%2 has disabled %1",""
"2028","%2 has locked %1","176:./templates2/ocstyle/newlogs.tpl","%2 hat %1 gesperrt","%2 has locked %1","%2 has locked %1","%2 has locked %1","","%2 has locked %1",""
"2029","OC team comment","28:./lang/de/ocstyle/editlog.inc.php","OC-Team-Kommentar","OC team comment","OC team comment","OC team comment","","OC team comment",""
"2030","Maintenance logs","98:./templates2/ocstyle/res_userstats.tpl","Wartungslogs","Maintenance logs","Maintenance logs","Maintenance logs","","Maintenance logs",""
"2031","To change the state, you need to {a}log</a> the new state.","32:./lang/de/ocstyle/editcache.inc.php","Um den Status zu ändern, mussst du den neuen Status {a}loggen</a>.","To change the state, you need to {a}log</a> the new state.","To change the state, you need to {a}log</a> the new state.","To change the state, you need to {a}log</a> the new state.","","To change the state, you need to {a}log</a> the new state.",""
"2035","%1 has archived the cache","40:./templates2/ocstyle/res_logentry_logitem.tpl","%1 hat den Geocache archiviert","%1 has archived the cache","%1 has archived the cache","%1 has archived the cache","","%1 has archived the cache",""
"2036","%1 has maintained the cache","45:./templates2/ocstyle/res_logentry_logitem.tpl","%1 hat den Geocache gewartet","%1 has maintained the cache","%1 has maintained the cache","%1 has maintained the cache","","%1 has maintained the cache",""
"2037","%1 has disabled the cache","48:./templates2/ocstyle/res_logentry_logitem.tpl","%1 hat den Geocache deaktiviert","%1 has disabled the cache","%1 has disabled the cache","%1 has disabled the cache","","%1 has disabled the cache",""
"2038","%1 has locked the cache","50:./templates2/ocstyle/res_logentry_logitem.tpl","%1 hat den Geocache gesperrt","%1 has locked the cache","%1 has locked the cache","%1 has locked the cache","","%1 has locked the cache",""
"2039","%1 has locked and hidden the cache","52:./templates2/ocstyle/res_logentry_logitem.tpl","%1 hat den Geocache gesperrt und versteckt","%1 has locked and hidden the cache","%1 has locked and hidden the cache","%1 has locked and hidden the cache","","%1 has locked and hidden the cache",""
"2040","Deleted text:","","Gelöschter Text:","Deleted text:","Deleted text:","Texto suprimido:","","Deleted text:",""
"2041","total","72:./templates2/ocstyle/newlogs.tpl","insgesamt","total","totaal","total","","total",""
"2042","The following text is displayed in your <a href=""viewprofile.php"">public profile</a>:","20:./templates2/ocstyle/mydescription.tpl","Der folgende Text wird in deinem <a href=""viewprofile.php"">öffentlichen Profil</a> angezeigt:","The following text is displayed in your <a href=""viewprofile.php"">public profile</a>:","De volgende tekst wordt weergegeven in jouw <a href=""viewprofile.php"">publieke profiel</a>:","The following text is displayed in your <a href=""viewprofile.php"">public profile</a>:","","The following text is displayed in your <a href=""viewprofile.php"">public profile</a>:",""
"2043","no text entered yet","114:./templates2/ocstyle/mydetails.tpl","noch kein Text eingegeben","no text entered yet","no text entered yet","no text entered yet","","no text entered yet",""
"2045","The current filter settings have been permamently saved.","2038:./templates2/ocstyle/map2.tpl","Die aktuellen Filtereinstellungen wurden dauerhaft gespeichert.","The current filter settings have been permamently saved.","The current filter settings have been permamently saved.","The current filter settings have been permamently saved.","","The current filter settings have been permamently saved.",""
"2046","Watcher","255:./templates2/ocstyle/viewcache.tpl","Beobachter","Watcher","Volger","Watcher","","Watcher",""
"2047","Ignorer","256:./templates2/ocstyle/viewcache.tpl","Ignorierer","Ignorer","Negeerder","Ignorer","","Ignorer",""
"2048","Maintenance log","254:./templates2/ocstyle/viewcache.tpl","Wartungslog","Maintenance log","Maintenance log","Maintenance log","","Maintenance log",""
"2049","Page visit","257:./templates2/ocstyle/viewcache.tpl","Aufruf","Page visit","Page visit","Page visit","","Page visit",""
"2050","JavaScript is disabled in your browser, you can enter (HTML) text only. To use the editor, please enable JavaScript.","34:./templates2/ocstyle/mydescription.tpl","JavaScript ist bei deinem Browser deaktiviert, du kannst nur (HTML-)Text eingeben. Um den Editor zu verwenden, aktiviere bitte JavaScript.","JavaScript is disabled in your browser, you can enter (HTML) text only. To use the editor, please enable JavaScript.","JavaScript is disabled in your browser, you can enter (HTML) text only. To use the editor, please enable JavaScript.","JavaScript is disabled in your browser, you can enter (HTML) text only. To use the editor, please enable JavaScript.","","JavaScript is disabled in your browser, you can enter (HTML) text only. To use the editor, please enable JavaScript.",""
"2051","Recommended on","29:./templates2/ocstyle/mytop5.tpl","empfohlen am","Recommended on","Recommended on","Recommended on","","Recommended on",""
"2052","Nature Protection","321:./templates2/ocstyle/viewcache_print.tpl","Naturschutz","Nature Protection","Beschermd natuurgebied","Nature Protection","","Nature Protection",""
"2053","Withdraw adoption offer","37:./templates2/ocstyle/adoptcache.tpl","Adoptionsangebot zurückziehen","Withdraw adoption offer","Withdraw adoption offer","Withdraw adoption offer","","Withdraw adoption offer",""
"2055","Other reports for this cache","36:./templates2/ocstyle/adminhistory.tpl","Weitere Meldungen für diesen Cache","Other reports for this cache","Other reports for this cache","Other reports for this cache","","Other reports for this cache",""
"2056","Report&nbsp;date","44:./templates2/ocstyle/adminhistory.tpl","Gemeldet&nbsp;am","Report&nbsp;date","Report&nbsp;date","Report&nbsp;date","","Report&nbsp;date",""
"2057","Reason","46:./templates2/ocstyle/adminhistory.tpl","Grund","Reason","Reden","Reason","","Reason",""
"2058","Deleted logs","74:./templates2/ocstyle/adminhistory.tpl","Gelöschte Logs","Deleted logs","Verwijderde logs","Deleted logs","","Deleted logs",""
"2059","Cache history","10:./templates2/ocstyle/adminhistory.tpl","Cache-Historie","Cache history","Cache history","Cache history","","Cache history",""
"2060","Cache code:","15:./templates2/ocstyle/adminhistory.tpl","Cache-Code:","Cache code:","Cache code:","Cache code:","","Cache code:",""
"2061","Cache not found","33:./adminhistory.php","Cache nicht gefunden","Cache not found","Cache not found","Caché no encontrado","","Cache not found",""
"2062","Status changes","87:./templates2/ocstyle/adminhistory.tpl","Statusänderungen","Status changes","Status changes","Status changes","","Status changes",""
"2063","Changed by","96:./templates2/ocstyle/adminhistory.tpl","Geändert von","Changed by","Changed by","Changed by","","Changed by",""
"2065","Guest","","Gast","Guest","Guest","Invitado","","Guest",""
"2067","Status","49:./templates2/ocstyle/adminhistory.tpl","Status","Status","Status","Status","","Status",""
"2068","since June 2013","87:./templates2/ocstyle/adminhistory.tpl","seit Juni 2013","since June 2013","since June 2013","since June 2013","","since June 2013",""
"2069","since deletion date February 2012","74:./templates2/ocstyle/adminhistory.tpl","seit Löschdatum Februar 2012","since deletion date February 2012","since deletion date February 2012","since deletion date February 2012","","since deletion date February 2012",""
"2070","One ore more emails to this user could not be delivered. It might be a good idea to additionally log comments on the user's geocaches, and/or use alternative contact addresses like a message board account or another geocaching platform.","43:./templates2/ocstyle/mailto.tpl","Eine oder mehrere Emails an diesen Benutzer konnten nicht zugestellt werden. Es könnte ratsam sein, Hinweise zu seinen Caches zusätzlich zu loggen und/oder weitere Kontaktmöglichkeiten wie z.B. Forenaccounts oder andere Geocaching-Plattformen zu nutzen.","One ore more emails to this user could not be delivered. It might be a good idea to additionally log comments on the user's geocaches, and/or use alternative contact addresses like a message board account or another geocaching platform.","One ore more emails to this user could not be delivered. It might be a good idea to additionally log comments on the user's geocaches, and/or use alternative contact addresses like a message board account or another geocaching platform.","One ore more emails to this user could not be delivered. It might be a good idea to additionally log comments on the user's geocaches, and/or use alternative contact addresses like a message board account or another geocaching platform.","","One ore more emails to this user could not be delivered. It might be a good idea to additionally log comments on the user's geocaches, and/or use alternative contact addresses like a message board account or another geocaching platform.",""
"2071","This cache has been ""temporarily unavailable"" for more than %1 months now; therefore it is being archived automatically. The owner may decide to maintain the cache and re-enable the listing.","","Dieser Cache ist seit mehr als %1 Monaten &bdquo;momentan nicht verfügbar&ldquo;; daher wird er automatisch archiviert. Er kann vom Besitzer jederzeit instand gesetzt und reaktiviert werden.","This cache has been ""temporarily unavailable"" for more than %1 months now; therefore it is being archived automatically. The owner may decide to maintain the cache and re-enable the listing.","This cache has been ""temporarily unavailable"" for more than %1 months now; therefore it is being archived automatically. The owner may decide to maintain the cache and re-enable the listing.","Este caché ha estado ""temporalmente no disponible"" por más de %1 meses hasta ahora; por lo tanto, está siendo archivado automaticamente. El propietario puede decidir mantener el caché y rehabilitar el listado.","","This cache has been ""temporarily unavailable"" for more than %1 months now; therefore it is being archived automatically. The owner may decide to maintain the cache and re-enable the listing.",""
"2072","This event took place more than five weeks ago; therefore it is being archived automatically. The owner may re-enable the listing if it should stay active for some exceptional reason.","","Dieses Event fand vor über fünf Wochen statt; daher wird es automatisch archiviert. Das Listing kann vom Owner selbst reaktiviert werden, falls es aus besonderen Gründen weiter aktiv bleiben soll.","This event took place more than five weeks ago; therefore it is being archived automatically. The owner may re-enable the listing if it should stay active for some exceptional reason.","This event took place more than five weeks ago; therefore it is being archived automatically. The owner may re-enable the listing if it should stay active for some exceptional reason.","Este evento tuvo lugar hace más de cinco semanas; por lo tanto está siendo archivado automaticamente. El propietario puede rehabilitarlo si debiera estar activo por alguna razón excepcional.","","This event took place more than five weeks ago; therefore it is being archived automatically. The owner may re-enable the listing if it should stay active for some exceptional reason.",""
"2073","This user account is disabled.","75:./templates2/ocstyle/adoptcache.tpl","Dieser Benutzer ist deaktiviert.","This user account is disabled.","This user account is disabled.","This user account is disabled.","","This user account is disabled.",""
"2074","Adoptions","149:./templates2/ocstyle/adminhistory.tpl","Adoptionen","Adoptions","Adoptions","Adoptions","","Adoptions",""
"2075","since September 2012","149:./templates2/ocstyle/adminhistory.tpl","seit September 2012","since September 2012","since September 2012","since September 2012","","since September 2012",""
"2076","From Owner","157:./templates2/ocstyle/adminhistory.tpl","Alter Besitzer","From Owner","From Owner","From Owner","","From Owner",""
"2077","To Owner","159:./templates2/ocstyle/adminhistory.tpl","Neuer Besitzer","To Owner","To Owner","To Owner","","To Owner",""
"2078","Maintenance","21:./templates2/ocstyle/res_logentry.tpl","Wartung","Maintenance","Maintenance","Maintenance","","Maintenance",""
"2079","Show details","135:./templates2/ocstyle/myhome.tpl","Details anzeigen","Show details","Toon details","Show details","","Show details",""
"2080","only active caches","135:./templates2/ocstyle/myhome.tpl","nur aktive Caches","only active caches","alleen actieve caches","only active caches","","only active caches",""
"2081","Finds","","Funde","Finds","Gevonden","Hallazgos","","Finds",""
"2083","NEW","","NEU","NEW","NIEUW","NUEVO","","NEW",""
"2084","show archived","150:./templates2/ocstyle/myhome.tpl","archivierte einblenden","show archived","toon gearchiveerde","show archived","","show archived",""
"2085","hide archived","150:./templates2/ocstyle/myhome.tpl","archivierte ausblenden","hide archived","hide archived","hide archived","","hide archived",""
"2086","unknown search type","14:./templates2/ocstyle/search.tpl.inc.php","unbekannter Suchtyp","unknown search type","unknown search type","unknown search type","","unknown search type",""
"2087","Show on map","66:./templates2/ocstyle/search.result.caches.tpl","auf Karte anzeigen","Show on map","Toon op kaart","Show on map","","Show on map",""
"2088","Search options","2369:./templates2/ocstyle/map2.tpl","Suchoptionen","Search options","Zoekopties","Search options","","Search options",""
"2089","disabled","2514:./templates2/ocstyle/map2.tpl","deaktivierte","disabled","disabled","disabled","","disabled",""
"2090","archived","2508:./templates2/ocstyle/map2.tpl","archivierte","archived","archived","archived","","archived",""
"2091","Test for and fix inconsistencies in database tables","18:./templates2/ocstyle/dbmaintain.tpl","Sucht und behebt Inkonsistenzen in Datenbanktabellen","Test for and fix inconsistencies in database tables","Test for and fix inconsistencies in database tables","Test for and fix inconsistencies in database tables","","Test for and fix inconsistencies in database tables",""
"2092","You submitted more than %1 identical logs. Please make sure that you are entering the date of your cache visit, not the current date - also when ""late logging"" old finds.","196:./templates2/ocstyle/log_cache.tpl","Du hast bereits mehr als %1 identische Logs eingetragen. Bitte überprüfe, ob du das Datum deiner Cachesuchen eingibst, nicht das heutige Datum &ndash; auch beim &bdquo;Nachloggen&ldquo; alter Funde.","You submitted more than %1 identical logs. Please make sure that you are entering the date of your cache visit, not the current date - also when ""late logging"" old finds.","You submitted more than %1 identical logs. Please make sure that you are entering the date of your cache visit, not the current date - also when ""late logging"" old finds.","You submitted more than %1 identical logs. Please make sure that you are entering the date of your cache visit, not the current date - also when ""late logging"" old finds.","","You submitted more than %1 identical logs. Please make sure that you are entering the date of your cache visit, not the current date - also when ""late logging"" old finds.",""
"2093","Wrong log dates can impair several OC functions like searching by last log date. Also, the owner and other caches may think that the cache has been currently found (date and type of the last log are shown in the owner's caches list!), which can adversely affect cache maintenance and lead to more DNFs.","199:./templates2/ocstyle/log_cache.tpl","Ein falsches Logdatum kann verschiedene Funktionen der OC-Software beeinträchtigen, wie z.&nbsp;B. die Suchsortierung nach letzten Logdatum. Außerdem kann der Eindruck entstehen, der Cache sei kürzlich gefunden worden (Datum und Art des letzten Logs erscheinen in der Cacheübersicht des Owners!), was die Cachewartung beeinträchtigt und zu mehr DNF führen kann.","Wrong log dates can impair several OC functions like searching by last log date. Also, the owner and other caches may think that the cache has been currently found (date and type of the last log are shown in the owner's caches list!), which can adversely affect cache maintenance and lead to more DNFs.","Wrong log dates can impair several OC functions like searching by last log date. Also, the owner and other caches may think that the cache has been currently found (date and type of the last log are shown in the owner's caches list!), which can adversely affect cache maintenance and lead to more DNFs.","Wrong log dates can impair several OC functions like searching by last log date. Also, the owner and other caches may think that the cache has been currently found (date and type of the last log are shown in the owner's caches list!), which can adversely affect cache maintenance and lead to more DNFs.","","Wrong log dates can impair several OC functions like searching by last log date. Also, the owner and other caches may think that the cache has been currently found (date and type of the last log are shown in the owner's caches list!), which can adversely affect cache maintenance and lead to more DNFs.",""
"2094","You found %1 caches until now.","207:./templates2/ocstyle/log_cache.tpl","Du hast bis jetzt %1 Caches gefunden.","You found %1 caches until now.","Je hebt tot nu toe %1 caches gevonden.","You found %1 caches until now.","","You found %1 caches until now.",""
"2095","This log already exists - you tried to submit it twice!","","Dieses Log existiert bereits. Du hast versucht, es mehrfach abzusenden!","This log already exists - you tried to submit it twice!","This log already exists - you tried to submit it twice!","Este registro ya existe- ¡Intentaste enviarlo dos veces!","","This log already exists - you tried to submit it twice!",""
"2096","%2 has activated %1","169:./templates2/ocstyle/newlogs.tpl","%2 hat %1 aktiviert","%2 has activated %1","%2 has activated %1","%2 has activated %1","","%2 has activated %1",""
"2097","%1 has activated the geocache","43:./templates2/ocstyle/res_logentry_logitem.tpl","%1 hat den Geocache aktiviert","%1 has activated the geocache","%1 has activated the geocache","%1 has activated the geocache","","%1 has activated the geocache",""
"2098","converted from HTML","48:./templates2/ocstyle/search.tpl.inc.php","aus HTML konvertiert","converted from HTML","converted from HTML","converted from HTML","","converted from HTML",""
"2099","unknown search option","13:./templates2/ocstyle/search.tpl.inc.php","unbekannte Suchoption","unknown search option","unknown search option","unknown search option","","unknown search option",""
"2100","no coordinates available","32:./templates2/ocstyle/search.tpl.inc.php","keine Koordinaten verfügbar","no coordinates available","no coordinates available","no coordinates available","","no coordinates available",""
"2101","Alternatively, you can visit %1 and enter the following code manually:","23:./templates2/mail/register.tpl","Wahlweise kannst du auch auf %1 den folgenden Code von Hand eingeben:","Alternatively, you can visit %1 and enter the following code manually:","Alternatively, you can visit %1 and enter the following code manually:","Alternatively, you can visit %1 and enter the following code manually:","","Alternatively, you can visit %1 and enter the following code manually:",""
"2102","Before you can login for the first time, you have to activate your account by clicking on the following link:","19:./templates2/mail/register.tpl","Vor dem ersten Einloggen musst du auf folgenden Link klicken, um deinen Account zu aktivieren:","Before you can login for the first time, you have to activate your account by clicking on the following link:","Before you can login for the first time, you have to activate your account by clicking on the following link:","Before you can login for the first time, you have to activate your account by clicking on the following link:","","Before you can login for the first time, you have to activate your account by clicking on the following link:",""
"2103","Perimeter:","562:./templates2/ocstyle/search.tpl","Umkreis:","Perimeter:","Perimeter:","Perimeter:","","Perimeter:",""
"2104","from coordinates:","583:./templates2/ocstyle/search.tpl","von Koordinaten:","from coordinates:","from coordinates:","from coordinates:","","from coordinates:",""
"2105","Log entries","","Logeinträge","Log entries","Log entries","Entradas de registro","","Log entries",""
"2106","by user:","760:./templates2/ocstyle/search.tpl","von Benutzer:","by user:","by user:","by user:","","by user:",""
"2107","in","673:./templates2/ocstyle/search.tpl","in","in","in","in","","in",""
"2108","All caches","15:./templates2/ocstyle/newcaches.tpl","Alle Caches","All caches","Alle caches","All caches","","All caches",""
"2111","My caches","183:./lang/de/ocstyle/lib/menu.php","Meine Caches","My caches","Mijn caches","My caches","","My caches",""
"2112","Opencaching","0:table:sys_menu;field=menustring","Opencaching","Opencaching","Opencaching","Opencaching","","Opencaching",""
"2113","New Wiki articles","0:table:sys_menu;field=menustring","Neue Wiki-Artikel","New Wiki articles","Nieuwe Wiki artikelen","New Wiki articles","","New Wiki articles",""
"2114","Cardinal direction:","36:./templates2/ocstyle/search.result.caches.row.tpl","Himmelsrichtung:","Cardinal direction:","Cardinal direction:","Cardinal direction:","","Cardinal direction:",""
"2115","New features","0:table:sys_menu;field=menustring","Neue Features","New features","Nieuwe functies","New features","","New features",""
"2116","Also notify about newly marked %1OConly%2 caches.","122:./templates2/ocstyle/myprofile.tpl","auch über neu markierte %1OConly%2-Caches benachrichtigen","Also notify about newly marked %1OConly%2 caches.","Also notify about newly marked %1OConly%2 caches.","Also notify about newly marked %1OConly%2 caches.","","Also notify about newly marked %1OConly%2 caches.",""
"2117","Do not notify about newly marked %1OConly%2 caches.","130:./templates2/ocstyle/myprofile.tpl","nicht über neu markierte %1OConly%2-Caches benachrichtigen","Do not notify about newly marked %1OConly%2 caches.","Do not notify about newly marked %1OConly%2 caches.","Do not notify about newly marked %1OConly%2 caches.","","Do not notify about newly marked %1OConly%2 caches.",""
"2118","Notify about newly marked %1OConly%2 caches.","128:./templates2/ocstyle/myprofile.tpl","über neu markierte %1OConly%2-Caches benachrichtigen","Notify about newly marked %1OConly%2 caches.","Notify about newly marked %1OConly%2 caches.","Notify about newly marked %1OConly%2 caches.","","Notify about newly marked %1OConly%2 caches.",""
"2119","with recommendation","151:./templates2/ocstyle/myhome.tpl","mit Empfehlung","with recommendation","with recommendation","with recommendation","","with recommendation",""
"2121","You have given {curr} of {max} possible recommendations.","32:./lang/de/ocstyle/rating.inc.php","Du hast {curr} von {max} möglichen Empfehlungen abgegeben.","You have given {curr} of {max} possible recommendations.","You have given {curr} of {max} possible recommendations.","You have given {curr} of {max} possible recommendations.","","You have given {curr} of {max} possible recommendations.",""
"2122","You need {anzahl} more found log(s) to make another recommendation.","30:./lang/de/ocstyle/rating.inc.php","Du benötigst noch {anzahl} Fund(e), um eine weitere Empfehlung vorzunehmen.","You need {anzahl} more found log(s) to make another recommendation.","You need {anzahl} more found log(s) to make another recommendation.","You need {anzahl} more found log(s) to make another recommendation.","","You need {anzahl} more found log(s) to make another recommendation.",""
"2123","A recommendation can only be made within a ""found"" log!","24:./lang/de/ocstyle/rating.inc.php","Eine Empfehlung kann nur bei einem Gefunden-Logeintrag vorgenommen werden!","A recommendation can only be made within a ""found"" log!","A recommendation can only be made within a ""found"" log!","A recommendation can only be made within a ""found"" log!","","A recommendation can only be made within a ""found"" log!",""
"2125","Log pictures gallery","98:./templates2/ocstyle/adminuser.tpl","Logbildgalerie","Log pictures gallery","Log pictures gallery","Log pictures gallery","","Log pictures gallery",""
"2126","Log history","0:table:sys_menu;field=menustring","Loghistorie","Log history","Log history","Log history","","Log history",""
"2127","Log entries for caches of %1","","Logeinträge für Caches von %1","Log entries for caches of %1","Log entries for caches of %1","Entradas de registro para cachés de %1","","Log entries for caches of %1",""
"2128","Hide own logs","95:./templates2/ocstyle/newlogs.tpl","eigene Logs ausblenden","Hide own logs","Hide own logs","Hide own logs","","Hide own logs",""
"2129","Show own logs","97:./templates2/ocstyle/newlogs.tpl","eigene Logs einblenden","Show own logs","Toon eigen logs","Show own logs","","Show own logs",""
"2130","Log entries for your geocaches","12:./templates2/ocstyle/newlogs.tpl","Logeinträge für deine Caches","Log entries for your geocaches","Log entries for your geocaches","Log entries for your geocaches","","Log entries for your geocaches",""
"2131","When you have found a user who wants to adopt your geocache, fill in the username here and submit. The user will see this geocache in My Profile &gt; Adoptions. To complete the adoption, the user has to accept our terms of use and commit the adoption.","57:./templates2/ocstyle/adoptcache.tpl","Wenn du einen Benutzer gefunden hast, der deinen Geocache adoptieren möchte, trage bitte unten den Benutzername ein und bestätige den Vorgang. Dem Benutzer wird diesen Geocache dann unter Mein Profil &gt; Adoptionen angezeigt. Um die Adoption abzuschließen, muss der Benutzer die Nutzungsbedingungen von Opencaching.de akzeptieren und die Adoption bestätigen.","When you have found a user who wants to adopt your geocache, fill in the username here and submit. The user will see this geocache in My Profile &gt; Adoptions. To complete the adoption, the user has to accept our terms of use and commit the adoption.","When you have found a user who wants to adopt your geocache, fill in the username here and submit. The user will see this geocache in My Profile &gt; Adoptions. To complete the adoption, the user has to accept our terms of use and commit the adoption.","When you have found a user who wants to adopt your geocache, fill in the username here and submit. The user will see this geocache in My Profile &gt; Adoptions. To complete the adoption, the user has to accept our terms of use and commit the adoption.","","When you have found a user who wants to adopt your geocache, fill in the username here and submit. The user will see this geocache in My Profile &gt; Adoptions. To complete the adoption, the user has to accept our terms of use and commit the adoption.",""
"2132","You may offer this geocache to more than one user. The first user committing the adoption will become the new owner of this cache. With the adoption, you will grant to the committing user an unlimited right to use, modifiy, publish and sublicense content of this geocache.","61:./templates2/ocstyle/adoptcache.tpl","Du kannst einen Geocache mehreren Benutzern zur Adoption anbieten. Der erste Benutzer, der die Adoption bestätigt, wird der neue Besitzer des Geocaches. Mit der Adoption gibst du dem Benutzer ein unbeschränktes Recht, urheberrechtlich geschützte Inhalte dieses Geocaches zu nutzen, zu modifizieren und weiterzugeben.","You may offer this geocache to more than one user. The first user committing the adoption will become the new owner of this cache. With the adoption, you will grant to the committing user an unlimited right to use, modifiy, publish and sublicense content of this geocache.","You may offer this geocache to more than one user. The first user committing the adoption will become the new owner of this cache. With the adoption, you will grant to the committing user an unlimited right to use, modifiy, publish and sublicense content of this geocache.","You may offer this geocache to more than one user. The first user committing the adoption will become the new owner of this cache. With the adoption, you will grant to the committing user an unlimited right to use, modifiy, publish and sublicense content of this geocache.","","You may offer this geocache to more than one user. The first user committing the adoption will become the new owner of this cache. With the adoption, you will grant to the committing user an unlimited right to use, modifiy, publish and sublicense content of this geocache.",""
"2133","Copy EN","56:./templates2/ocstyle/translate.tpl","EN kopieren","Copy EN","Copy EN","Copy EN","","Copy EN",""
"2134","I know what I am doing, do not show this advice again today.","202:./templates2/ocstyle/log_cache.tpl","Ich weiß was ich tue &ndash; diesen Hinweis heute nicht mehr anzeigen.","I know what I am doing, do not show this advice again today.","I know what I am doing, do not show this advice again today.","I know what I am doing, do not show this advice again today.","","I know what I am doing, do not show this advice again today.",""
"2135","Show OConly-81 stats","0:table:profile_options;field=name","OConly-81-Statistik anzeigen","Show OConly-81 stats","Toon alleen OConly-81 statistieken","Show OConly-81 stats","","Show OConly-81 stats",""
"2136","OConly statistics","135:./templates2/ocstyle/viewprofile.tpl","OConly-Statistik","OConly statistics","OConly statistieken","OConly statistics","","OConly statistics",""
"2137","The user has found <b>%1</b> of <b>81</b> theoretically possible terrain/difficulty combinations.","54:./templates2/ocstyle/res_oconly81.tpl","Der Benutzer hat <b>%1</b> von <b>81</b> theoretisch möglichen Gelände/Schwierigkeit-Kombinationen gefunden.","The user has found <b>%1</b> of <b>81</b> theoretically possible terrain/difficulty combinations.","De gebruiker heeft <b>%1</b> van <b>81</b> theoretisch mogelijke terrein/moeilijkheid combinaties gevonden.","The user has found <b>%1</b> of <b>81</b> theoretically possible terrain/difficulty combinations.","","The user has found <b>%1</b> of <b>81</b> theoretically possible terrain/difficulty combinations.",""
"2139","OConly-81","9:./templates2/ocstyle/oconly81.tpl","OConly-81","OConly-81","OConly-81","OConly-81","","OConly-81",""
"2140","Users with OConly-81 statistics:","30:./templates2/ocstyle/oconly81.tpl","Benutzer mit OConly-81-Statistik:","Users with OConly-81 statistics:","Gebruikers met OConly-81 statistieken:","Users with OConly-81 statistics:","","Users with OConly-81 statistics:",""
"2141","OConly-81 statistics:","169:./templates2/ocstyle/viewprofile.tpl","OConly-81-Statistik:","OConly-81 statistics:","OConly-81 statistieken:","OConly-81 statistics:","","OConly-81 statistics:",""
"2142","inactive","","inaktiv","inactive","niet actief","inactivo","","inactive",""
"2143","<b>OConly-81</b> is a new challenge about finding OConly caches under varying conditions, i.e. with different difficulty and terrain ratings. To participate, you can enable the OConly-81 statistics in your <a href=""mydetails.php"">user profile settings</a>.","14:./templates2/ocstyle/oconly81.tpl","<b>OConly-81</b> ist eine sportliche Herausforderung bei der es darum geht, OC-Only-Caches unter den verschiedensten Bedingungen zu finden, d.&nbsp;h. mit verschiedenen Schwierigkeits- und Geländewertungen. Um mitzumachen, kannst du in deinen <a href=""mydetails.php"">Profileinstellungen</a> die OConly-81-Statistik aktivieren.","<b>OConly-81</b> is a new challenge about finding OConly caches under varying conditions, i.e. with different difficulty and terrain ratings. To participate, you can enable the OConly-81 statistics in your <a href=""mydetails.php"">user profile settings</a>.","<b>OConly-81</b> is a new challenge about finding OConly caches under varying conditions, i.e. with different difficulty and terrain ratings. To participate, you can enable the OConly-81 statistics in your <a href=""mydetails.php"">user profile settings</a>.","<b>OConly-81</b> is a new challenge about finding OConly caches under varying conditions, i.e. with different difficulty and terrain ratings. To participate, you can enable the OConly-81 statistics in your <a href=""mydetails.php"">user profile settings</a>.","","<b>OConly-81</b> is a new challenge about finding OConly caches under varying conditions, i.e. with different difficulty and terrain ratings. To participate, you can enable the OConly-81 statistics in your <a href=""mydetails.php"">user profile settings</a>.",""
"2144","Participants","22:./templates2/ocstyle/oconly81.tpl"," Teilnehmer","Participants","Deelnemers","Participants","","Participants",""
"2146","Statistics","48:./templates2/ocstyle/oconly81.tpl","Statistik","Statistics","Statistieken","Statistics","","Statistics",""
"2147","Overall terrain and difficulty distribution of active OConly caches:","53:./templates2/ocstyle/oconly81.tpl","Gelände- und Schwierigkeitsverteilung aller OConly-Caches:","Overall terrain and difficulty distribution of active OConly caches:","Overall terrain and difficulty distribution of active OConly caches:","Overall terrain and difficulty distribution of active OConly caches:","","Overall terrain and difficulty distribution of active OConly caches:",""
"2148","... by cache type:","20:./templates2/ocstyle/res_userstats.tpl","... nach Cachetyp:","... by cache type:","... per cachesoort:","... by cache type:","","... by cache type:",""
"2149","... by region:","57:./templates2/ocstyle/res_userstats.tpl","... nach Region:","... by region:","... per land:","... by region:","","... by region:",""
"2150","This geocache is probably placed within the following protection areas:","354:./templates2/ocstyle/viewcache_print.tpl","Dieser Geocache liegt vermutlich in den folgenden Schutzgebieten:","This geocache is probably placed within the following protection areas:","This geocache is probably placed within the following protection areas:","This geocache is probably placed within the following protection areas:","","This geocache is probably placed within the following protection areas:",""
"2151","Also listed as:","90:./templates2/ocstyle/viewcache_print.tpl","Auch gelistet als:","Also listed as:","Ook gepubliceerd op:","Also listed as:","","Also listed as:",""
"2152","Loading more log entries ...","41:./templates2/ocstyle/viewcache.tpl","Lade weitere Logeinträge ...","Loading more log entries ...","Loading more log entries ...","Loading more log entries ...","","Loading more log entries ...",""
"2153","Auto-load log entries","0:table:profile_options;field=name","Logeinträge automatisch nachladen","Auto-load log entries","Auto-load log entries","Auto-load log entries","","Auto-load log entries",""
"2155","Social media","279:./lang/de/ocstyle/main.tpl.php","Soziale Medien","Social media","Sociale media","Social media","","Social media",""
"2156","Follow us:","283:./lang/de/ocstyle/main.tpl.php","Folge uns:","Follow us:","Volg ons:","Follow us:","","Follow us:",""
"2157","Join discussions:","290:./lang/de/ocstyle/main.tpl.php","Diskutiere mit:","Join discussions:","Join discussions:","Join discussions:","","Join discussions:",""
"2158","Opencaching Forum","294:./lang/de/ocstyle/main.tpl.php","Opencaching-Forum","Opencaching Forum","Opencaching Forum","Opencaching Forum","","Opencaching Forum",""
"2159","Google+ Community","295:./lang/de/ocstyle/main.tpl.php","Google+ Community","Google+ Community","Google+ Community","Google+ Community","","Google+ Community",""
"2160","Facebook Group","296:./lang/de/ocstyle/main.tpl.php","Facebook-Gruppe","Facebook Group","Faceboek groep","Facebook Group","","Facebook Group",""
"2161","Only one account can be created per E-Mail address. First name, last name and country are optional.","67:./templates2/ocstyle/register.tpl","Pro E-Mail-Adresse kann nur ein Benutzeraccount eingerichtet werden. Die Angabe von Vorname, Nachname und Land sind freiwillig.","Only one account can be created per E-Mail address. First name, last name and country are optional.","Only one account can be created per E-Mail address. First name, last name and country are optional.","Only one account can be created per E-Mail address. First name, last name and country are optional.","","Only one account can be created per E-Mail address. First name, last name and country are optional.",""
"2162","Your log entries","18:./templates2/ocstyle/newlogs.tpl","Deine Logeinträge","Your log entries","Toon eigen logs","Your log entries","","Your log entries",""
"2163","There are no log entries yet for your geocaches.","195:./templates2/ocstyle/newlogs.tpl","Es gibt noch keine Logeinträge für deine Caches.","There are no log entries yet for your geocaches.","There are no log entries yet for your geocaches.","There are no log entries yet for your geocaches.","","There are no log entries yet for your geocaches.",""
"2164","Cache listing {occode} has been modified by {username}","554:./editcache.php","Das Cachelisting {occode} wurde von {username} verändert.","Cache listing {occode} has been modified by {username}","Cache listing {occode} has been modified by {username}","El listado del caché {occode} ha sido modificado por {username}","","Cache listing {occode} has been modified by {username}",""
"2165","The cache description of {occode} has been modified by {username}","209:./editdesc.php","Die Cachebeschreibung von {occode} wurde von {username} verändert.","The cache description of {occode} has been modified by {username}","The cache description of {occode} has been modified by {username}","La descripcion del caché {occode} ha sido modificada por {username}","","The cache description of {occode} has been modified by {username}",""
"2166","The modifications can be checked via vandalism restore function.","557:./editcache.php","Was geändert wurde, ist über die Vandalismus-Revertierfunktion einsehbar.","The modifications can be checked via vandalism restore function.","The modifications can be checked via vandalism restore function.","Las modificaciones pueden ser comprobadas mediante la funcion restauracion de desperfectos.","","The modifications can be checked via vandalism restore function.",""
"2167","OC Admins","10:./templates2/ocstyle/admins.tpl","OC-Admins","OC Admins","OC Admins","OC Admins","","OC Admins",""
"2168","Newest log entries for caches of %1","15:./templates2/ocstyle/newlogs.tpl","Neueste Logeinträge für Caches von %1","Newest log entries for caches of %1","Newest log entries for caches of %1","Newest log entries for caches of %1","","Newest log entries for caches of %1",""
"2169","Do you really want to delete this picture?","98:./templates2/ocstyle/res_logentry_logitem.tpl","Willst du dieses Bild wirklich löschen?","Do you really want to delete this picture?","Moet deze afbeelding werkelijk verwijderd worden?","Do you really want to delete this picture?","","Do you really want to delete this picture?",""
"2170","Nearby search at geocaching.com","106:./templates2/ocstyle/adminreports.tpl","Umkreissuche auf geocaching.com","Nearby search at geocaching.com","Nearby search at geocaching.com","Nearby search at geocaching.com","","Nearby search at geocaching.com",""
"2171","Please send me mailings about news and campaigns on %1. (max. 2-5 per year)","145:./templates2/ocstyle/myprofile.tpl","Bitte sendet mir Informationen zu Neuigkeiten und Aktionen auf %1 per Email zu. (max. 2-5 pro Jahr)","Please send me mailings about news and campaigns on %1. (max. 2-5 per year)","Please send me mailings about news and campaigns on %1. (max. 2-5 per year)","Please send me mailings about news and campaigns on %1. (max. 2-5 per year)","","Please send me mailings about news and campaigns on %1. (max. 2-5 per year)",""
"2172","Yes, I want to recieve mailings about news and campaigns on %1. (max. 2-5 per year)","149:./templates2/ocstyle/myprofile.tpl","Ja, ich möchte Informationen zu Neuigkeiten und Aktionen auf %1 per Email erhalten. (max. 2-5 pro Jahr)","Yes, I want to recieve mailings about news and campaigns on %1. (max. 2-5 per year)","Yes, I want to recieve mailings about news and campaigns on %1. (max. 2-5 per year)","Yes, I want to recieve mailings about news and campaigns on %1. (max. 2-5 per year)","","Yes, I want to recieve mailings about news and campaigns on %1. (max. 2-5 per year)",""
"2173","No, I dont't want any mailings about news and campaigns on %1.","151:./templates2/ocstyle/myprofile.tpl","Nein, ich möchte keine Informationen zu Neuigkeiten und Aktionen auf %1 per Email erhalten.","No, I dont't want any mailings about news and campaigns on %1.","No, I dont't want any mailings about news and campaigns on %1.","No, I dont't want any mailings about news and campaigns on %1.","","No, I dont't want any mailings about news and campaigns on %1.",""
"2174","Newsletter:","141:./templates2/ocstyle/myprofile.tpl","Newsletter:","Newsletter:","Newsletter:","Newsletter:","","Newsletter:",""
"2175","Disclose my e-mail address by default when sending e-mails to other users.","195:./templates2/ocstyle/myprofile.tpl","Wenn ich andere Benutzer anschreibe, wird standardmäßig meine E-Mail-Adresse mitgeschickt.","Disclose my e-mail address by default when sending e-mails to other users.","Disclose my e-mail address by default when sending e-mails to other users.","Disclose my e-mail address by default when sending e-mails to other users.","","Disclose my e-mail address by default when sending e-mails to other users.",""
"2176","Planned events","10:./templates2/ocstyle/newcaches.tpl","Geplante Events","Planned events","Planned events","Planned events","","Planned events",""
"2177","Another cache (<a href=""viewcache.php?wp=%1"">%1</a>) exists at these coords. Maybe you pressed ""submit cache"" twice. To publish a cache with identical coords, enter other coords first, then edit the listing and change coords.","30:./lang/de/ocstyle/newcache.inc.php","An diesen Koordinaten befindet sich bereits der Cache <a href=""viewcache.php?wp=%1"">%1</a>. Vielleicht hast du mehrfach auf ""Cache senden"" geklickt. Wenn du tatsächlich einen weiteren Cache mit identischen Koordinaten veröffentlichen möchtest, lege ihn zunächst mit abweichenden Koordinaten an, bearbeite dann das Listing und ändere die Koordinaten.","Another cache (<a href=""viewcache.php?wp=%1"">%1</a>) exists at these coords. Maybe you pressed ""submit cache"" twice. To publish a cache with identical coords, enter other coords first, then edit the listing and change coords.","Another cache (<a href=""viewcache.php?wp=%1"">%1</a>) exists at these coords. Maybe you pressed ""submit cache"" twice. To publish a cache with identical coords, enter other coords first, then edit the listing and change coords.","Another cache (<a href=""viewcache.php?wp=%1"">%1</a>) exists at these coords. Maybe you pressed ""submit cache"" twice. To publish a cache with identical coords, enter other coords first, then edit the listing and change coords.","","Another cache (<a href=""viewcache.php?wp=%1"">%1</a>) exists at these coords. Maybe you pressed ""submit cache"" twice. To publish a cache with identical coords, enter other coords first, then edit the listing and change coords.",""
"2178","GC waypoint is invalid, must be GCxxxxx","35:./lang/de/ocstyle/editcache.inc.php","Ungültiger GC-Wegpunkt, das Format ist GCxxxxx","GC waypoint is invalid, must be GCxxxxx","GC waypoint is invalid, must be GCxxxxx","GC waypoint is invalid, must be GCxxxxx","","GC waypoint is invalid, must be GCxxxxx",""
"2179","Safari caches list","2664:./templates2/ocstyle/map2.tpl","Safari-Cache-Liste","Safari caches list","Safari caches list","Safari caches list","","Safari caches list",""
"2180","Add to list","136:./templates2/ocstyle/viewcache.tpl","Merken","Add to list","Toevoegen aan lijst","Add to list","","Add to list",""
"2181","Add geocache to list","14:./templates2/ocstyle/addtolist.tpl","Geocache zu Liste hinzufügen","Add geocache to list","Add geocache to list","Add geocache to list","","Add geocache to list",""
"2182","Add the geocache <b>%1</b> to the following list:","19:./templates2/ocstyle/addtolist.tpl","Den Geocache <b>%1</b> zu folgender Liste hinzufügen:","Add the geocache <b>%1</b> to the following list:","Add the geocache <b>%1</b> to the following list:","Add the geocache <b>%1</b> to the following list:","","Add the geocache <b>%1</b> to the following list:",""
"2183","New cache list","25:./templates2/ocstyle/addtolist.tpl","Neue Cacheliste","New cache list","Nieuwe cache lijst","New cache list","","New cache list",""
"2184","Invalid name","30:./templates2/ocstyle/addtolist.tpl","Ungültiger Name","Invalid name","Ongeldige naam","Invalid name","","Invalid name",""
"2185","public list","27:./templates2/ocstyle/addtolist.tpl","öffentliche Liste","public list","openbare lijst","public list","","public list",""
"2186","You can maintain your personal cache lists in your <a href=""mylists.php"">user profile</a>.","46:./templates2/ocstyle/addtolist.tpl","Deine persönlichen Cachelisten kannst du in deinem <a href=""mylists.php"">Benutzerprofil</a> verwalten.","You can maintain your personal cache lists in your <a href=""mylists.php"">user profile</a>.","You can maintain your personal cache lists in your <a href=""mylists.php"">user profile</a>.","You can maintain your personal cache lists in your <a href=""mylists.php"">user profile</a>.","","You can maintain your personal cache lists in your <a href=""mylists.php"">user profile</a>.",""
"2187","public","38:./templates2/ocstyle/addtolist.tpl","öffentlich","public","openbaar","public","","public",""
"2188","private","38:./templates2/ocstyle/addtolist.tpl","privat","private","privé","private","","private",""
"2189","Cache lists","13:./templates2/ocstyle/cachelists.tpl","Cachelisten","Cache lists","Cache lijsten","Cache lists","","Cache lists",""
"2190","Since July 2015, all registered Opencaching users can create and publish own geocache lists via their <a href=""mylists.php"">user profile</a>. The following lists have been published so far:","55:./templates2/ocstyle/cachelists.tpl","Seit Juli 2015 können alle registrierten Opencaching-Benutzer über ihr <a href=""mylists.php"">Benutzerprofil</a> eigene Geocache-Listen erstellen und veröffentlichen. Die folgenden Listen wurden bislang veröffentlicht:","Since July 2015, all registered Opencaching users can create and publish own geocache lists via their <a href=""mylists.php"">user profile</a>. The following lists have been published so far:","Since July 2015, all registered Opencaching users can create and publish own geocache lists via their <a href=""mylists.php"">user profile</a>. The following lists have been published so far:","Since July 2015, all registered Opencaching users can create and publish own geocache lists via their <a href=""mylists.php"">user profile</a>. The following lists have been published so far:","","Since July 2015, all registered Opencaching users can create and publish own geocache lists via their <a href=""mylists.php"">user profile</a>. The following lists have been published so far:",""
"2191","Cache list","15:./templates2/ocstyle/res_cachelists.tpl","Cacheliste","Cache list","Cache lijst","Cache list","","Cache list",""
"2192","There are no lists yet.","48:./templates2/ocstyle/res_cachelists.tpl","Noch keine Listen vorhanden.","There are no lists yet.","Er zijn nog geen cache lijsten.","There are no lists yet.","","There are no lists yet.",""
"2193","My cache lists","13:./templates2/ocstyle/mylists.tpl","Meine Cachelisten","My cache lists","Mijn cache lijsten","My cache lists","","My cache lists",""
"2194","Do you really want to delete the list \'%1\'?","41:./templates2/ocstyle/res_cachelists.tpl","Möchtest du die Liste \'%1\' wirklich löschen?","Do you really want to delete the list \'%1\'?","Do you really want to delete the list \'%1\'?","Do you really want to delete the list \'%1\'?","","Do you really want to delete the list \'%1\'?",""
"2195","Create new list","27:./templates2/ocstyle/mylists.tpl","Neue Liste anlegen","Create new list","Maak nieuwe lijst","Create new list","","Create new list",""
"2196","Public lists are displayed in your <a href=""viewprofile.php?userid=%1"">public user profile</a>, on the <a href=""cachelists.php"">lists overwiew page</a> and (if enabled) in the cache listings.","46:./templates2/ocstyle/addtolist.tpl","Öffentliche Listen werden in deinem <a href=""viewprofile.php?userid=%1"">öffentlichen Profil</a>, auf der <a href=""cachelists.php"">Listen-Sammelseite</a> und (falls eingeschaltet) in den Cachelistings angezeigt.","Public lists are displayed in your <a href=""viewprofile.php?userid=%1"">public user profile</a>, on the <a href=""cachelists.php"">lists overwiew page</a> and (if enabled) in the cache listings.","Public lists are displayed in your <a href=""viewprofile.php?userid=%1"">public user profile</a>, on the <a href=""cachelists.php"">lists overwiew page</a> and (if enabled) in the cache listings.","Public lists are displayed in your <a href=""viewprofile.php?userid=%1"">public user profile</a>, on the <a href=""cachelists.php"">lists overwiew page</a> and (if enabled) in the cache listings.","","Public lists are displayed in your <a href=""viewprofile.php?userid=%1"">public user profile</a>, on the <a href=""cachelists.php"">lists overwiew page</a> and (if enabled) in the cache listings.",""
"2197","Space-separated list of OC waypoints.","119:./templates2/ocstyle/mylists.tpl","Mit Leerzeichen getrennte Liste von OC-Wegpunkten.","Space-separated list of OC waypoints.","Space-separated list of OC waypoints.","Space-separated list of OC waypoints.","","Space-separated list of OC waypoints.",""
"2198","You may also add caches via ""Add to list"" button in cache listings.","119:./templates2/ocstyle/mylists.tpl","Wahlweise kannst du auch Caches mit dem „Merken“-Knopf im Listing hinzufügen.","You may also add caches via ""Add to list"" button in cache listings.","You may also add caches via ""Add to list"" button in cache listings.","You may also add caches via ""Add to list"" button in cache listings.","","You may also add caches via ""Add to list"" button in cache listings.",""
"2199","This is optional, caches may be added to the list later.","119:./templates2/ocstyle/mylists.tpl","Diese Angabe ist optional; Caches können auch später zur Liste hinzugefügt werden.","This is optional, caches may be added to the list later.","This is optional, caches may be added to the list later.","This is optional, caches may be added to the list later.","","This is optional, caches may be added to the list later.",""
"2200","Create list","142:./templates2/ocstyle/mylists.tpl","Liste anlegen","Create list","Lijst maken","Create list","","Create list",""
"2201","Edit cache list","13:./templates2/ocstyle/mylists.tpl","Cacheliste bearbeiten","Edit cache list","Cache lijst bewerken","Edit cache list","","Edit cache list",""
"2202","Add caches:","114:./templates2/ocstyle/mylists.tpl","Caches hinzufügen:","Add caches:","Add caches:","Add caches:","","Add caches:",""
"2203","Remove caches:","124:./templates2/ocstyle/mylists.tpl","Caches entfernen:","Remove caches:","Remove caches:","Remove caches:","","Remove caches:",""
"2204","The following waypoints are invalid and could not be added to the list:","17:./templates2/ocstyle/mylists.tpl","Die folgenden Wegpunkte sind ungültig und konnten nicht zur Liste hinzugefügt werden:","The following waypoints are invalid and could not be added to the list:","The following waypoints are invalid and could not be added to the list:","The following waypoints are invalid and could not be added to the list:","","The following waypoints are invalid and could not be added to the list:",""
"2205","Show all cache lists","352:./lang/de/ocstyle/editcache.tpl.php","Alle Cachelisten anzeigen","Show all cache lists","Toon alle cache lijsten","Show all cache lists","","Show all cache lists",""
"2206","I want to receive notifications about any logs for caches in this list.","83:./templates2/ocstyle/mylists.tpl","Ich möchte benachrichtigt werden, wenn ein Cache in dieser Liste geloggt wird.","I want to receive notifications about any logs for caches in this list.","I want to receive notifications about any logs for caches in this list.","I want to receive notifications about any logs for caches in this list.","","I want to receive notifications about any logs for caches in this list.",""
"2207","I am watching this list.","7:./templates2/ocstyle/res_cachelist_link.tpl","Ich beobachte diese Liste.","I am watching this list.","Ik volg deze lijst.","I am watching this list.","","I am watching this list.",""
"2208","watch","","beobachten","watch","volgen","ver","","watch",""
"2209","do not watch","150:./templates2/ocstyle/mywatches.tpl","nicht beobachten","do not watch","niet volgen","do not watch","","do not watch",""
"2210","Single caches:","123:./templates2/ocstyle/mywatches.tpl","Einzelne Caches:","Single caches:","Single caches:","Single caches:","","Single caches:",""
"2211","Lists:","161:./templates2/ocstyle/mywatches.tpl","Listen:","Lists:","Lijsten:","Lists:","","Lists:",""
"2212","edit","","bearbeiten","edit","bewerken","editar","","edit",""
"2213","delete","","löschen","delete","verwijderen","eliminar","","delete",""
"2214","do not ignore","29:./templates2/ocstyle/myignores.tpl","nicht ignorieren","do not ignore","do not ignore","do not ignore","","do not ignore",""
"2215","List name:","32:./templates2/ocstyle/cachelists.tpl","Listenname:","List name:","Lijst naam:","List name:","","List name:",""
"2216","By:","36:./templates2/ocstyle/cachelists.tpl","Von:","By:","Door:","By:","","By:",""
"2217","don't watch","","nicht beobachten","don't watch","niet volgen","no ver","","don't watch",""
"2218","Another of your cache lists already has this name.","30:./templates2/ocstyle/addtolist.tpl","Eine andere deiner Cachelisten hat bereits den gleichen Name.","Another of your cache lists already has this name.","Another of your cache lists already has this name.","Another of your cache lists already has this name.","","Another of your cache lists already has this name.",""
"2219","minimum length for public lists is 10 characters","30:./templates2/ocstyle/addtolist.tpl","Mindestlänge für öffentliche Listen ist 10 Zeichen","minimum length for public lists is 10 characters","minimum length for public lists is 10 characters","minimum length for public lists is 10 characters","","minimum length for public lists is 10 characters",""
"2220","You are still watching this geocache via one or more cache lists.","150:./templates2/ocstyle/viewcache.tpl","Du beobachtest diesen Geocache weiterhin über eine oder mehrere Cachelisten.","You are still watching this geocache via one or more cache lists.","You are still watching this geocache via one or more cache lists.","You are still watching this geocache via one or more cache lists.","","You are still watching this geocache via one or more cache lists.",""
"2221","Create new cachelist","13:./templates2/ocstyle/mylists.tpl","Neue Cacheliste anlegen","Create new cachelist","Maak nieuwe cache lijst","Create new cachelist","","Create new cachelist",""
"2222","visible for all users in cache listings","77:./templates2/ocstyle/mylists.tpl","für Alle in Cachelistings sichtbar","visible for all users in cache listings","visible for all users in cache listings","visible for all users in cache listings","","visible for all users in cache listings",""
"2223","semi-public","336:./templates2/ocstyle/viewcache.tpl","halböffentlich","semi-public","semi-public","semi-public","","semi-public",""
"2224","listing display","38:./templates2/ocstyle/addtolist.tpl","Listinganzeige","listing display","listing display","listing display","","listing display",""
"2225","without Geokrets","2528:./templates2/ocstyle/map2.tpl","ohne Geokrets","without Geokrets","zonder Geokrets","without Geokrets","","without Geokrets",""
"2226","hidden","336:./templates2/ocstyle/viewcache.tpl","ausgeblendet","hidden","hidden","hidden","","hidden",""
"2227","Coordinate changes","116:./templates2/ocstyle/adminhistory.tpl","Koordinatenänderungen","Coordinate changes","Coordinate changes","Coordinate changes","","Coordinate changes",""
"2228","Password for sharing:","75:./templates2/ocstyle/mylists.tpl","Kennwort für Weitergabe:","Password for sharing:","Password for sharing:","Password for sharing:","","Password for sharing:",""
"2229","List has password; click here to share it","28:./templates2/ocstyle/res_cachelists.tpl","Liste mit Kennwort; kicke hier, um sie zu teilen.","List has password; click here to share it","List has password; click here to share it","List has password; click here to share it","","List has password; click here to share it",""
"2230","Own lists","15:./templates2/ocstyle/res_cachelists.tpl","Eigene Listen","Own lists","Eigen lijst","Own lists","","Own lists",""
"2231","Bookmarked lists","15:./templates2/ocstyle/res_cachelists.tpl","Gemerkte Listen (Favoriten)","Bookmarked lists","Bookmarked lists","Bookmarked lists","","Bookmarked lists",""
"2232","Do you really want to unbookmark the list \'%1\'?","42:./templates2/ocstyle/res_cachelists.tpl","Möchtest du die Cacheliste \'%1\' wirklich aus den Favoriten entfernen?","Do you really want to unbookmark the list \'%1\'?","Do you really want to unbookmark the list \'%1\'?","Do you really want to unbookmark the list \'%1\'?","","Do you really want to unbookmark the list \'%1\'?",""
"2233","bookmark","31:./templates2/ocstyle/search.result.caches.tpl","merken","bookmark","bookmark","bookmark","","bookmark",""
"2234","I have bookmarked this list.","7:./templates2/ocstyle/res_cachelist_link.tpl","Diese Liste gehört zu meinen Favoriten.","I have bookmarked this list.","I have bookmarked this list.","I have bookmarked this list.","","I have bookmarked this list.",""
"2235","locked/hidden cache","131:./templates2/ocstyle/mylists.tpl","gesperrter/versteckter Cache","locked/hidden cache","locked/hidden cache","locked/hidden cache","","locked/hidden cache",""
"2236","Watch:","82:./templates2/ocstyle/mylists.tpl","Beobachten:","Watch:","Volgen:","Watch:","","Watch:",""
"2237","Caches:","114:./templates2/ocstyle/mylists.tpl","Caches:","Caches:","Caches:","Caches:","Caches:","Caches:","Тайники:"
"2238","Link to share this cache list:","32:./templates2/ocstyle/res_cachelists.tpl","Link zum Teilen dieser Cacheliste:","Link to share this cache list:","Link to share this cache list:","Link to share this cache list:","","Link to share this cache list:",""
"2240","Chinese","0:table:languages;field=name","Chinesisch","Chinese","Chinees","Chinese","","Chinese",""
"2241","Thai","0:table:languages;field=name","Thailändisch","Thai","Thais","Thai","","Thai",""
"2242","Luxembourgish","0:table:languages;field=name","Luxemburgisch","Luxembourgish","Luxemburgs","Luxembourgish","","Luxembourgish",""
"2243","Catalan","0:table:languages;field=name","Katalanisch","Catalan","Catalaans","Catalan","","Catalan",""
"2244","Waypoint:","17:./templates2/ocstyle/garmin.tpl","Wegpunkt:","Waypoint:","Waypoint:","Waypoint:","","Waypoint:",""
"2245","without regional reference","41:./templates2/ocstyle/tops.tpl","ohne Regionalbezug","without regional reference","without regional reference","without regional reference","","without regional reference",""
"2246","<span></span>","27:./lang/de/ocstyle/error.tpl.php","<span></span>","<span></span>","<span></span>","<span></span>","<span></span>","<span></span>","<span></span>"
"2247","User:","139:./templates2/ocstyle/sys_main.tpl","Benutzer:","User:","Gebruiker:","User:","","User:",""
"2248","All languages","456:./templates2/ocstyle/search.tpl","Alle Sprachen","All languages","Alle talen","All languages","","All languages",""
"2249","Caches in %1","16:./templates2/ocstyle/newcaches.tpl","Caches in %1","Caches in %1","Caches in %1","Caches in %1","","Caches in %1",""
"2250","New caches without %1","17:./templates2/ocstyle/newcaches.tpl","Neue Caches ohne %1","New caches without %1","Nieuwe caches zonder %1","New caches without %1","","New caches without %1",""
"2251","All new logs","44:./templates2/ocstyle/newlogs.tpl","Alle neuen Logs","All new logs","Alle nieuwe logs","All new logs","","All new logs",""
"2252","New logs in %1","45:./templates2/ocstyle/newlogs.tpl","Neue Logs in %1","New logs in %1","Nieuwe logs in %1","New logs in %1","","New logs in %1",""
"2253","New logs without %1","46:./templates2/ocstyle/newlogs.tpl","Neue Logs ohne %1","New logs without %1","Nieuwe logs zonder %1","New logs without %1","","New logs without %1",""
"2254","Please select a language.","22:./lang/de/ocstyle/newdesc.inc.php","Bitte eine Sprache auswählen.","Please select a language.","Selecteer een taal.","Please select a language.","","Please select a language.",""
"2255","OConly ","","OConly-","OConly ","OConly ","OConly ","","OConly ",""
"2256","New cache:","","Neuer Cache:","New cache:","Nieuwe cache:","Nuevo caché:","","New cache:",""
"2257","New OConly cache:","","Neuer OConly-Cache:","New OConly cache:","Nieuwe OConly cache:","Nuevo caché OConly:","","New OConly cache:",""
"2258","No new log entries.","148:./util/watchlist/runwatch.php","Keine neuen Logeinträge.","No new log entries.","Geen nieuwe logs.","No new log entries.","","No new log entries.",""
"2259","{user} has logged your cache ""{cachename}"":","","{user} hat einen Logeintrag für deinen Cache ""{cachename}"" gemacht:","{user} has logged your cache ""{cachename}"":","{user} has logged your cache ""{cachename}"":","{user} ha registrado tu caché ""{cachename}"":","","{user} has logged your cache ""{cachename}"":",""
"2260","{user} has logged the cache ""{cachename}"":","","{user} hat einen Logeintrag für den Cache ""{cachename}"" gemacht:","{user} has logged the cache ""{cachename}"":","{user} has logged the cache ""{cachename}"":","{user} ha registrado el caché ""{cachename}"":","","{user} has logged the cache ""{cachename}"":",""
"2261","Your watchlist of","","Deine Watchlist vom","Your watchlist of","Your watchlist of","Tu listado de","","Your watchlist of",""
"2262","Cache was marked as OConly:","","Cache wurde als OConly markiert:","Cache was marked as OConly:","Cache was marked as OConly:","El caché fue marcado como OConly:","","Cache was marked as OConly:",""
"2263","View description","54:./templates2/ocstyle/search.tpl.inc.php","Beschreibung ansehen","View description","View description","View description","","View description",""
"2264","Type:","56:./templates2/ocstyle/search.tpl.inc.php","Art:","Type:","Soort:","Type:","","Type:",""
"2270","Berlin","0:table:towns;field=name","Berlin","Berlin","Berlijn","Berlin","","Berlin",""
"2271","Bremen","0:table:towns;field=name","Bremen","Bremen","Bremen","Bremen","","Bremen",""
"2272","Dresden","0:table:towns;field=name","Dresden","Dresden","Dresden","Dresden","","Dresden",""
"2273","Düsseldorf","0:table:towns;field=name","Düsseldorf","Düsseldorf","Düsseldorf","Düsseldorf","","Düsseldorf",""
"2274","Erfurt","0:table:towns;field=name","Erfurt","Erfurt","Erfurt","Erfurt","","Erfurt",""
"2275","Hamburg","0:table:towns;field=name","Hamburg","Hamburg","Hamburg","Hamburg","","Hamburg",""
"2276","Hannover","0:table:towns;field=name","Hannover","Hannover","Hannover","Hannover","","Hannover",""
"2277","Kiel","0:table:towns;field=name","Kiel","Kiel","Kiel","Kiel","","Kiel",""
"2278","Mainz","0:table:towns;field=name","Mainz","Mainz","Mainz","Mainz","","Mainz",""
"2279","Magdeburg","0:table:towns;field=name","Magdeburg","Magdeburg","Magdeburg","Magdeburg","","Magdeburg",""
"2280","Munich","0:table:towns;field=name","München","Munich","Munchen","Munich","","Munich",""
"2281","Potsdam","0:table:towns;field=name","Potsdam","Potsdam","Potsdam","Potsdam","","Potsdam",""
"2282","Saarbrücken","0:table:towns;field=name","Saarbrücken","Saarbrücken","Saarbrücken","Saarbrücken","","Saarbrücken",""
"2283","Schwerin","0:table:towns;field=name","Schwerin","Schwerin","Schwerin","Schwerin","","Schwerin",""
"2284","Stuttgart","0:table:towns;field=name","Stuttgart","Stuttgart","Stuttgart","Stuttgart","","Stuttgart",""
"2285","Wiesbaden","0:table:towns;field=name","Wiesbaden","Wiesbaden","Wiesbaden","Wiesbaden","","Wiesbaden",""
"2286","Frankfurt am Main","0:table:towns;field=name","Frankfurt Am Main","Frankfurt am Main","Frankfurt am Main","Frankfurt am Main","","Frankfurt am Main",""
"2287","Dortmund","0:table:towns;field=name","Dortmund","Dortmund","Dortmund","Dortmund","","Dortmund",""
"2288","Essen","0:table:towns;field=name","Essen","Essen","Essen","Essen","","Essen",""
"2289","Leipzig","0:table:towns;field=name","Leipzig","Leipzig","Leipzig","Leipzig","","Leipzig",""
"2290","Nuremberg","0:table:towns;field=name","Nürnberg","Nuremberg","Nuremberg","Nuremberg","","Nuremberg",""
"2291","Bologna","0:table:towns;field=name","Bologna","Bologna","Bologna","Bologna","","Bologna",""
"2292","Bolzano","0:table:towns;field=name","Bozen","Bolzano","Bolzano","Bolzano","","Bolzano",""
"2293","Corsica","0:table:towns;field=name","Korsika","Corsica","Corsica","Corsica","","Corsica",""
"2294","Cosenza","0:table:towns;field=name","Cosenza","Cosenza","Cosenza","Cosenza","","Cosenza",""
"2295","Genoa","0:table:towns;field=name","Genua","Genoa","Genoa","Genoa","","Genoa",""
"2296","Milan","0:table:towns;field=name","Mailand","Milan","Milaan","Milan","","Milan",""
"2297","Naples","0:table:towns;field=name","Neapel","Naples","Naples","Naples","","Naples",""
"2298","Palermo","0:table:towns;field=name","Palermo","Palermo","Palermo","Palermo","","Palermo",""
"2299","Rome","0:table:towns;field=name","Rom","Rome","Rome","Rome","","Rome",""
"2300","Sardinia","0:table:towns;field=name","Sardinien","Sardinia","Sardinia","Sardinia","","Sardinia",""
"2301","Udine","0:table:towns;field=name","Udine","Udine","Udine","Udine","","Udine",""
"2302","A Coruña","0:table:towns;field=name","A Coruña","A Coruña","A Coruña","A Coruña","","A Coruña",""
"2303","Albacete","0:table:towns;field=name","Albacete","Albacete","Albacete","Albacete","","Albacete",""
"2304","Alicante","0:table:towns;field=name","Alicante","Alicante","Alicante","Alicante","","Alicante",""
"2305","Almería","0:table:towns;field=name","Almería","Almería","Almería","Almería","","Almería",""
"2306","Ávila","0:table:towns;field=name","Ávila","Ávila","Ávila","Ávila","","Ávila",""
"2307","Badajoz","0:table:towns;field=name","Badajoz","Badajoz","Badajoz","Badajoz","","Badajoz",""
"2308","Barcelona","0:table:towns;field=name","Barcelona","Barcelona","Barcelona","Barcelona","","Barcelona",""
"2309","Bilbao","0:table:towns;field=name","Bilbao","Bilbao","Bilbao","Bilbao","","Bilbao",""
"2310","Burgos","0:table:towns;field=name","Burgos","Burgos","Burgos","Burgos","","Burgos",""
"2311","Cáceres","0:table:towns;field=name","Cáceres","Cáceres","Cáceres","Cáceres","","Cáceres",""
"2312","Cádiz","0:table:towns;field=name","Cádiz","Cádiz","Cádiz","Cádiz","","Cádiz",""
"2313","Castellón","0:table:towns;field=name","Castellón","Castellón","Castellón","Castellón","","Castellón",""
"2314","Ceuta","0:table:towns;field=name","Ceuta","Ceuta","Ceuta","Ceuta","","Ceuta",""
"2315","Ciudad Real","0:table:towns;field=name","Ciudad Real","Ciudad Real","Ciudad Real","Ciudad Real","","Ciudad Real",""
"2316","Córdoba","0:table:towns;field=name","Cordoba","Córdoba","Córdoba","Córdoba","","Córdoba",""
"2317","Cuenca","0:table:towns;field=name","Cuenca","Cuenca","Cuenca","Cuenca","","Cuenca",""
"2318","Gerona","0:table:towns;field=name","Girona","Gerona","Gerona","Gerona","","Gerona",""
"2319","Granada","0:table:towns;field=name","Granada","Granada","Granada","Granada","","Granada",""
"2320","Guadalajara","0:table:towns;field=name","Guadalajara","Guadalajara","Guadalajara","Guadalajara","","Guadalajara",""
"2321","Huesca","0:table:towns;field=name","Huesca","Huesca","Huesca","Huesca","","Huesca",""
"2322","Huelva","0:table:towns;field=name","Huelva","Huelva","Huelva","Huelva","","Huelva",""
"2323","Jaén","0:table:towns;field=name","Jaén","Jaén","Jaén","Jaén","","Jaén",""
"2324","Las Palmas de Gran Canaria","0:table:towns;field=name","Las Palmas de Gran Canaria","Las Palmas de Gran Canaria","Las Palmas de Gran Canaria","Las Palmas de Gran Canaria","","Las Palmas de Gran Canaria",""
"2325","León","0:table:towns;field=name","León","León","León","León","","León",""
"2326","Lleida","0:table:towns;field=name","Lleida","Lleida","Lleida","Lleida","","Lleida",""
"2327","Logroño","0:table:towns;field=name","Logroño","Logroño","Logroño","Logroño","","Logroño",""
"2328","Lugo","0:table:towns;field=name","Lugo","Lugo","Lugo","Lugo","","Lugo",""
"2329","Madrid","0:table:towns;field=name","Madrid","Madrid","Madrid","Madrid","","Madrid",""
"2330","Málaga","0:table:towns;field=name","Málaga","Málaga","Málaga","Málaga","","Málaga",""
"2331","Melilla","0:table:towns;field=name","Melilla","Melilla","Melilla","Melilla","","Melilla",""
"2332","Murcia","0:table:towns;field=name","Murcia","Murcia","Murcia","Murcia","","Murcia",""
"2333","Ourense","0:table:towns;field=name","Ourense","Ourense","Ourense","Ourense","","Ourense",""
"2334","Oviedo","0:table:towns;field=name","Oviedo","Oviedo","Oviedo","Oviedo","","Oviedo",""
"2335","Palencia","0:table:towns;field=name","Palencia","Palencia","Palencia","Palencia","","Palencia",""
"2336","Palma de Mallorca","0:table:towns;field=name","Palma de Mallorca","Palma de Mallorca","Palma de Mallorca","Palma de Mallorca","","Palma de Mallorca",""
"2337","Pamplona","0:table:towns;field=name","Pamplona","Pamplona","Pamplona","Pamplona","","Pamplona",""
"2338","Pontevedra","0:table:towns;field=name","Pontevedra","Pontevedra","Pontevedra","Pontevedra","","Pontevedra",""
"2339","Salamanca","0:table:towns;field=name","Salamanca","Salamanca","Salamanca","Salamanca","","Salamanca",""
"2340","San Sebastián","0:table:towns;field=name","San Sebastián","San Sebastián","San Sebastián","San Sebastián","","San Sebastián",""
"2341","Santa Cruz de Tenerife","0:table:towns;field=name","Santa Cruz de Tenerife","Santa Cruz de Tenerife","Santa Cruz de Tenerife","Santa Cruz de Tenerife","","Santa Cruz de Tenerife",""
"2342","Santander","0:table:towns;field=name","Santander","Santander","Santander","Santander","","Santander",""
"2343","Segovia","0:table:towns;field=name","Segovia","Segovia","Segovia","Segovia","","Segovia",""
"2344","Seville","0:table:towns;field=name","Sevilla","Seville","Seville","Seville","","Seville",""
"2345","Soria","0:table:towns;field=name","Soria","Soria","Soria","Soria","","Soria",""
"2346","Tarragona","0:table:towns;field=name","Tarragona","Tarragona","Tarragona","Tarragona","","Tarragona",""
"2347","Teruel","0:table:towns;field=name","Teruel","Teruel","Teruel","Teruel","","Teruel",""
"2348","Toledo","0:table:towns;field=name","Toledo","Toledo","Toledo","Toledo","","Toledo",""
"2349","Valencia","0:table:towns;field=name","Valencia","Valencia","Valencia","Valencia","","Valencia",""
"2350","Valladolid","0:table:towns;field=name","Valladolid","Valladolid","Valladolid","Valladolid","","Valladolid",""
"2351","Vitoria-Gasteiz","0:table:towns;field=name","Vitoria-Gasteiz","Vitoria-Gasteiz","Vitoria-Gasteiz","Vitoria-Gasteiz","","Vitoria-Gasteiz",""
"2352","Zamora","0:table:towns;field=name","Zamora","Zamora","Zamora","Zamora","","Zamora",""
"2353","Zaragoza","0:table:towns;field=name","Saragossa","Zaragoza","Zaragoza","Zaragoza","","Zaragoza",""
"2354","Paris","0:table:towns;field=name","Paris","Paris","Parijs","Paris","","Paris",""
"2355","Marseille","0:table:towns;field=name","Marseille","Marseille","Marseille","Marseille","","Marseille",""
"2356","Lyon","0:table:towns;field=name","Lyon","Lyon","Lyon","Lyon","","Lyon",""
"2357","Toulouse","0:table:towns;field=name","Toulouse","Toulouse","Toulouse","Toulouse","","Toulouse",""
"2358","Nice","0:table:towns;field=name","Nizza","Nice","Nice","Nice","","Nice",""
"2359","Nantes","0:table:towns;field=name","Nantes","Nantes","Nantes","Nantes","","Nantes",""
"2360","Strasbourg","0:table:towns;field=name","Straßburg","Strasbourg","Strasbourg","Strasbourg","","Strasbourg",""
"2361","Montpellier","0:table:towns;field=name","Montpellier","Montpellier","Montpellier","Montpellier","","Montpellier",""
"2362","Bordeaux","0:table:towns;field=name","Bordeaux","Bordeaux","Bordeaux","Bordeaux","","Bordeaux",""
"2363","Lille","0:table:towns;field=name","Lille","Lille","Lille","Lille","","Lille",""
"2364","Rennes","0:table:towns;field=name","Rennes","Rennes","Rennes","Rennes","","Rennes",""
"2365","Reims","0:table:towns;field=name","Reims","Reims","Reims","Reims","","Reims",""
"2366","Le Havre","0:table:towns;field=name","Le Havre","Le Havre","Le Havre","Le Havre","","Le Havre",""
"2367","Saint-Étienne","0:table:towns;field=name","Saint-Étienne","Saint-Étienne","Saint-Étienne","Saint-Étienne","","Saint-Étienne",""
"2368","Toulon","0:table:towns;field=name","Toulon","Toulon","Toulon","Toulon","","Toulon",""
"2369","Bregenz","0:table:towns;field=name","Bregenz","Bregenz","Bregenz","Bregenz","","Bregenz",""
"2370","Eisenstadt","0:table:towns;field=name","Eisenstadt","Eisenstadt","Eisenstadt","Eisenstadt","","Eisenstadt",""
"2371","Graz","0:table:towns;field=name","Graz","Graz","Graz","Graz","","Graz",""
"2372","Innsbruck","0:table:towns;field=name","Innsbruck","Innsbruck","Innsbruck","Innsbruck","","Innsbruck",""
"2373","Klagenfurt","0:table:towns;field=name","Klagenfurt","Klagenfurt","Klagenfurt","Klagenfurt","","Klagenfurt",""
"2374","Linz","0:table:towns;field=name","Linz","Linz","Linz","Linz","","Linz",""
"2375","Salzburg","0:table:towns;field=name","Salzburg","Salzburg","Salzburg","Salzburg","","Salzburg",""
"2376","Sankt Pölten","0:table:towns;field=name","Sankt Pölten","Sankt Pölten","Sankt Pölten","Sankt Pölten","","Sankt Pölten",""
"2377","Vienna","0:table:towns;field=name","Wien","Vienna","Wenen","Vienna","","Vienna",""
"2378","Aarau","0:table:towns;field=name","Aarau","Aarau","Aarau","Aarau","","Aarau",""
"2379","Appenzell","0:table:towns;field=name","Appenzell","Appenzell","Appenzell","Appenzell","","Appenzell",""
"2380","Herisau","0:table:towns;field=name","Herisau","Herisau","Herisau","Herisau","","Herisau",""
"2381","Liestal","0:table:towns;field=name","Liestal","Liestal","Liestal","Liestal","","Liestal",""
"2382","Basel","0:table:towns;field=name","Basel","Basel","Basel","Basel","","Basel",""
"2383","Bern","0:table:towns;field=name","Bern","Bern","Bern","Bern","","Bern",""
"2384","Fribourg","0:table:towns;field=name","Freiburg","Fribourg","Fribourg","Fribourg","","Fribourg",""
"2385","Geneva","0:table:towns;field=name","Genf","Geneva","Genève","Geneva","","Geneva",""
"2386","Glarus","0:table:towns;field=name","Glarus","Glarus","Glarus","Glarus","","Glarus",""
"2387","Chur","0:table:towns;field=name","Chur","Chur","Chur","Chur","","Chur",""
"2388","Delémont","0:table:towns;field=name","Delsberg","Delémont","Delémont","Delémont","","Delémont",""
"2389","Lucerne","0:table:towns;field=name","Luzern","Lucerne","Lucerne","Lucerne","","Lucerne",""
"2390","Neuchâtel","0:table:towns;field=name","Neuenburg","Neuchâtel","Neuchâtel","Neuchâtel","","Neuchâtel",""
"2391","Lausanne","0:table:towns;field=name","Lausanne","Lausanne","Lausanne","Lausanne","","Lausanne",""
"2392","Zürich","0:table:towns;field=name","Zürich","Zürich","Zürich","Zürich","","Zürich",""
"2522","OConly","","OConly","OConly","OConly","OConly","","OConly",""
"2523","Official OC logos (up-to-date):","35:./templates2/ocstyle/change_statpic.tpl","Offizielle OC-Logos (up-to-date):","Official OC logos (up-to-date):","Official OC logos (up-to-date):","Official OC logos (up-to-date):","","Official OC logos (up-to-date):",""
"2524","Stored query","17:./templates2/ocstyle/search.result.caches.tpl","Gespeicherte Suche","Stored query","Stored query","Stored query","","Stored query",""
"2525","Alternavite logos (partly outdated):","55:./templates2/ocstyle/change_statpic.tpl","Alternative Logos (teilweise veraltet):","Alternavite logos (partly outdated):","Alternavite logos (partly outdated):","Alternavite logos (partly outdated):","","Alternavite logos (partly outdated):",""
"2526","found","","gefunden","found","gevonden","encontrado","","found",""
"2527","not&nbsp;found","80:./templates2/ocstyle/newlogs.tpl","nicht&nbsp;gefunden","not&nbsp;found","not&nbsp;gevonden","not&nbsp;found","","not&nbsp;found",""
"2528","attended","","teilgenommen","attended","deelgenomen","asistió","","attended",""
"2529","recommended","","empfohlen","recommended","aanbevolen","recomendado","","recommended",""
"2530","Current new entries","51:./templates2/ocstyle/newlogs.tpl","Aktuelle Neueinträge","Current new entries","Current new entries","Current new entries","","Current new entries",""
"2531","All new entries","52:./templates2/ocstyle/newlogs.tpl","Alle Neueinträge","All new entries","All new entries","All new entries","","All new entries",""
"2532","... by log date","53:./templates2/ocstyle/newlogs.tpl","... nach Logdatum","... by log date","... by log date","... by log date","","... by log date",""
"2536","Cache list:","","Cacheliste:","Cache list:","Cache lijst:","Listado del caché:","","Cache list:",""
"2537","Cache lists:","","Cachelisten:","Cache lists:","Cache lijsten:","Listados del caché:","","Cache lists:",""
"2632","Handicap: Blind","0:table:cache_attrib;field=name","Handicap: Blind","Handicap: Blind","Handicap: Blind","Handicap: Blind","","Handicap: Blind",""
"2633","This Cache can be found by blind people.","0:table:cache_attrib;field=html_desc","Dieser Cache kann von Menschen mit Sehbehinderung gefunden werden.","This Cache can be found by blind people.","This Cache can be found by blind people.","This Cache can be found by blind people.","","This Cache can be found by blind people.",""
"2634","More information","57:./templates2/ocstyle/header/cookie_notice.tpl","Mehr Informationen","More information","More information","More information","","More information",""
"2635","Close","57:./templates2/ocstyle/header/cookie_notice.tpl","Schließen","Close","Close","Close","","Close",""
"2636","This website uses cookies. If you stay on this site you accept the usage of cookies.","57:./templates2/ocstyle/header/cookie_notice.tpl","Diese Webseite verwendet Cookies. Wenn Sie auf der Seite weitersurfen, stimmen Sie der Cookie-Nutzung zu.","This website uses cookies. If you stay on this site you accept the usage of cookies.","This website uses cookies. If you stay on this site you accept the usage of cookies.","This website uses cookies. If you stay on this site you accept the usage of cookies.","","This website uses cookies. If you stay on this site you accept the usage of cookies.",""
